titulo,data_publicacao,url,texto
"Mourinho corneta prêmio de craque do jogo para Valverde em vez de Courtois: ""Quem decide estava dormindo""",,https://ge.globo.com/futebol/futebol-internacional/noticia/2026/09/09/mourinho-corneta-premio-de-craque-do-jogo-para-valverde-em-vez-de-courtois-quem-decide-estava-dormindo.ghtml,"Real Madrid 2 x 1 Inter de Milão | Melhores momentos | 1ª rodada | Champions League O Real Madrid estreou na Champions League com vitória por 2 a 1 sobre a Inter de Milão nesta terça-feira, mas foi muito pressionado nos dois tempos. O goleiro Courtois teve grande atuação e fez sete defesas, algumas delas impressionantes, porém a Uefa elegeu Valverde, autor do segundo gol dos espanhóis, o melhor em campo. José Mourinho, com a acidez que lhe é peculiar, ironizou a decisão. UEFA Champions League - Courtois foi o melhor do Real Madrid contra a Inter de Milão de Lautaro Martínez — Foto: REUTERS/Violeta Santos Moura - Um jogo maluco, uma loucura que eu não gosto. Prefiro muito mais poder marcar cinco, seis ou sete, mas ter o controle absoluto e não necessitar de um goleiro absolutamente incrível. No jogo de hoje, quem decide o melhor em campo estava dormindo. Porque se não deram o prêmio a Courtois, não vai ser o melhor em campo nunca. Sem tirar o mérito de Fede (Valverde), que foi eleito. Valverde, que ficou com o troféu de craque da partida, tratou de dividi-lo com Courtois. - Fizemos um grande primeiro tempo. Sobre esse prêmio, Thibaut (Courtois) tem muito mérito. Hoje nos salvou, teve uma atuação tremenda, e esse prêmio é dele também. Valverde foi eleito o melhor em campo na vitória do Real Madrid sobre a Inter de Milão — Foto: Divulgação/Real Madrid Mbappé fez o outro gol do Real Madrid contra os italianos, e o brasileiro Carlos Augusto descontou. O time de José Mourinho volta a jogar no sábado, contra o Rayo Vallecano, às 16h (de Brasília), por LaLiga. O próximo compromisso na Champions League está marcado para 14 de outubro, no mesmo horário, contra a Roma, na Itália."
"Atuações do Atlético-MG: Fred erra em gol, e Delfim se salva em derrota contra o Santos",,https://ge.globo.com/futebol/times/atletico-mg/noticia/2026/09/09/atuacoes-do-atletico-mg-fred-erra-em-gol-e-delfim-se-salva-em-derrota-contra-o-santos.ghtml,"O Atlético-MG não jogou bem e acabou derrotado pelo Santos por 2 a 0, na Vila Belmiro, nesta noite de quarta-feira, pelo duelo de ida das quartas de final da Conmebol Sul-Americana. Arão e Oliva marcaram os gols da partida. O segundo tempo marcou uma queda técnica da equipe de Domínguez, que desmoronou. O goleiro Delfim foi um dos poucos que se salvou. Fez defesas importantes e evitou um placar maior. Fred cometeu erros importantes e influenciou o resultado. Dê sua nota. Fez uma boa defesa no primeiro tempo. Contudo, cometeu um erro que originou o escanteio do primeiro gol do Santos. Cresceu na segunda etapa e fez defesas importantes, em sequência. Adiou o segundo gol do Peixe, mas não conseguiu evitar. Não teve culpa. Uma boa partida do goleiro. Não somou tanto no corredor e sofreu na marcação. Perdeu boa parte dos duelos defensivos. Entrou para dar mais agressividade ao setor ofensivo. Novidade no time, o zagueiro sentiu a falta de ritmo. Poderia estar melhor posicionado no lance do primeiro gol do Santos. Cometeu erros no segundo tempo. Forçou um recuo desnecessário para um goleiro que não tem tanta qualidade no pé. Não passou segurança na área. Boas chegadas no ataque e finalizações perigosas. Erros técnicos na marcação. Um jogo tímido e sem tanta participação para organizar o meio. Entrou para melhorar o meio na parte técnica. Um jogo equilibrado. Dificuldade em progredir com a posse e em proteger sem a bola. Somou pouco ao time. Foi quem procurou mais o jogo durante os primeiros 45 minutos. Conseguiu uma boa finalização. No segundo tempo, caiu de nível e cometeu erros graves. Um deles resultou no gol do Santos. Problemas na marcação e pouca contribuição na saída de bola. Dificuldade técnica durante o primeiro tempo. Foi substituído no início do segundo tempo. Entrou para dar maior mobilidade ao meio, mas não impactou tanto. Sem aparecer no primeiro tempo. Continuou sem finalizar na segunda etapa. Segue o jejum de gols no time. São 17 partidas sem marcar. Entrou na vaga de Cassierra no segundo tempo. Sem destaque. Atlético-MG X Santos - Copa Sul-Americana 2026 - Quartas de final Avalie os atletas para aparecer no compartilhamento Gabriel Delfim Atlético-MG — Foto: Pedro Souza"
Análise: Fluminense se impõe e dá bom primeiro passo por vaga na semifinal da Libertadores,,https://ge.globo.com/futebol/times/fluminense/noticia/2026/09/09/analise-fluminense-se-impoe-e-da-bom-primeiro-passo-por-vaga-na-semifinal-da-libertadores.ghtml,"Fluminense 2 x 0 Platense | Melhores Momentos | Conmebol Libertadores O Fluminense se aproximou de uma vaga na semifinal da Libertadores de 2026 com a vitória por 2 a 0 sobre o Platense, no jogo de ida das quartas de final, no Maracanã. Apesar do bom resultado, ao apito final ficou a sensação foi de que a vantagem poderia até ter sido maior. Especialmente pelo que a equipe apresentou nos primeiros 45 minutos. Jogando em casa, o time de Marcão se impôs desde o início. Com controle da bola e pressão no campo de ataque, tentou criar chances, mas encontrou pela frente uma defesa forte e bem postada. Marcão analisa vitória do Fluminense na Libertadores: ""Grande primeiro tempo"" Os tricolores entraram em campo conscientes da importância da partida, e um grande exemplo disso foi justamente o primeiro gol. Ganso roubou a bola na lateral esquerda do campo de defesa, evitou a saída e acionou Soteldo, que tocou de primeira para Hulk. O centroavante lançou Nonato nas costas da defesa para, cara a cara com Cozzani, abrir o placar. Foi um gol que fugiu do plano inicial do Fluminense e do roteiro da partida até então. Em um contra-ataque rápido, a equipe aproveitou a inteligência de seus jogadores para superar a marcação adversária, já que na troca de passes encontrava dificuldades para furar a defesa. A pausa técnica permitiu a Marcão fazer ajustes, e o que se viu em campo depois disso foi mais próximo do roteiro que estava previsto. Assim, a vantagem foi ampliada. A bola circulou de pé em pé até Ganso encontrar um passe genial para Hulk, livre na área, marcar o segundo gol aos 31 minutos. A diferença técnica entre os dois times era clara e se traduzia em campo. A superioridade do Fluminense foi mantida ao longo dos 90 minutos, mas não se converteu em novas grandes oportunidades. Muito por erros do próprio time em passes e finalizações. A equipe teve dificuldades para acelerar o jogo e encontrar espaços na defesa do Platense, especialmente após o intervalo. À medida que Ganso passou a sentir o desgaste físico, o controle da partida diminuiu, e o confronto ficou mais aberto, com trocas de ataques entre os dois times. A entrada de Lucho no lugar do camisa 10 foi uma tentativa de Marcão de recuperar o domínio da partida, mas não teve sucesso. Isso ocorreu tanto pela má fase do argentino quanto por suas características. No fim, Hércules e Savarino entraram com o mesmo objetivo. O volante contribuiu para aumentar o controle do meio-campo, mas o venezuelano teve menos impacto, também em razão de seu momento técnico. O Fluminense larga em vantagem e tem boas chances de voltar de Buenos Aires com uma vaga na semifinal da Libertadores. Ainda assim, deixa a sensação de que poderia ter vida mais tranquila na próxima terça-feira. Hulk comemora em Fluminense x Platense — Foto: André Durão"
"Flamengo festeja indicação ao prêmio de clube do ano na Bola de Ouro: ""Reconhecimento mundial"", diz Arrascaeta",,https://ge.globo.com/futebol/times/flamengo/noticia/2026/09/08/flamengo-festeja-indicacao-ao-premio-de-clube-do-ano-na-bola-de-ouro-reconhecimento-mundial-diz-arrascaeta.ghtml,"Flamengo é indicado ao prêmio de melhor clube masculino da Bola de Ouro A divulgação da lista de indicados aos prêmios da France Football movimentou os bastidores do Ninho do Urubu. Pela primeira vez figurando na prestigiada nomeação para a categoria de Melhor Clube do Ano na Bola de Ouro, o Flamengo é o único representante fora do continente europeu na disputa, lado a lado a potências como Paris Saint-Germain, Arsenal e Bayern de Munique. No clube, o clima foi de celebração e reconhecimento pelo desempenho recente nas competições nacionais e continentais. Comemoração Flamengo campeão da Libertadores — Foto: REUTERS/Sebastian Castaneda O técnico Leonardo Jardim celebrou o impacto da nomeação e fez questão de dividir o mérito com elenco e funcionários. — Estar no grupo dos melhores e ser selecionado para o Bola de Ouro de clubes é um prêmio com muito impacto no mundo do futebol. Com certeza, eu como treinador é uma enorme satisfação neste momento estar a trabalhar para o Flamengo . Quero parabenizar todos aqueles que nas diversas áreas ajudaram o clube a chegar a este nível. É um reconhecimento internacional do trabalho desenvolvido no Flamengo , também é uma mensagem extremamente forte para os nossos torcedores saber que o nosso clube é um dos mais representativos do mundo. Para já é um orgulho muito grande fazer parte disto. - disse o treinador O Diretor de futebol, José Boto destacou a importância do feito e cita legado. — Para já é um orgulho muito grande fazer parte disto. Isto é um prêmio muito importante, para os europeus tem mais importância que o prêmio da FIFA, e um clube sul-americano ser nomeado para este prêmio é uma honra para todos nós que trabalhamos aqui no futebol do Flamengo . É uma honra para esta gestão do presidente Bap, é também uma honra e deve-se também ao trabalho do Filipe Luís e agora ao nosso trabalho aqui, de todos nós, daqueles que dão a cara mas daqueles também que não se vêem e que fazem com que o Flamengo hoje tenha standards de clube europeu. O facto de ter sido nomeado já é um prêmio para o clube. - afirmou o Boto. Luiza Sá mostra detalhes do treino do Flamengo em Quito | Voz do Setorista Arrascaeta, capitão e camisa 10 do time, também festejou o feito inédito. — É um reconhecimento a nível mundial, um privilégio muito grande. Acredito que todo torcedor tem que se sentir orgulhoso do clube estar representado num prêmio dessa magnitude.É motivo de orgulho para todos nós que trabalhamos no dia a dia e mostra que o Flamengo está no caminho certo. Muito feliz, né? Acho que é uma honra muito grande A presença na premiação sela o projeto esportivo rubro-negro no cenário global. A entrega do troféu de Clube do Ano ocorrerá durante a cerimônia da Bola de Ouro, reunindo os principais astros e dirigentes do futebol mundial, no dia 26 de outubro, em Londres."
Barra elimina o Internacional na primeira fase da Copa do Brasil Sub-20,,https://ge.globo.com/sc/futebol/noticia/2026/09/09/barra-elimina-o-internacional-na-primeira-fase-da-copa-do-brasil-sub-20.ghtml,"O Barra venceu o Internacional por 1 a 0 e avançou para a segunda fase da Copa do Brasil Sub-20 nesta quarta-feira. O duelo foi disputado no CT Morada dos Quero-Queros, em Alvorada (RS). Barra 1 x 0 Internacional - Copa do Brasil Sub-20 — Foto: Tiago Winter/Barra FC O gol da vitória foi marcado por Marcelo, na reta final da partida, garantindo a vaga para o clube. Na próxima fase, o clube faz duelo catarinense contra o Criciúma, que eliminou o Cascavel. Esta fase é disputada em jogo único. A edição deste ano da Copa do Brasil Sub-20 passou por uma mudança importante. A competição conta o dobro de participantes, de 32 para 64 clubes. Internacional 0 x 1 Barra - Copa do Brasil Sub-20 — Foto: Tiago Winter/Barra FC"
"Marcão prega cautela ao Fluminense em jogo na Argentina e elogia atuação de Ganso: ""Decisivo""",,https://ge.globo.com/futebol/times/fluminense/noticia/2026/09/08/marcao-analisa-vitoria-do-fluminense-sobre-o-platense.ghtml,"Fluminense 2 x 0 Platense | Melhores Momentos | Conmebol Libertadores O Fluminense venceu o Platense por 2 a 0, nesta terça-feira, e abriu uma boa vantagem em busca de uma vaga na semifinal da Libertadores . Depois de um primeiro tempo de domínio e dois gols, a equipe perdeu intensidade e sofreu alguma pressão da equipe argentina. Ao fim do jogo, o técnico Marcão destacou o bom desempenho no início e analisou a queda de rendimento. Marcão prega respeito ao Platense e elogia de Ganso: ""Decisivo"" — Fizemos um grande primeiro tempo. Criamos variações em cima do que a gente tinha treinado. A gente sabia que a equipe deles ia tentar responder. Mudaram a pressão, foram encaixando. No segundo tempo, tivemos dificuldade. Nossa conversa era manter o controle, mas ficou uma trocação que não é boa. Precisamos entender o que ocorreu no segundo tempo para que no jogo da volta a gente possa corrigir — completou. Marcão em Fluminense x Platense — Foto: André Durão Um dos destaques do Fluminense na partida foi o meia Ganso. Ele contribuiu com desarmes e, principalmente, na construção das jogadas de ataque — participou dos dois gols, inclusive. O meia deixou o jogo no início do segundo tempo. Segundo Marcão, a mudança foi feita para poupá-lo, devido ao desgaste acumulado no clássico com o Vasco no fim de semana. Sua saída, porém, coincidiu com a queda de rendimento da equipe. Marcão analisa vitória do Fluminense na Libertadores: ""Grande primeiro tempo"" — (Ganso) Foi muito importante e decisivo. Temos achar uma maneira de, quando a gente perde o Paulo, ter aceleração do Lucho, um jogo mais direto, que funcionou no jogo passado. Temos que saber qual jogo acelerar, quando controlar. Quando entraram Lucho e Savarino, a gente perdeu um pouco desse controle. A gente tem que achar esse equilíbrio para a partida de volta — comentouo técnico. , O jogo de volta está marcado para a próxima terça-feira, em Buenos Aires. E o Fluminense vai à Argentina podendo perder por até um gol para ficar com a vaga. Marcão elogia e analisa atuação de Hulk: ""Veio para fazer isso"" — A gente veio de um jogo bastante difícil pelo Brasileiro. Pouco tempo de descanso, mas assumimos o risco. Falando de Ganso, a ideia é clara. Para a equipe que a gente quer: ter o controle do jogo. Saber o que está fazendo, aproximar as linhas. Por isso, a gente trouxe o Ganso. Foi muito importante e decisivo. Temos achar uma maneira de, quando a gente perde o Paulo, ter aceleração do Lucho, um jogo mais direto, que funcionou no jogo passado. Temos que saber qual jogo acelerar, quando controlar. Quando entrou o Lucho e o Savarino a gente pediu um pouco desse controle. A gente tem que achar esse equilíbrio para a partida de volta. — A gente simula em treinamento variações. O Paulo faz muito bem isso, tira o jogador de centro, cria espaço e aproveita. Eles mudaram a marcação, virou um 4-1-3-2. A gente analisa o que o adversário faz, o que podemos fazer e temos jogadores talentosos para fazer isso. — Soteldo vem numa crescente muito boa. Eu já tinha conversado com ele. Ele, falou da dificuldade do campo. De ter controle. Não estava em uma noite inspirada, mas segura dois. jogadores quando pega na bola. No momento que pensei em fazer a mudança, ele cresceu, fez uma jogada e deixei pra ver se conseguíamos trazer pro jogo. Quando senti que tinha baixado um pouco, coloquei o Savarino pra ter o controle. Veio treinando bem, está limpo, bem fisicamente. Podia ser o Riquelme, no outro jogo foi ele, nesse, foi o Savarino. Podia entrar o Júlio também, mas o Serna estava ajudando a dobra no Guga. — O Hulk é isso que vocês estão vendo. Veio para fazer isso, ajudar os nossos jogadores em momento de definição. Tudo que pedimos, ele vem fazendo. Um jogo apoiado, controlado e ele faz bem isso. A gente queria tirar esse jogo de trocas, com nossas linhas próximas. Ele vem dentro, ataca espaço, nosso time está bem compacto e facilita o jogo dele. — A gente sabe que em algum momento do jogo o adversário vai ter o controle. Temos que saber nos defender. Em algum momento, eles pressionaram, criaram dificuldade e a gente teve que baixar as linhas. — Thiago só não jogou contra o Vasco porque estava com desconforto e resolvemos não assumir esse risco. Acabamos perdendo o Ignácio. Jogo forte de muita intensidade e resolvemos segurar. Vamos analisar com nossa fisiologia. Martinelli sentiu hoje um pouco também. Vamos analisar quem está bem para esse jogo de sábado. É um intervalo muito curto de sábado para terça. Marcão comenta janela do Fluminense: ""Confio no grupo que temos"" — Eu não gosto de falar disso. Tem muito trabalho dia a dia pensando no jogo. A única coisa que eu falo com o presidente é que se for vir alguém para agregar, que venha e nos ajude. Mas não fico batendo nessa tecla. Nosso grupo é maravilhoso, se dedicando no dia a dia e confio muito neles. Crescimento da equipe com a volta de Ganso e Hulk — São dois jogadores gigantes e campeões por onde passaram. Eu gosto do estilo de jogo deles. Naquele momento precisava de um jogador como o Paulo para o nosso estilo, mais posse e apoiado. Em um momento a gente estava fazendo muitas trocas com o adversário e o resultado não estava vindo. O Paulo me trouxe o controle. Quando a gente perdeu o controle, falamos na parada técnica e recuperamos. Conseguimos controlar o jogo, rodar a bola e fazer o segundo gol que foi belíssimo. É isso que a gente pede, ter a bola, controlar e nisso eles ajudam muito"
Santa Fe 0 x 0 Vasco: veja os melhores momentos,,https://ge.globo.com/futebol/times/vasco/noticia/2026/09/08/santa-fe-0-x-0-vasco-veja-os-melhores-momentos.ghtml,"O Vasco empatou com o Independiente Santa Fe, em Bogotá, na Colômbia, na partida de ida das quartas de final da Sul-Americana, nesta noite de terça-feira. Os dois times voltam a se enfrentar na próxima terça-feira (15/9), em São Januário, para definir quem avança à semifinal da competição. Nuno Moreira duela com Obrian em Santa Fe 0 x 0 Vasco — Foto: Sergio Acero/Reuters"
"Análise: São Paulo perde chances, cai no segundo tempo e sai atrás contra o Boca",,https://ge.globo.com/futebol/times/sao-paulo/noticia/2026/09/09/analise-sao-paulo-perde-chances-cai-no-segundo-tempo-e-sai-atras-contra-o-boca.ghtml,"“São Paulo vivo na Sula-Americana"", afirma Caio | A Voz da Torcida O São Paulo saiu atrás por uma vaga na semifinal da Copa Sul-Americana ao perder por 1 a 0 para o Boca Juniors na noite da última terça-feira, na Bombonera. A história poderia ser diferente se o time tivesse aproveitado o bom momento dos primeiros 45 minutos e as chances criadas. O time de Dorival Júnior iniciou a partida dando continuidade ao bom jogo que fez na vitória sobre o Atlético-MG, marcando alto e sem liberdade para o adversário sair jogando. No entanto, teve menos assertividade ofensiva do que na partida pelo Brasileirão. Mesmo conseguindo criar menos chances, o Tricolor poderia ter aberto o placar duas vezes. A primeira chance surge justamente em pressão alta que força o erro de passe e a bola sobra com Iago, que cruza na medida para Luciano, sozinho, cabecear para grande defesa de Álvaro Montero. Veja a entrevista do técnico Dorival Júnior depois da derrota do São Paulo para o Boca Juniors Depois, em mais uma boa jogada pela esquerda, Calleri recebeu de frente para o gol e dentro da área, mas finalizou muito mal. Nesta altura, o jogo já estava corrido, com intensas trocas de posse de bola e muita marcação dos dois lados. Mas, se o São Paulo não soube aproveitar suas chances, o Boca soube. Os argentinos voltaram melhor para o segundo tempo e o Tricolor não conseguiu manter o ritmo da marcação alta. Em boa jogada pela esquerda, aproveitando a partida abaixo de Lucas Ramon defensivamente, o Boca chegou ao seu gol em grande jogada de Merentiel, que dominou tirando a marcação e ainda contou com o rebote de Rafael sobrando em seus pés para marcar. Mais do São Paulo : + Dorival cita descuido do São Paulo em gol do Boca e lamenta ausência de Calleri na volta + Atuações: Arboleda é o melhor em derrota do São Paulo para o Boca; dê suas notas O São Paulo seguiu com problemas para encontrar espaços para criar jogadas. Luciano sentiu e saiu para a entrada de Gustavo Santana, o que aumentou a movimentação no ataque, mas não foi suficiente. Com Calleri e Marcos Antônio sumidos e Artur sendo menos efetivo do que de costume, o Tricolor não conseguiu voltar a criar chances claras de gol. No jogo de volta, o São Paulo já sabe de duas coisas: vai precisar de gols e não terá Calleri, suspenso, à disposição. Luciano, que sentiu e foi substituído, é dúvida. A esperança do torcedor pode ir parar nos pés do jovem Gustavo Santana. Pelas chances perdidas no jogo de ida e pelo que o garoto de 20 anos demonstrou até aqui, a vaga está longe de estar perdida se o São Paulo depender dele... Gustavo Santana em Boca Juniors x São Paulo — Foto: Rubens Chiri / São Paulo FC"
Final única da Copa do Brasil 2026 será em Brasília,,https://ge.globo.com/futebol/copa-do-brasil/noticia/2026/09/09/final-unica-da-copa-do-brasil-2026-sera-em-brasilia.ghtml,"Final da Copa do Brasil será no Estádio Mané Garrincha, em Brasília A CBF vai anunciar nesta quinta-feira Brasília como sede da primeira final única da Copa do Brasil masculina. A Arena Mané Garrincha recebe a decisão, no dia 6 de dezembro . Esporte Espetacular acompanha clássicos das quartas da Copa do Brasil Pelas semifinais, Atlético-MG e Grêmio se enfrentam numa chave, e Palmeiras e Vasco, na outra. O sorteio de mando de campo das semis também será na quinta-feira, às 11h, na sede da CBF . A CBF anunciou a adoção da final única para a Copa do Brasil no fim do ano passado. Em 38 edições, será a primeira vez que a competição terá uma decisão em apenas um jogo. Maurício Saraiva analisa a eliminação do Inter para o Grêmio na Copa do Brasil O governo do Distrito Federal enviou um ofício à CBF em agosto para oferecer o Estádio Mané Garrincha como possível sede da final da Copa do Brasil deste ano. A capital federal tem rede hoteleira e acesso mais viável para vias rodoviárias e aéreas. No documento enviado ao presidente da CBF, Samir Xaud, o governo do DF afirmou que Brasília reúne ""condições estruturais, logísticas e institucionais plenamente compatíveis com a dimensão esportiva, econômica e simbólica da principal competição eliminatória do futebol brasileiro"". Mané Garrincha vai receber a final da Copa do Brasil — Foto: Felipe Ruiz A CBF já escolheu o Mané Garrincha para sediar quatro finais únicas da Supercopa do Brasil desde 2020, quando a competição voltou a ser disputada. O estádio foi palco dos títulos do Flamengo, em 2020 e 2021, do Palmeiras, em 2023, e do Corinthians, em 2026. Além do Mané Garrincha, outros estádios escolhidos pela CBF para sediar a Supercopa foram a Arena Pantanal, em 2022, o Mineirão, em 2024, e o Mangueirão, em 2025. Mandos de campo das semis da Copa do Brasil serão sorteados na quinta — Foto: Rafael Ribeiro/CBF"
"Mourinho pede respeito a Vini Jr. após vaias: ""Não está na melhor forma, mas dá tudo de si""",,https://ge.globo.com/futebol/futebol-internacional/noticia/2026/09/08/mourinho-pede-respeito-a-vini-jr-apos-vaias-nao-esta-na-melhor-forma-mas-da-tudo-de-si.ghtml,"Real Madrid 2 x 1 Inter de Milão | Melhores momentos | 1ª rodada | Champions League Vini Jr. foi substituído sob um misto de vaias e aplausos no Santiago Bernabéu, onde o Real Madrid venceu por 2 a 1 o Inter de Milão, nesta terça-feira, em jogo que marcou a estreia dos espanhóis na Champions League 2026/27. UEFA Champions League - Real Madrid x Inter de Milão: Vini Jr. e Bellingham no hino do torneio — Foto: REUTERS/Violeta Santos Moura Quando começou a se encaminhar lentamente para a linha lateral - o que ocasionou que seu substituto, Carreras, fosse impedido de entrar por um minuto -, Vini ouviu algumas vaias, mas José Mourinho reagiu pedindo aplausos, e o próprio atleta devolveu palmas à arquibancada ao receber o apoio incentivado pelo treinador. Vini Jr. renova com o Real Madrid até 2032 Sobre as críticas depois de uma partida em que a Inter fez muita pressão e teve muita posse de bola especialmente durante o primeiro tempo, o português classificou o duelo com os italianos como ""louco"" e pediu menos críticas. Defendeu também o time ao falar do gol de Valverde, marcado em falha grosseira do goleiro Josep Martínez, que permitiu o desarme do uruguaio. - Prefiro dizer que foi um jogo louco, tantas vezes há críticas quando é um jogo chato, hoje, que foi louco, poderia ter terminado em 7 a 6. Tínhamos a zona central debilitada, eles mudaram jogadores muito rapidamente. Quando vi que os jogadores estavam em situação difícil, mexi no time, mas acredito que os jogadores fizeram um grande trabalho. - Chato o jogo não foi, tivemos a chance de fazer 3 a 0 no fim do primeiro tempo, mas estou de acordo que os nossos gols saíram de erros deles, mas quero dar crédito aos meus porque se treina a pressão, o gol do Valverde se trabalha. Que não sejam apenas críticas."
Análise: Cuiabá corrige problemas e constrói vitória com autoridade,,https://ge.globo.com/mt/futebol/times/cuiaba/noticia/2026/09/09/analise-cuiaba-corrige-problemas-e-constroi-vitoria-com-autoridade.ghtml,"Cuiabá 3 x 0 Athletic | 27ª rodada | Campeonato Brasileiro Série B 2026 O Cuiabá venceu o Athletic por 3 a 0 nesta terça-feira, na Arena Pantanal, pela 27ª rodada da Série B . Foi a quarta vitória nos últimos seis jogos. O início foi o principal ponto de atenção. O Cuiabá deixou espaços pelo setor central e permitiu que o Athletic criasse nos primeiros 20 minutos. Carlinhos saiu na frente de João Carlos, mas finalizou mal. Depois, João Miguel também levou perigo em uma cabeçada. Eduardo Barros ajustou o posicionamento do meio de campo, e a equipe passou a ocupar melhor os espaços. O time terminou a primeira etapa com 56% de posse de bola e abriu o placar aos 37 minutos. Igor Inocêncio lançou Kauan Cristtyan, que cruzou rasteiro para Fábio Gomes finalizar. Mais: + Cuiabá vence o Athletic Club por 3 a 0 na Arena Pantanal Fábio Gomes comemora gol que abriu o placar — Foto: AssCom Dourado No segundo tempo, o Cuiabá adotou uma postura mais reativa. O Athletic passou a ter mais a bola, mas encontrou dificuldade para transformar a posse em chances claras. O time da casa, por outro lado, aproveitou os espaços quando recuperou a bola e acelerou as jogadas. Jean Dias teve participação importante no setor ofensivo. Antes de marcar, já havia criado duas boas oportunidades, incluindo uma finalização forte que exigiu defesa de Luan Polli em dois tempos. Depois do terceiro gol, o Cuiabá reduziu o ritmo e administrou a vantagem. O time mato-grossense terminou com 11 finalizações, contra sete do adversário, e 18 desarmes, contra 11. Mesmo com 45% de posse de bola no jogo, conseguiu ser mais efetivo nas ações ofensivas. A evolução no ataque aparece principalmente na forma como o time passou a aproveitar melhor as transições e os espaços deixados pelos adversários. O Cuiabá tem conseguido acelerar as jogadas após recuperar a bola, utilizar inversões para mudar o lado do ataque e chegar com mais jogadores ao último terço. No primeiro gol, o Cuiabá estava com quatro jogadores dentro da área contra quatro do Athletic. No segundo, eram quatro do Cuiabá contra cinco do Athletic. No terceiro, Jean Dias invadiu a área com um zagueiro tentando acompanhá-lo, enquanto outro estava na sobra, mas Fábio Gomes também dava opção de passe. Veja imagem do primeiro gol abaixo: Jogada do primeiro gol do Cuiabá contra o Athletic Club — Foto: ESPN São 12 gols em oito jogos. O ataque ainda tem números baixos no acumulado da competição, mas o desempenho recente mostra uma mudança no comportamento ofensivo do time, que passou a aproveitar melhor as oportunidades após a chegada dos reforços. No mesmo período, o Cuiabá soma quatro vitórias, três empates e uma derrota, com sete gols sofridos. No campeonato, são 21 gols sofridos em 27 partidas, marca que coloca o time ao lado do Criciúma na segunda melhor defesa da Série B. Com cinco jogos ainda em casa, o time chega em sequência positiva e com condições de seguir na disputa por uma vaga no G6. Cuiabá venceu o Athletic por 3 a 0 na Arena Pantanal — Foto: AssCom Dourado"
Cristiano Ronaldo marca em vitória do Al-Nassr e fica a 21 gols do milésimo,,https://ge.globo.com/futebol/futebol-internacional/noticia/2026/09/09/cristiano-ronaldo-marca-em-vitoria-do-al-nassr-e-fica-a-21-gols-do-milesimo.ghtml,"A distância entre Cristiano Ronaldo e o milésimo gol segue diminuindo. O craque português balançou as redes mais uma vez nesta quarta-feira, na vitória do Al-Nassr sobre o Abha, por 2 a 1, em casa, pelo Campeonato Saudita. CR7 abriu o placar e chegou a 979 gols na carreira, ficando a 21 do gol 1.000. Al-Hamdan também marcou para os donos da casa, e Fékir diminuiu para os visitantes. Cristiano Ronaldo celebra gol em vitória do Al-Nassr — Foto: Reuters O gol saiu em uma das especialidades do astro, mesmo aos 41 anos. Após cobrança de escanteio pela direita, Cristiano Ronaldo subiu bem entre os marcadores e testou firme, no canto e sem chances para o goleiro adversário, aos 21 do primeiro tempo. Foi o terceiro gol de Cristiano Ronaldo em cinco partidas na temporada 2026/27, iniciada após a última Copa do Mundo da carreira do craque de 41 anos. O camisa 7 também marcou diante do Al-Riyadh e do Al-Taawoun - passou em branco contra Al-Ettifaq e Al-Ittihad. Cristiano Ronaldo celebra gol em vitória do Al-Nassr — Foto: Reuters Esta é a quinta vitória do Al-Nassr em cinco rodadas do Campeonato Saudita 2026/27. A equipe, que agora é comandada por Ange Postecoglou, tem 15 pontos, mas está na segunda colocação da competição, atrás do Al-Hilal, que também venceu seus cinco primeiros jogos e leva vantagem no saldo de gols: 12 a 10."
"Ancelotti defende jovens na 1ª lista após a Copa, mas não descarta veteranos: ""Porta está aberta""",,https://ge.globo.com/futebol/copa-do-mundo/noticia/2026/09/09/ancelotti-defende-apostas-na-primeira-convocacao-apos-a-copa-e-uma-lista-equilibrada.ghtml,"Carlo Ancelotti sobre renovação da Seleção: ""Priorizar jovens para a próxima Copa"" Carlo Ancelotti divulgou nesta quarta-feira uma lista de convocados para a seleção brasileira repleta de surpresas, com oito estreantes e nomes que até o momento receberam poucas oportunidades com a amarelinha. Na entrevista coletiva, o treinador defendeu a presença de apostas na convocação. - Está é uma lista equilibrada. Jogadores que estiveram na Copa que vão ser importantes para a próxima geração. Temos jovens que têm qualidade para representar o futuro da Seleção. Temos jogadores que agora estão bem no Brasileiro e outros com idade olímpica. Estamos compartilhando o treinador da sub-17 e sub-20. Nesse momento precisamos priorizar o jovem que tem qualidade para estar na próxima Copa e Copa América - disse o treinador. Carlo Ancelotti convoca jogadores para amistosos contra Austrália e Índia Essa é a sétima convocação do Ancelotti, a primeira depois da Copa do Mundo 2026. O Brasil enfrentará a Austrália no dia 25 de setembro, no Queensland Country Bank Stadium, em Townsville, e no dia 29, no Suncorp Stadium, em Brisbane. Na sequência, a delegação seguirá para a Índia. No dia 3 de outubro, o Brasil enfrentará a seleção indiana no Salt Lake Stadium, em Calcutá. Será o primeiro confronto da história entre as seleções principais dos dois países. Apesar de focar nos jovens nessa etapa do trabalho, Ancelotti garantiu que ""a porta está aberta a todos"". - Primeiro, agradecer aos jogadores que já tomaram a decisão de não estar com a Seleção no futuro, agradecer a eles pelo compromisso de quando estiveram conosco. E para todos os outros não há porta fechada, a porta está aberta a todos. Lógico que agora eu prefiro focar meu trabalho com os jovens e acompanhar o progresso deles - disse ele. Carlo Ancelotti, convocação da Seleção Brasileira — Foto: André Durão Ancelotti convocou 10 jogadores que atuam no futebol brasileiro: Hugo Souza (Corinthians), Pedro Morisco (Coritiba), Otávio (Cruzeiro), Arthur Dias (Athletico-PR), Matheuzinho (Corinthians), Breno Bidon (Corinthians), Danilo (Botafogo), Gabriel Bontempo (Santos), Pedro (Flamengo) e Samuel Lino (Flamengo). - A verdade é que estamos vendo todos os campeonatos e todos os jogadores brasileiros. Agora alguns jogadores do Brasil estão em condição física melhor porque o Campeonato Brasileiro está mais adiantado que outras ligas, mas não estamos priorizando jogadores que atuam no Brasil. Os jogadores que chamei do Brasileirão estão bem e podem ajudar a Seleção. Também há jovens que não conheço, têm potencial e precisamos dizer a eles que estamos observando, precisamos preparar uma nova geração de jogadores para a Seleção - disse Ancelotti. O que quis dizer com ""objetivo dos clubes é diferente dos objetivos da Seleção""? - Falar nome não me parece correto, mas você conhece muito bem jogadores... Eu acho que jogadores que podem ser muito importantes para o futuro da Seleção, a CBF tem que cuidar dessa progressão, não podemos esperar que o clube vá colocar um jogador para jogar, temos que acompanhar essa evolução chamando o jogador e dar a ele a oportunidade de jogar. É isso o que vamos fazer. Ancelotti sobre carência no meio-campo: ""Colocar uma nova geração de jogadores"" - Sobre os goleiros, vale o mesmo que para os outros jogadores. Taffarel está avaliando os jovens agora, me parece que há outros também, não só no Campeonato Brasileiro, mas também na Europa. Me parece que Otávio está atuando muito bem no Cruzeiro, também o Morisco. O Hugo Souza eu já conheço. Não quer dizer que os outros estão excluídos. Alisson conhecemos muito bem. Quando chegar a competição, a próxima Copa América, se Alisson seguir sendo o melhor goleiro do Brasil ele vai jogar. Mas agora temos que priorizar isso, caras novas. Mauro Júnior, uma das surpresas na lista - Mauro Júnior é um lateral-esquerdo com característica bastante diferente dos outros, gosta de jogar por dentro, ofensivo, com qualidade. É um lateral-esquerdo que não conheço muito, estamos avaliando todos os laterais-esquerdos que estão na Europa. Temos boas opções, Kaiki que está no Como. Todos os laterais da lista larga têm perfil para estar conosco nas próximas convocações. Sobre Mauro Júnior, quero vê-lo de perto, me parece que tem um perfil muito interessante. - Acho que a Copa do Mundo foi uma decepção para nós, para mim, não tivemos a possibilidade de chegar onde esperávamos. A eliminação contra a Noruega nos decepcionou muito, lamentamos muito, porque até o minuto 60 desse jogo o time jogou bem. Tivemos dificuldade no primeiro tempo, mas depois, pouco a pouco, a equipe melhorou. A derrota contra a Noruega foi uma surpresa nesse aspecto, porque ninguém pensava em ser eliminado. Mas o esporte é assim. Depois, a reação de tudo isso a nível pessoal foi bastante complicada. Em um clube você tem a possibilidade de reagir cedo, tem um outro jogo, outra competição, aqui é muito mais complicado o período de dificuldades, a tristeza da derrota fica um pouco mais no coração. Ancelotti sobre convocação de jogadores veteranos: ""Ajudar na mudança de geração"" - Agora, temos a motivação, temos o tempo para preparar um novo ciclo, estar mais preparado para as próximas competições que virão. As qualidades do jogador brasileiro vão nos permitir preparar um bom grupo para as próximas competições. - Provamos nesse ano muitos centroavantes, agora creio que a situação está um pouco mais clara para todos, temos um par de jovens muito fortes que temos que acompanhar a evolução. Endrick e temos outros jovens que estão atuando bem, além de outros que não estão na lista. Estamos bem cobertos. Endrick acho que será um jogador importante para a Seleção no futuro. - Agora temos tempo para fazer as coisas com mais calma, tranquilidade, avaliar bem todos. A ideia é muito clara, colocar uma nova geração de futebolistas. Sim, podemos fazer um trabalho sem pressa, tomando a decisão mais correta para o futuro. Falando de qualidade, eu acho que nesse momento há algumas posições bem cobertas, no futuro não vamos ter problemas com a defesa e com atacantes. Temos que escolher meio-campistas. Nesse momento temos um pouco de carência no meio de campo, isso é óbvio, isso vai determinar também o modelo de jogo para o futuro da Seleção. - O modelo de jogo depende muito das características dos jogadores que você tem e de qualidade nesse momento. Todo mundo fala do modelo de jogo da Espanha, mas a Espanha pode propor esse modelo porque tem muitos meio-campistas. Espanha teve a sorte de ter uma geração de meio-campistas muito forte. Digo que o modelo de jogo depende das características que você tem. Quando você tem muitos bons defensores, muitos bons atacantes, fazer o jogo de controle de posição é muito mais complicado. Vai jogar com dois ou três homens no meio? - Algo mudou na Copa do Mundo, começamos a jogar com três meio-campistas, as lesões dos jogadores afetaram muito a estrutura da equipe. Mas quase todos jogadores dessa convocação são jogadores com as mesmas características. Breno, Bruno, Danilo, Gabriel Bontempo, quase todos têm características de serem 'box-to-box', menos Douglas Santos e Andrey Santos, que são mais posicionais. Não quero dizer que vamos jogar com dois ou com três, mas a qualidade desses meio-campistas nos permite jogar com dois ou com três. Carlo Ancelotti, convocação da Seleção Brasileira — Foto: André Durão - A decepção do torcedor é normal, a crítica é normal, quando você tem uma decepção é normal que tenha uma crítica, que o torcedor esteja desconfiado, mas depois disso é preciso seguir confiando. Não vamos ter amistosos, vamos ter jogos em que queremos mostrar a qualidade da equipe, a gana, a motivação, como sempre tentamos fazer quando jogamos pela Seleção. Pouco a pouco, teremos o torcedor perto de nós. - Escolhi esses jogadores, Marquinhos, Gabriel, Bruno, Vini, Raphinha para ajudarem nessa mudança de geração. Eles são jogadores muito importantes para o futuro, estamos certos que, por compromisso, seriedade, profissionalismo, eles vão ajudar o grupo dos jovens a melhorar e se prepararem para as próximas competições. Isso não significa que outros jogadores não vão estar. Priorizamos os jovens e a qualidade nesses amistosos para ter informação mais completa de todos os jogadores. Mas pode ser que quando chegue a competição os jogadores que hoje não estão nessa lista estejam na lista final das competições. A declaração de Thiago Silva ( que criticou a reformulação na Seleção ) - Nos parece que, para os objetivos que temos nesses amistosos, é uma lista equilibrada. Eu não olho, em geral, a idade dos jogadores. Agora é um momento para priorizar isso, os jovens que têm potencial e podem estar no futuro. Uma coisa é certa. O jogador de 34 ou 35 anos não vai ter futuro, é o presente. Se o jogador nessa idade está preparado para jogar uma competição importante, vai estar na Seleção. Mas agora a prioridade é essa, priorizar os jovens. A experiência do primeiro para o segundo ciclo - O primeiro ano, o primeiro ciclo foi bonito, que terminou mal com a decepção na Copa do Mundo. Para mim, era uma nova experiência, me encontrei muito bem, até por isso a decepção foi muito grande. Eu quero continuar, tenho gana de continuar, estou motivado para continuar e trabalhar bem nesses quatro anos. O treinador da Seleção não tem muito tempo, é normal, até a Copa do Mundo temos 16 datas Fifa, temos que aproveitar esse tempo para nos prepararmos bem, montar um coletivo forte. Temos a possibilidade de fazer isso."
"Ancelotti responde à crítica de Thiago Silva: ""É momento de priorizar os jovens""",,https://ge.globo.com/futebol/selecao-brasileira/noticia/2026/09/09/ancelotti-responde-declaracao-de-thiago-silva-prioridade-e-os-jovens.ghtml,"Ancelotti responde à crítica de Thiago Silva Carlo Ancelotti respondeu nesta quarta-feira à declaração de Thiago Silva. Na terça, o zagueiro do Fluminense havia criticado a reformulação promovida pelo treinador na Seleção . O técnico italiano disse que não olha para a idade dos jogadores, mas admitiu que priorizou os mais jovens neste momento. Thiago Silva critica Carlo Ancelotti por renovação da Seleção: ""Tem que ser passo a passo"" — Para os objetivos que temos nesses amistosos, é uma lista equilibrada. Eu não olho, em geral, a idade dos jogadores. Agora é um momento para priorizar isso, os jovens que têm potencial e podem estar no futuro. Uma coisa é certa. O jogador de 34 ou 35 anos não vai ter futuro, é o presente. Se o jogador nessa idade está preparado para jogar uma competição importante, vai estar na Seleção. Mas agora a prioridade é essa, priorizar os jovens — disse Ancelotti na convocação desta quarta. ""Eu tenho uma decepção nessa lista da Seleção"", diz Rizek Na terça, após a vitória do Fluminense sobre o Platense, Thiago Silva havia se manifestado da seguinte forma ao ser perguntado sobre a reformulação da Seleção. — Quer que eu minta ou fale a verdade? Você não pode descartar quem tem 31, 32, 33. Eu quase fui para a Copa com 41. Não pode descartar quem está vivendo um bom momento. Em Seleção Brasileira as coisas tem que ser devagar. Não pode tirar todo mundo e por novo. Tem que ser passo a passo — disse o zagueiro à Rádio Tupi. ""Está claro que o Ancelotti não está preocupado com camisa 10"", diz Ledio — É muito difícil ser jogador de seleção brasileira, é muito diferente de clube. Ele vem do futebol europeu que é mais fácil fazer. Aqui não funciona assim. Você precisa mudar e dar resultado. E, se possível, jogar bem. Eu não gosto desse tipo de mudança. Não concordo, porém ele que está no comando. Thiago Silva trabalhou diretamente com Ancelotti quando deixou o Fluminense para defender o Milan, em 2008. Ficaram juntos apenas por uma temporada antes de o italiano ser contratado pelo Chelsea e deixar Milão. Carlo Ancelotti ressalta que o momento é de testar jovens talentos O zagueiro construiu uma história longeva pela Seleção, mesmo sem ter conquistado o título mundial. Foram 113 partidas e sete gols pela principal, quatro Copas do Mundo disputadas e os títulos da Copa América (2019) e Copa das Confederações (2013). Ancelotti promoveu mudanças na lista para os amistosos contra Austrália e Índia. A convocação tem oito estreantes. Ancelotti sobre carência no meio-campo: ""Colocar uma nova geração de jogadores"" O Brasil enfrentará a Austrália duas vezes. A primeira no dia 25 de setembro, no Queensland Country Bank Stadium, em Townsville, e a segunda no dia 29, no Suncorp Stadium, em Brisbane. Ancelotti não descarta Alisson na Seleção, mas quer priorizar goleiros novos A Seleção jogará ainda contra a Índia no dia 3 de outubro, no Salt Lake Stadium, em Calcutá. Será o primeiro confronto na história entre as duas equipes. Carlo Ancelotti na coletiva de convocação da Seleção — Foto: André Durão A seleção brasileira terá mais dois compromissos neste ano, na data Fifa de novembro , quando disputará amistosos contra Japão e Singapura , sendo as duas partidas no Estádio Nacional de Singapura."
Atuações: Arboleda é o melhor em derrota do São Paulo para o Boca; dê suas notas,,https://ge.globo.com/futebol/times/sao-paulo/noticia/2026/09/08/atuacoes-arboleda-e-o-melhor-em-derrota-do-sao-paulo-para-o-boca-de-suas-notas.ghtml,"Sem culpa no gol, ainda fez uma defesaça no primeiro lance. Apareceu de forma segura em outros lances. Fez mais um jogo seguro defensivamente, mas errou mais passes do que de costume. Apareceu ofensivamente com boa finalização que quase terminou em gol. Fez uma partida muito segura, ganhando diversos duelos e fazendo boas coberturas como zagueiro da sobra. No lance do gol, o drible de Merentiel no domínio foi totalmente mérito do atacante. Mais um jogo como o menos seguro do trio defensivo. Perdeu alguns combates e escorregou em um lance que quase se tornou fatal. Oscilou muito durante o jogo. Teve bons momentos defensivos e ofensivos, mas também vacilos e erros bobos que não se pode ter em um jogo decisivo. Fez um jogo regular defensivamente, mas abaixo ofensivamente no trabalho de construção de jogo, errando passes que poderiam ser importantes. Sumido no jogo, não conseguiu organizar o time e ditar o ritmo da equipe na partida como costuma fazer, sabendo acelerar e diminuir a intensidade quando necessário. Sem isso, a partida se transformou em correria em diversos momentos, com a bola trocando de posse a todo momento. Tentou dar mais dinâmica ao meio-campo, mas esbarrou em um Boca mais postado defensivamente. Muito bem ofensivamente, tanto na pressão alta quanto nos passes e cruzamentos. Achou linda bola para Luciano que poderia ter se tornado assistência no primeiro tempo e seguiu apoiando bem na segunda etapa. Defensivamente fez um jogo regular, como o restante do time. Apareceu em diversas partes do campo para tentar a jogada, mas não teve sucesso. Ao contrário do jogo passado, não teve em Lucas Ramon um parceiro inspirado pela direita e sofreu com isso. Na única boa oportunidade que teve de finalizar dentro da área, pegou muito mal na bola e desperdiçou. Ajudou na marcação alta no primeiro tempo, mas participou pouco do jogo e ainda recebeu o cartão amarelo que o tira da partida de volta. Mais um jogo em que entra e não oferece nada de diferente ao jogo. Vive má fase. Teve a melhor chance do jogo ainda no primeiro tempo em cabeçada com liberdade, mas parou em grande defesa do goleiro. Depois disso, também participou pouco ofensivamente, apesar de ajudar bastante na marcação alta, a exemplo de Calleri. Se movimentou bastante, mas encontrou as mesmas dificuldades dos outros centroavantes em participar do jogo. Ainda encontrou uma bola que acionou Calleri, mas não entendeu a tabela e perdeu a chance de sair na cara do gol. Viu seu time jogar bem na primeira etapa, marcando alto e não deixando o Boca jogar. Poderia ter saído na frente na chance com Luciano que surge de uma pressão alta bem realizada. No entanto, não teve resposta na segunda etapa para a queda de rendimento do time. São Paulo X Boca Juniors - Copa Sul-Americana 2026 - Quartas de final Avalie os atletas para aparecer no compartilhamento “São Paulo vivo na Sul-Americana"", afirma Caio | A Voz da Torcida Boca Juniors x São Paulo, Copa Sul-Americana — Foto: REUTERS/Rodrigo Valle"
"Nonato dedica vitória e gol do Fluminense ao diretor Paulo Angioni, que está internado",,https://ge.globo.com/futebol/times/fluminense/noticia/2026/09/08/nonato-dedica-gol-e-vitoria-do-fluminense-ao-diretor-paulo-angioni-que-esta-internado.ghtml,"Fluminense 2 x 0 Platense | Melhores Momentos | Conmebol Libertadores Autor do gol que abriu caminho para a vitória por 2 a 0 sobre o Platense, nesta terça, no Maracanã, Nonato dedicou o gol e o resultado a Paulo Angioni. O diretor executivo de futebol do Fluminense está internado em um hospital no Rio de Janeiro para tratamento de câncer. - O mais importante é o time. Mas é muito importante para mim fazer um gol. Inclusive, eu queria dedicar ao Paulo Angioni, que provavelmente está nos assistindo. Queria desejar muita força nesse momento que ele está passando. Ele é um cara muito forte, que está sempre conosco. Queria mandar um beijão para ele e para a família. Estamos te esperando aqui de volta, seu Paulo. A gente não vê a hora de você estar de novo conosco no dia a dia - disse Nonato, à Espn. Nonato comemora o gol do Fluminense contra o Platense — Foto: André Durão Angioni, de 78 anos, está no Fluminense desde 2018, quando iniciou sua quarta passagem como dirigente do clube. Ele deixou a UTI nesta terça e segue internado em um hospital na Zona Sul do Rio de Janeiro. O Fluminense venceu o Platense por 2 a 0 nesta terça, no Maracanã, a abriu boa vantagem nas quartas de final da Libertadores. Os times voltam a se enfrentar na próxima terça, na Argentina."
Athletico x Racing pela final do Mundial de Clubes Juvenil: onde assistir e os detalhes do jogo,,https://ge.globo.com/pr/futebol/times/athletico-pr/noticia/2026/09/09/athletico-x-racing-pela-final-do-mundial-de-clubes-juvenil-onde-assistir-e-os-detalhes-do-jogo.ghtml,"Athletico está na final do Mundial de Clubes Juvenil O Mundial de Clubes Juvenil não é organizado pela FIFA, mas vem se consolidando no calendário de base. A competição é disputada desde 2005 e está na 17ª edição. As partidas têm 80 minutos de duração, divididos em dois tempos de 40 minutos, e são permitidas nove substituições durante os confrontos. Onde assistir: Rede Furacão, pelo Youtube. Willian Bispo comemora gol do Athletico contra o São Paulo, pelo Mundial de Clubes Juvenil — Foto: Yan Guimarães/Athletico A atual edição começou com 12 times na disputa, divididos em três grupos com quatro cada. Os dois melhores de cada chave avançaram para as quartas de final, assim como os dois melhores terceiros colocados. O Athletico começou a campanha no grupo 2 e venceu os três jogos da primeira fase: 5 a 1 no Wolverhampton-ING, 4 a 2 no Córdoba-ESP, e um 3 a 0 no Real Madrid . Nas quartas de final, o Furacão derrotou o Sporting-PORT, por 2 a 1. Nas semifinais, o time passou pelo São Paulo, com vitória por 2 a 0. Real Madrid 0 x 3 Athletico-PR | Gols | Mundial de Clubes Sub-17 A atual geração sub-17 do Athletico tem se destacado nesta temporada, sendo campeã da Copa do Brasil e hexa do Paranaense da categoria, além de estar com boa campanha no Brasileiro Sub-17. Já o Racing estava no grupo 1 e também passou com 100% de aproveitamento: fez 3 a 1 no Bayer Leverkusen-ALE, 1 a 0 no Bétis-ESP e 1 a 0 na Real Sociedad-ESP. O time argentino eliminou em seguida o Córdoba-ESP, vencendo por 3 a 1, e depois superou o Real Madrid nas semifinais, ganhando por 3 a 0. A final terá ainda uma disputa direta pela artilharia da competição. Willian Bispo, do Athletico, e Román Gonzaléz, do Racing, têm quatro gols cada, ao lado José Miguel Barón, do Córdoba e Brenno, do São Paulo, que já foram eliminados. Time do Athletico sub-17 no Mundial de Clubes Juvenil — Foto: Divulgação/Mundial de Clubes Juvenil Bryan, do Furacão, vem logo atrás, com três gols, enquanto Léo Cerci e Marcelo têm dois cada. No time argentino, Lucas Lionel e Benjamín Borowik também têm dois gols cada. Corinthians (três vezes), São Paulo (duas vezes) e Palmeiras (duas vezes) são os brasileiros que já foram campeões, em uma lista que tem também Boca Juniors (duas vezes), Real Madrid (quatro vezes), Atlético de Madrid, River Plate e Barcelona (uma cada). Mais notícias do esporte paranaense em ge.globo/pr"
"Estudiantes x Corinthians: onde assistir ao vivo, horário e escalações",,https://ge.globo.com/futebol/times/corinthians/noticia/2026/09/09/estudiantes-x-corinthians-onde-assistir-ao-vivo-horario-e-escalacoes.ghtml,"As últimas notícias do Corinthians e a superstição do Estudiantes Estudiantes e Corinthians iniciam nesta quarta-feira, às 21h30 (horário de Brasília), as quartas de final da Conmebol Libertadores. O primeiro jogo do confronto entre argentinos e brasileiros será disputado no estádio Jorge Luis Hirsch, em La Plata. Tetracampeão da Libertadores, o Estudiantes chega ao mata-mata com a segunda posição do Grupo A, tendo ficado atrás do Flamengo na primeira fase. No mata-mata, os argentinos eliminaram a Universidad Católica, do Chile, com triunfo de 4 a 1 no placar agregado. O Corinthians chega em crise para o mata-mata continental. Depois de derrotar o Rosario Central nas oitavas de final com vitória heroica, por 1 a 0, com um a menos em campo , a equipe caiu bruscamente de rendimento e colecionou tropeços no Campeonato Brasileiro. O momento é de instabilidade e desconfiança. Estádio Jorge Luis Hirschi, o Uno, do Estudiantes de La Plata — Foto: Gabriel Oliveira Assim como o Corinthians, o Estudiantes atravessa um momento de oscilação, com duas derrotas e um empate em seus últimos cinco jogos na temporada. Para o jogo na Libertadores, a equipe de La Plata deve utilizar uma linha de quatro defensores. Na frente, o experiente Guido Carrillo, de 35 anos, é a referência para o restante da equipe. O centroavante tem oito gols e duas assistências em 30 jogos disputados na temporada 2026. A tendência é de que o Corinthians mantenha o esquema tático no 4-2-3-1 que vem sendo utilizado por Fernando Diniz desde sua chegada ao clube, em abril deste ano. Com sete desfalques, incluindo os titulares Yuri Alberto, André e Raniele, o Timão apostará em um sistema defensivo mais compacto. Na frente, a esperança está na velocidade de Kaio César pelo lado direito e no talento de Memphis Depay como referência no ataque. Árbitro uruguaio Andrés Matonte — Foto: Cesar Greco/Palmeiras"
"Zico opina sobre convocação e elogia Pedro, do Flamengo: ""Melhor centroavante do Brasil""",,https://ge.globo.com/futebol/times/flamengo/noticia/2026/09/09/zico-opina-sobre-convocacao-e-elogia-pedro-do-flamengo-melhor-do-brasil.ghtml,"Zico opina sobre convocação e elogia Pedro, do Flamengo: ""Melhor centroavante do Brasil"" Zico gostou da convocação de Pedro para a Seleção Brasileira. Nesta quarta-feira, o Galinho acompanhou a lista divulgada por Carlo Ancelotti para os próximos amistosos contra Austrália e Índia, entre o fim de setembro e o início de outubro, e não poupou elogios para o centroavante do Flamengo . Pedro e Samuel Lino, do Flamengo, comemoram convocação à Seleção Brasileira Zico recebeu, nesta quarta-feira, o título de Doutor Honoris Causa pela Universidade Candido Mendes. Ele é o primeiro esportista a receber a honraria em 125 anos de existência da instituição. Ao todo, apenas 14 pessoas foram premiadas, entre elas os ex-presidentes do Brasil Tancredo Neves e Fernando Henrique Cardoso. Na sequência de perguntas sobre a convocação da Seleção Brasileira, Zico analisou as oportunidades dadas a atletas que jogam no Brasil e a estreantes, casos de Matheuzinho e Gabriel Bontempo, por exemplo. Ele comparou a situação do Brasil com a da Itália e elogiou até mesmo Dorival Júnior, ex-comandante da Canarinho. — Pegar gente nova, que está aqui, é um alento. Dorival, quando pegou a Seleção, depois de anos fez ter mais jogadores do Brasil do que fora. E fez dois jogos ótimos contra Espanha e Inglaterra. É um alento. A Itália está na situação que está porque só tem estrangeiro jogando lá. Isso é um problema sério. A Seleção Brasileira terá três compromissos nesta Data Fifa. O primeiro será contra a Austrália, no dia 25 de setembro, em Townsville. Quatro dias depois, brasileiros e australianos voltam a se enfrentar, desta vez em Brisbane. Por fim, o Brasil encara a Índia em 3 de outubro, em Calcutá. Zico durante homenagem em universidade — Foto: Andressa Abbade/ge.globo"
Proposta por SAF do Fluminense completa um ano em compasso de espera,,https://ge.globo.com/futebol/times/fluminense/noticia/2026/09/08/proposta-por-saf-do-fluminense-completa-um-ano-em-compasso-de-espera.ghtml,"Mattheus Montenegro, presidente do Fluminense, aguarda nova proposta por SAF O Fluminense completa nesta terça-feira um ano em negociações com a Lazuli Partners para construir a proposta de compra da SAF tricolor. Foi no dia 8 de setembro de 2025 que o fundo fez apresentação pública em reunião do Conselho Deliberativo transmitida ao vivo. Desde então, há uma negociação em andamento. O clube tenta melhorar os termos da oferta, especialmente o valor do aporte inicial. Existe a expectativa de que a proposta reformulada seja apresentada ainda neste ano para dar início ao debate sobre a venda. Proposta inicial da SAF Fluminense — Foto: Reprodução YouTube Fontes ligadas ao mercado ouvidas pelo ge consideram normal o tempo levado para a negociação. A expectativa era de avançar logo após a eleição, mas o pleito acabou congelando as discussões até o seu resultado, gerando um acerto atraso. Outro ponto que segurou o projeto foi espera pela publicação do balanço de 2025. Existe uma projeção de que leve pelo menos mais um mês para se ter algo concreto em mãos. Outros pontos que vêm sendo debatidos são as cláusulas do acordo de acionistas e governança, que protegem o clube na venda. Hoje não há pendências com o elenco. A diretoria vem conseguindo honrar salários e direitos de imagem ao longo da temporada. Segundo relatos de jogadores ouvidos pelo ge , algumas vezes há atraso de poucos dias nos direitos de imagem, como aconteceu no último mês que venceu no dia 31 e foi pago no dia 2. Nesses casos, os atletas são avisados, é estabelecido um prazo e normalmente cumprido. Todos os jogadores que foram comprados nos últimos dois anos, quando houve uma mudança de postura no mercado de transferências, foram de forma parcelada. A aposta para manter tudo acertado é flexibilidade e boas relações. O clube se mantém dentro do prazo de tolerância do vencimento das parcelas, o que impede acionamento na Justiça e transfer ban, e quando o fluxo aperta, senta com o credor para renegociar os prazos. — Acho que sim [estão enxugando gelo]. A gente conseguiu equacionar a dívida, mas não reduzir. Em 2019, era R$ 860 milhões. Hoje é R$ 1,05 bilhão. Os valores são corrigidos pela Selic, então deveria estar em R$ 1,5 bilhão. O RCE foi fundamental para a gente porque sem ele tinha penhoras todo dia. Com ele, conseguimos fôlego para planejar. A dívida tributária está parcelada pelo prazo de 10 anos e a cível no RCE. Temos ainda acordos extrajudiciais por fora. É uma situação difícil . Tivemos a aprovação das contas no Conselho e perguntaram como seria o Fluminense do futuro. Hoje, conseguimos pagar as contas a partir do momento que vendemos jogadores — explicou o presidente Mattheus Montenegro em evento no Rio de Janeiro no começo de agosto. Presidente do Fluminense, Mattheus Montenegro — Foto: Divulgação: Mailson Santana/FFC O RCE é um mecanismo jurídico criado pela Lei da SAF (Lei nº 14.193/2021) que permite aos clubes de futebol reestruturar e pagar suas dívidas de forma organizada, funcionando como uma alternativa à recuperação judicial. Porém a alta taxa de juros do país dificulta a quitação desses débitos, mesmo com o pagamento das parcelas do acordo judicial. A meta orçamentária do Fluminense para 2026 previa arrecadação de cerca de R$ 200 milhões em vendas de jogadores. Com as janelas das principais ligas da Europa já encerradas, o clube não passou perto desse valor. A única venda de grande porte feita foi o volante Bernal, por US$ 12 milhões (R$ 62 milhões na cotação atual) durante a Copa do Mundo. Os cofres tricolores receberam apenas US$ 7,2 milhões (R$ 36,9 milhões na cotação atual) já que tinha apenas 60% dos direitos econômicos do jogador. A melhor forma de compensar essa baixa arrecadação com vendas é com resultados esportivos. Conquistar a Libertadores renderia US$ 27,3 milhões (RS 140 milhões na cotação atual) a mais do que o previsto, que era uma vaga nas quartas de final já atingida. Todo esse cenário é o fio condutor do processo de criação da sociedade anônima. O entendimento é que a melhor maneira de resolver o problema, trazendo um aporte que ajude a solucionar o sufocamento causado pelas dívidas, é vendendo as ações da sociedade anônima. O Fluminense recebeu uma advertência de grau mínimo da Agência Nacional de Regulação e Sustentabilidade do Futebol (ANSREF) por atraso em pagamento de parcelas de dívidas com outros clubes, empregados e autoridades públicas no final de agosto. O clube reconheceu o problema e afirmou em nota oficial que ""os problemas apontados já foram endereçados e o clube acompanha atentamente o andamento para conclusão dos casos."" carrossel finanças dinheiro orçamento Fluminense — Foto: Info Esporte O Fluminense fechou 2025 com uma receita recorde, superando a casa de R$ 1 bilhão. Isso se deve, principalmente, ao valor recebido pela campanha na Copa do Mundo de Clubes, em que terminou na semifinal. Os resultados renderam cerca de R$ 331 milhões, quase um terço do total arrecadado pelo clube. O destino dessa receita extraordinária foi detalhado pelo presidente Mattheus Montenegro durante palestra na Rio Innovation Week, no começo de agosto. — Muito se fala da premiação da Copa do Mundo. Daquele valor, nós recebemos R$ 290 milhões líquido. Você desconta disso R$ 72 milhões de foram de premiação para os jogadores. Outros R$ 20 milhões foi pagamento de voos ao longo do torneio. R$ 50 milhões usamos para pagar acordos judiciais. Ainda fizemos um leilão de R$ 10 milhões no RCE para quitar dívida com credores que dessem desconto, mas ninguém se interessou porque estamos pagando em dia as parcelas. Esse valor ficou no tribunal para quitar parcelas. Sobrou R$ 120 milhões a mais de receita, que foi usada em folha salarial e contratação de jogadores. Campanha marcante na Copa do Mundo de Clubes foi ponto alto do Flu em 2025"
Ancelotti monitora para a Seleção joia do Athletico na mira do Tottenham,,https://ge.globo.com/futebol/selecao-brasileira/noticia/2026/09/09/ancelotti-monitora-para-a-selecao-joia-do-athletico-na-mira-do-tottenham.ghtml,"Carlo Ancelotti dá o pontapé inicial para o ciclo da seleção brasileira visando a Copa de 2030 nesta quarta-feira. A convocação para os amistosos contra Austrália e Índia é cercada de expectativa por renovação, e Arthur Dias é um dos jovens que tem recebido elogios do italiano. O zagueiro do Athletico-PR está na pré-lista e recebeu assédio recente do Tottenham, da Inglaterra. Arthur Dias, do Athletico, pela seleção brasileira sub-20 — Foto: Fabio Souza/CBF Um dos destaques do time de Odair Hellmann, que faz campanha destacada com a terceira colocação no Brasileirão, o jovem de 19 anos recebeu durante a janela uma proposta de 21 milhões de euros do clube de Londres por 80% dos direitos econômicos. O Furacão recusou prontamente e deseja cerca de 30 milhões de euros para negociar Arthur Dias. O Tottenham, por sua vez, acompanhar o zagueiro há tempos e prometeu novas investidas num futuro próximo. Em abril, os ingleses mandaram representantes para observá-lo presencialmente na Arena da Baixada em partidas contra o Atlético-GO, pela Copa do Brasil, e Vitória, pelo Brasileirão, e a percepção é de Arthur tem potencial de crescimento para ser um dos melhores de sua geração. Promessa: Veja desarmes e jogadas defensivas de Arthur Dias Os elogios ecoaram nos corredores da CBF e chegaram até Carlo Ancelotti. A comissão técnica da Seleção buscou informações mais detalhadas sobre o garoto, que tem histórico nas seleções de base, tendo conquistado o título sul-americano sub-20 no ano passado e o aval de Branco, coordenador das seleções de base. A presença na pré-lista para os jogos da Data Fifa de setembro e outubro não surpreende quem acompanha de perto o monitoramento feito pela comissão técnica neste início de ciclo. O nome de Arthur Dias e outros nomes com idade sub-20, como Zé Lucas, do Cruzeiro, faz parte também da integração entre as comissões de todas as categorias da Seleção. Desde agosto, todo o trabalho conta com reuniões que unificam informações entre Carlo Ancelotti, Paulo Victor (sub-20), Dudu Patetucci (sub-17) e Guilherme Dalla Déa (sub-15). A expectativa é de que as convocações da Seleção principal contem frequentemente com jovens para que sintam o ambiente e peguem experiência pensando no futuro. Carlo Ancelotti divulga a lista com 26 nomes a partir das 15h (de Brasília) desta quarta-feira, na sede da CBF, no Rio de Janeiro. O Brasil enfrentará a Austrália duas vezes: no dia 25 de setembro, no Queensland Country Bank Stadium, em Townsville, e no dia 29, no Suncorp Stadium, em Brisbane. Na sequência, a delegação seguirá para a Índia. No dia 3 de outubro, o Brasil enfrentará a seleção indiana no Salt Lake Stadium, em Calcutá. Será o primeiro confronto da história entre as seleções principais dos dois países."
Gramado ruim e últimos preparativos: veja como está o Estádio Atahualpa antes de Del Valle x Flamengo,,https://ge.globo.com/futebol/times/flamengo/noticia/2026/09/09/gramado-ruim-e-ultimos-preparativos-veja-como-esta-o-estadio-atahualpa-antes-de-del-valle-x-flamengo.ghtml,"Voz do Setorista: Veja preparação do Atahualpa para jogo do Flamengo e estado ruim do gram O Estádio Olímpico Atahualpa está em reta final de preparação para receber o confronto entre Independiente del Valle e Flamengo , pelas quartas de final da Libertadores. Um dos focos do trabalho na véspera da partida é a recuperação do gramado. O campo tem algumas falhas, especialmente perto dos gols. Funcionários passaram o dia tentando melhorar as condições para o jogo, que acontece às 21h30 (de Brasília). O Del Valle escolheu mandar a partida no local pela maior capacidade. O Atahualpa pode receber cerca de 35 mil pessoas, enquanto o Estádio Banco Guayaquil, casa da equipe, só comporta 12 mil. A expectativa de público é de 15 a 20 mil pessoas, sendo mais ou menos 1.500 do Fla. O clube, in,clusive, fez uma promoção de ingressos, com entradas de 10 a 25 dólares (R$ 51 a R$ 127,60). Estádio Atahualpa vai receber Independiente del Valle x Flamengo — Foto: Luiza Sá/ge Estádio Atahualpa vai receber Independiente del Valle x Flamengo — Foto: Luiza Sá/ge Estádio Atahualpa vai receber Independiente del Valle x Flamengo — Foto: Luiza Sá/ge O Flamengo está de volta ao Estádio Olímpico Atahualpa depois de seis anos. A última visita foi o encontro com o próprio Del Valle, em fevereiro de 2020, pela Recopa Sul-Americana. O jogo terminou 2 a 2, e o time carioca veio a ser campeão no Maracanã vencendo por 3 a 0. Na equipe ainda comandada por Jorge Jesus, Bruno Henrique e Pedro marcaram os gols no Equador. O outro jogo que a equipe fez no local foi justamente na primeira vez do clube no Equador, em junho de 1952. Naquela ocasião, o Fla venceu o Boca Juniors de Cali, da Colômbia, por 6 a 3."
"A caminho do Vasco, Gabriel Pereira faz post acompanhando jogo contra Santa Fe",,https://ge.globo.com/futebol/times/vasco/noticia/2026/09/08/antes-de-ser-anunciado-pelo-vasco-gabriel-pereira-faz-post-na-torcida-contra-o-santa-fe.ghtml,"Entenda por que Richarlison não pode fechar com o Vasco Gabriel Pereira já está de olho no Vasco antes mesmo de ser anunciado como reforço da equipe. Nesta terça-feira, o zagueiro publicou nos stories do Instagram uma foto enquanto acompanhava a partida contra o Santa Fe, pela Copa Sul-Americana. Zagueiro Gabriel Pereira no story do Instagram — Foto: Instagram O defensor de 26 anos estava no Copenhagen, da Dinamarca, e deve desembarcar no Rio de Janeiro nos próximos dias para realizar exames médicos e assinar contrato por empréstimo . O acordo prevê opção de compra, que pode se tornar obrigação caso metas sejam cumpridas. Gabriel Pereira, zagueiro do Copenhagen, da Dinamarca. — Foto: X/F.C. København O zagueiro estava há três temporadas no Copenhagen, onde disputou 97 partidas. Antes de atuar na Dinamarca, passou por Vilafranquense e Gil Vicente, de Portugal. No Brasil, defendeu profissionalmente apenas o Volta Redonda."
"Jackson Nascimento, ídolo do Athletico, morre aos 102 anos",,https://ge.globo.com/pr/futebol/times/athletico-pr/noticia/2026/09/09/jackson-nascimento-idolo-do-athletico-morre-aos-102-anos.ghtml,"Morre Jackson, ídolo do Athletico, aos 102 anos Jackson Nascimento, uma das maiores lendas da história do Athletico, morreu nesta quarta-feira, aos 102 anos, em Camboriú, no litoral de Santa Catarina. O ex-atacante era o último remanescente do histórico Furacão de 1949, equipe que ajudou a popularizar o apelido do clube, e ocupa o segundo lugar entre os maiores artilheiros rubro-negros. Ex-Athletico e Corinthians, Jackson revive história com o Furacão aos 101 anos A morte ocorreu por volta de 0h30 (de Brasília), em casa. Segundo a família, Jackson passou os últimos quatro ou cinco dias sem conseguir se alimentar e já apresentava dificuldades para engolir. O corpo foi encaminhado para Curitiba, onde será realizado o sepultamento, no cemitério do Água Verde. O Athletico ofereceu que o velório seja na Arena da Baixada. A cerimônia começa das 20h às 23h desta quarta-feira e continua das 8h às 10h de quinta. O enterro será às 10h30. — Faz uns quatro, cinco dias que ele não comia mais nada, daí não conseguia mais deglutir. Foi igual uma velinha, que vai se apagando. Ele faleceu hoje, era meia-noite e meia. Conseguimos passar esses dias bastante com ele, minha mãe, mas faleceu aqui em Camboriú mesmo, faleceu em casa — relatou a neta Letícia Klein ao ge . Jackson ex-jogador do Athletico — Foto: Alexandre Alliatti Jackson construiu uma relação de mais de uma vida inteira com o Athletico . Revelado em uma época em que o futebol ainda começava a consolidar seus grandes ídolos, o atacante virou personagem central de uma das equipes mais lembradas da história do clube. De acordo com as estatísticas, Jackson é o segundo maior artilheiro da história do Athletico, com 150 gols em 215 partidas pelo clube. O número o coloca na vice-liderança do ranking histórico de goleadores do clube, atrás apenas de Barcímio Sicupira, que marcou 158 gols. Jackson, ex-Athletico e Corinthians, com a bisneta Gabi: futebol no sangue da família — Foto: Arquivo Pessoal Jackson chegou ao Athletico ainda nas categorias de base e passou a jogar no profissional em 1944. Cinco anos mais tarde, fez parte do histórico time que rendeu a alcunha de Furacão ao clube. 100 anos de Athletico, 100 anos de Jackson e Santina Jackson nasceu no mesmo ano da fundação do Athletico, em 1924. Em 2024, no centenário dele e do clube, o ex-atacante foi homenageado pelo Rubro-Negro na Arena da Baixada. Teve o rosto estampado no bandeirão da torcida e virou patch comemorativo na camisa dos atletas. Poucos dias antes de completar 102 anos pelo clube, Jackson deu uma rápida entrevista ao ge e se emocionou ao falar da saudade que sente do Furacão. — Saudades de tudo o que o Athletico fez. Gostaria de poder fazer de novo, o que é impossível. Mas a vontade de jogar de novo pelo Athletico vou ter até morrer — se declara o ex-atleta. Mosaico para Jackson, segundo maior artilheiro do Athletico — Foto: José Tramontin/Athletico O jogador deixou o Athletico apenas uma vez em toda a história para jogar no Corinthians. Na época, o meia recebeu uma proposta irrecusável e foi defender o alvinegro em 1950. Ele marcou 35 gols em 57 jogos pelo Timão e encerrou a história no clube três anos depois, em 1953. Pelo clube alvinegro, foi campeão do Paulista de 1951. Família do ex-jogador Jackson Nascimento — Foto: Reprodução/ RPC Se o futebol está ligado a Jackson até na data de nascimento, com o restante da família essa conexão não poderia ser diferente. Hoje em dia, quem mantém a relação com o esporte acesa é a bisneta do ex-jogador, Gabi, de 14 anos. A jogadora é atacante do Avaí Kindermann, de Santa Catarina, e joga pela categoria sub-15 do clube. Além do futebol de campo, Gabi também se aventura no futebol 7 foi campeã Copa América, série prata, em Montevidéu, no ano passado. O Club Athletico Paranaense está de luto. Jackson Nascimento, uma das maiores lendas da história do Furacão, nos deixou nesta madrugada de quarta-feira (9), aos 102 anos. Nascido em 1924, mesmo ano em que o Athletico foi fundado, Jackson construiu uma trajetória que se confunde com a história do clube. Vestiu a camisa rubro-negra entre 1944 e 1957. Foram 215 jogos e 150 gols. O segundo maior artilheiro de todos os tempos do Furacão. Jackson também carregava outro lugar especial na memória do Athletico. Era o último remanescente do lendário Furacão de 1949, equipe deu origem ao apelido que acompanha o Athletico até os dias de hoje. Sua história com o Rubro-Negro atravessou e inspirou gerações. Em 2024, ao completar 100 anos, Jackson voltou ao gramado da Arena da Baixada para receber uma das muitas homenagens que teve do clube e da torcida athleticana. Na trave da Rua Buenos Aires, que tanto conhecia, marcou um gol emocionante e simbólico. Décadas antes, em um Athletiba, Jackson já havia deixado uma de suas marcas mais emblemáticas. Depois de balançar as redes, voltou-se para a torcida adversária e avisou: “O Jackson está aqui”. E estará para sempre. Na memória dos torcedores, nos livros da história rubro-negra e em cada geração de athleticanos. Obrigado por tudo, Jackson! Lendas nunca são esquecidas. Mais notícias do esporte paranaense em ge.globo/pr"
Londrina anuncia quatro reforços para a sequência da Série B; veja os nomes,,https://ge.globo.com/pr/futebol/times/londrina/noticia/2026/09/09/londrina-anuncia-quatro-reforcos-para-a-sequencia-da-serie-b-veja-os-nomes.ghtml,"Londrina perde mais uma para o Operário em 2026 O Londrina anunciou, nesta quarta-feira, mais quatro reforços para a sequência da Série B do Brasileiro. Foram oficializados o volante Victor Feitosa (do Volta Redonda), o meia Juninho (ex-Anápolis) e os atacantes Guilherme Cachoeira (do Guarani) e Igor Bahia (que estava no ABC). Igor Bahia celebra gols pelo CSA e fala sobre disputa por artilharia da equipe Dos quatro, apenas Igor Bahia está relacionado para o jogo com o São Bernardo, nesta quinta-feira, às 19h30, no Estádio Primeiro de Maio, pela 27ª rodada da Série B do Brasileiro. Na semana passada , o Londrina tinha anunciado outros dois reforços : os atacantes Hebert (ex-Guarani) e Fellipinho (do Volta Redonda). A dupla já estreou contra o Operário-PR, no domingo. A movimentação do Londrina no mercado é em busca de uma reação na Série B, faltando 12 rodadas para o fim da competição. O Tubarão vem de 10 jogos sem ganhar e está afundado na zona de rebaixamento, em 18º, com 22 pontos, nove abaixo do Ceará e do Botafogo-SP, os primeiros fora do Z4. Juninho - meia do Anápolis — Foto: Comunicação / AFC O volante Victor Feitosa tem 30 anos e estava disputando a Série C com o Volta Redonda. Ele assina por empréstimo com o Londrina, em contrato válido até o fim de 2026. O jogador foi revelado na base do Athletico e passou por Botafogo-PB, ABC, São Joseense, entre outros times. Em 2026, o volante já defendeu três equipes: começou no Votuporanguense, na Série A2 do Paulista, depois foi para o Metropolitano-SC, na Série B do Catarinense, e por último estava no Volta Redonda, jogando a Copa Rio e a Série C do Brasileiro. Foram 27 jogos ao todo na temporada, com um gol marcado. Victor Feitosa marcou o primeiro gol do CAV — Foto: Raphael Marques / CAV O meia Juninho tem 27 anos e estava no Anapólis, também na disputa da Série C. Pelo time goiano, ele foi campeão da Copa Centro-Oeste, marcando um dos gols na final. Ele fez a base em times do Pará e passou por vários clubes do estado, entre eles o Paysandu, e no ano passado defendeu o ABC. Juninho começou 2026 no São Joseense e, em seguida, foi para o Anápolis, onde fez 29 jogos, com cinco gols e três assistências. O atacante Guilherme Cachoeira tem 24 anos e foi emprestado pelo Guarani. É mais um jogador que estava na Série C do Brasileiro. Recuperado de um estiramento no joelho, ele está nos planos do Bugre para 2027, mas o clube aceitou emprestar o atleta após a eliminação na Série C. O jogador começou na base do São Paulo e passou pelo sub-20 do Vasco. Ele jogou, entre outros clubes, por Volta Redonda, Joinville e Remo. Teve destaque no CSA, no ano passado, com oito gols e sete assistências em 44 jogos, defendeu também o Athletic, e nesta temporada fez 22 partidas pelo Guarani, com cinco gols e três assistências. Guilherme Cachoeira, atacante do Guarani — Foto: Raphael Silvestre Fechando a lista, o atacante Igor Bahia tem 33 anos e estava no ABC disputando a Série D, conquistando o acesso à Série C. Pelo time potiguar foram 33 jogos em 2026, com 13 gols e quatro assistências. Ele começou a carreira no Amadense-SE e passou por vários clubes menores do Nordeste. Além disso, defendeu Juventus-SP, Anápolis, Tombense e, no passado, o CSA. ABC x Juazeirense, Igor Bahia — Foto: Alexandre Lago A expectativa é que Victor Feitosa, Juninho e Guilherme Cachoeira fiquem à disposição no jogo contra a Ponte Preta, na próxima terça-feira, no VGD, pela 28ª rodada da Série B. Mais notícias do esporte paranaense em ge.globo/pr"
"Pai de Jair Cunha se emociona com filho na seleção brasileira: ""Ficha não cai""",,https://ge.globo.com/sp/ribeirao-preto-e-regiao/futebol/noticia/2026/09/09/pai-de-jair-cunha-se-emociona-com-filho-na-selecao-brasileira-ficha-nao-cai.ghtml,"Ancelotti convoca a Seleção Brasileira para os amistosos contra Austrália e Índia A primeira convocação do zagueiro Jair Cunha para a seleção brasileira principal emocionou o pai do jogador , que tem o mesmo nome. Aos 21 anos, o zagueiro do Nottingham Forest foi anunciado pelo técnico Carlo Ancelotti na tarde desta quarta-feira, na primeira lista do Brasil após a Copa do Mundo. Jair estará com a seleção para os amistosos contra Austrália e Índia, entre o fim de setembro e o início de outubro. Serão os primeiros testes do ciclo para a Copa de 2030. Carlo Ancelotti ressalta que o momento é de testar jovens talentos Jair ""pai"" acompanhou a convocação em casa, em Orlândia (SP), cidade do interior de São Paulo na região de Ribeirão Preto (SP), onde o zagueiro nasceu e deu os primeiros passos no mundo da bola. - É um sentimento ímpar, uma coisa que não tem como a gente mensurar. Porque servir à seleção brasileira, servir à pátria, é o sonho de qualquer atleta. A gente não ficou muito surpreso pela qualidade dele, mas claro que quando vem uma notícia dessa é uma realização, é gratificante demais – disse Jair ao ge , emocionado. Zagueiro Jair quando criança ao lado do pai na região de Orlândia (SP) — Foto: Acervo Pessoal Antes de virar jogador profissional, Jair Cunha era destaque no atletismo em Orlândia. Era bom nas provas de tiro curto, como 50 metros, e também nos saltos. Tudo isso por conta da passada larga e pela altura. Até os dez anos de idade, Jair representava a escola que estudava e a cidade em competições pela região. Só que o amor pelo futebol falou mais alto. Ele passou em uma peneira no Santos como zagueiro – não como centroavante, como o pai era e sonhava para o filho - e mudou-se para o litoral paulista aos 11 anos. - A gente ficou com ele em Santos, a trajetória dele toda desde a base até no profissional - conta o pai. Em 2024, Jair teve a história de vida contada pelo Globo Esporte Depois se profissionalizar no Santos, Jair foi para o Botafogo. Destaque na equipe carioca, transferiu-se para o Nottingham Forest. - Acompanhamos ele também no Rio de Janeiro, quando ele foi para o Botafogo. Agora que ele foi para a Inglaterra, a gente está dando suporte um pouco mais à distância, né? Mas estamos dando todo o suporte pra ele. Zagueiro Jair com os pais — Foto: Acervo Pessoal O pai de Jair revelou que já estava ansioso para a primeira convocação, principalmente por Ancelotti ter sinalizado uma renovação para a próxima Copa. - A gente viu que o Ancelotti e a própria diretoria da CBF falou que ia fazer uma renovação, convocar jogadores novos, jogadores que jogaram no Sub-20. Como ele foi campeão sul-americano no Sub-20, teve convocação também para seleção para ir pro Mundial, mas aí não pôde ir por causa do clube, a gente esperava que ele estaria nessa. O pai ainda destacou a felicidade em ver o sonho do filho e de toda família concretizado, e torce para que o garoto se destaque para que seja lembrado em outras convocações. - É uma alegria muito grande, felicidade de tudo que foi feito, tudo que foi trabalhado, tudo que foi preparado, desde lá de quando ele era criança. A gente acreditou nisso, acreditou nesse projeto e agora está se tornando realidade, né? Ele tem que trabalhar muito agora também. Trabalhar nessas convocações para lá em 2030 estar bem maduro, bem preparado, com a cabeça boa. É aproveitar todas as oportunidades que ele tiver a partir dessa primeira. Jair Cunha, zagueiro do Nottingham Forest — Foto: Reuters Ana Thaís comenta convocação da Seleção: ""Adorei a lista, em especial o meio-campo"" Nas redes sociais, Jair comemorou a primeira convocação da carreira. - Esse momento representa a realização de um sonho de uma vida inteira. Desde muito novo, eu e minha família nos dedicamos para viver isso que estou vivendo hoje – celebrou Jair. – Foram muitas renúncias, muito trabalho, inúmeros desafios em busca do objetivo de me tornar jogador profissional e defender um dia a camisa da Seleção Brasileira. Esse sonho agora é real e espero aproveitar da melhor forma a oportunidade para que momentos como esse se repitam cada vez mais – completou o zagueiro. Jair Cunha - Nottingham Forest — Foto: Divulgação/Nottingham Forest"
Quem é Mauro Júnior? Conheça lateral-esquerdo convocado para a seleção brasileira,,https://ge.globo.com/futebol/futebol-internacional/noticia/2026/09/09/quem-e-mauro-junior-conheca-lateral-esquerdo-convocado-para-a-selecao-brasileira.ghtml,"Ancelotti convoca a Seleção Brasileira para os amistosos contra Austrália e Índia O lateral-esquerdo Mauro Júnior foi uma das novidades na primeira convocação da seleção brasileira após a Copa do Mundo de 2026 , divulgada pelo técnico Carlo Ancelotti nesta quarta-feira. O jogador de 27 anos, que atua no PSV, da Holanda, foi chamado pela primeira vez para a Seleção principal, mas tem passagem pelas categorias de base. - É um dos dias mais felizes da minha vida. A gente trabalha a carreira inteira para viver momentos como esse e, quando acontece, parece que passa um filme na cabeça. Tudo o que vivi, tudo o que precisei superar, cada treino, cada jogo, cada dificuldade… Tudo fez parte do caminho até chegar aqui. Vestir a camisa da Seleção Brasileira é um sonho de criança que agora virou realidade - afirmou Mauro após a convocação. Mauro Júnior nasceu em Assis, no estado de São Paulo, e passou muitos anos na base do Desportivo Brasil. O defensor chegou a passar pela formação do Vasco, mas não teve destaque em solo brasileiro, onde pouco atuou profissionalmente. Ele é mais um atleta que saiu muito cedo do país e fez carreira em clubes estrangeiros. Mauro Júnior em ação pelo PSV — Foto: Joris Verwijst/BSR Agency/Getty Images O lateral chegou ao PSV na temporada 2017/18, aos 18 anos, ainda na equipe B do clube holandês. Ganhou espaço aos poucos no clube, que tem relação de longa data com brasileiros, como Romário e Ronaldo. Ele chegou a ser emprestado para o Heracles em 2019 e já soma quase uma década no futebol da Holanda. Em entrevista ao ge, em 2022, Mauro Júnior chegou a indicar a possibilidade de defender a seleção holandesa , diante da longa relação com o país europeu. Mas deixou claro que seu sonho era jogar pelo Brasil. - Eu sempre respeitei muito a Holanda, é um país que faz parte da minha vida e onde construí praticamente toda a minha carreira. Tenho muito carinho por tudo que vivi aqui e pelo PSV, que me abriu as portas e me fez crescer como jogador e como pessoa. Mas dentro de mim sempre existiu esse sonho de jogar pelo Brasil. Poder realizar isso agora é algo que não tem preço - afirmou. Carlo Ancelotti sobre renovação da Seleção: ""Priorizar jovens para a próxima Copa"" O jogador, que tem 1,71m de altura e é canhoto, atuava como meia e chegou a jogar como lateral-direito em alguns jogos, mas se firmou como lateral-esquerdo. Ao todo, tem 206 partidas com a camisa do PSV, somando 10 gols e 31 assistências. Profissionalmente, ainda fez 29 jogos no Heracles (6 gols e 7 assistências) e quatro pelo Desportivo Brasil. Mauro Júnior foi apresentado no PSV como camisa 10 — Foto: Divulgação Na seleção brasileira, Mauro disputou Sul-Americanos Sub-15 e Sub-17 e esteve em algumas convocações de André Jardine para o time olímpico (sub-23). Ele disputou cinco jogos na equipe entre 2019 e 2020, na preparação para os Jogos de Tóquio. No entanto, as lesões o afastaram da equipe na reta final antes da Olimpíada, em agosto de 2021. - Mauro é um lateral que gosta de jogar por dentro. Muito ofensivo com muita qualidade. É um jogador que não conheço muito. Estamos monitorando todos os laterais-esquerdos que estão na Europa e temos opções. Temos o Kayky no Como, que está muito bem. Todos os que estão na lista larga podem estar conosco nas próximas convocações. O Mauro Júnior eu quero ver de perto porque me pareceu um perfil muito interessante - explicou Ancelotti sobre a convocação do jogador. Carlo Ancelotti sobre renovação da Seleção: ""Priorizar jovens para a próxima Copa"" Na atual temporada, recém-iniciada, Mauro Júnior atuou em seis partidas, com um gol e uma assistência anotados. Na temporada passada, deu 11 assistências e fez um gol em 37 partidas."
Ex-Inter reencontra o Fluminense com bons números na Libertadores; veja,,https://ge.globo.com/futebol/futebol-internacional/noticia/2026/09/08/ex-inter-reve-fluminense-com-bons-numeros-na-libertadores-felicidade-de-marcar-contra-brasileiros.ghtml,"Melhores momentos: Fluminense 0 x 3 Internacional pela 18ª rodada do Brasileirão Nico López, ex-Internacional, entra em campo nesta terça-feira, às 19h (de Brasília), com boas lembranças contra brasileiros quando o assunto é Libertadores. E também com ótimo retrospecto diante do Fluminense, rival desta noite no jogo de ida entre os clubes, pelas quartas de final da competição sul-americana. Nico López jogará no Platense, da Argentina — Foto: Matías Bilbao/Platense O uruguaio de 32 anos tem 31 jogos na Libertadores distribuídos em cinco edições, com nove gols e seis assistências. Dos nove marcados, quatro foram contra brasileiros, todos com a camisa do Nacional. Na edição de 2016, fez um gol em cada um dos dois jogos contra o Palmeiras e também balançou a rede do Corinthians. Na do ano passado, vazou o Bahia. - Espero que sim (se crê que vai manter o bom retrospecto contra o brasileiros). Tive a felicidade de marcar gols importantes contra equipes brasileiras, e acaba sendo um retrospecto que me dá confiança. Mas cada jogo tem uma história diferente. O Fluminense é uma grande equipe, com muita qualidade e experiência, então precisamos estar muito concentrados. Vou trabalhar para ajudar o Platense da melhor maneira possível e, se tiver a oportunidade, espero continuar marcando gols. O Fluminense, rival desta terça, é o adversário brasileiro contra o qual mais fez gols: quatro em seis jogos, mesmo número registrado contra o modesto Novo Hamburgo, do Rio Grande do Sul. Os quatro gols contra o Tricolor estão concentrados no ano de 2018, todos pelo Campeonato Brasileiro. No Maracanã, fez dois na vitória por 3 a 0. No Beira-Rio, mais dois no Beira-Rio. Questionado sobre o favoritismo do Fluminense, Nico disse que tal panorama não entra em campo e pregou personalidade, inteligência e entrega para os jogos a serem realizados no Maracanã e na Argentina. - Sabemos da força do Fluminense e de tudo o que representa no futebol sul-americano. É um clube grande, campeão da América, e naturalmente muitas pessoas vão colocá-los como favoritos. Mas o futebol se decide dentro de campo. - O Platense já mostrou nesta Libertadores que sabe competir e que pode enfrentar grandes equipes. Temos que jogar com personalidade, inteligência e muita entrega durante os 180 minutos. Respeitamos muito o Fluminense, mas também acreditamos no nosso trabalho e nas nossas possibilidades."
Veja quem são os oito estreantes na seleção brasileira na convocação de Ancelotti,,https://ge.globo.com/futebol/selecao-brasileira/noticia/2026/09/09/veja-quem-sao-os-estreantes-na-selecao-brasileira-na-convocacao-de-ancelotti.ghtml,"Oito novidades! Saiba quem são os estreantes na Seleção São oito estreantes na lista de convocados da seleção brasileira anunciada nesta quarta-feira , visando aos próximos amistosos contra Austrália e Índia, entre o fim de setembro e o início de outubro. O técnico Carlo Ancelotti decidiu iniciar uma ampla reformulação depois do fracasso da Seleção na Copa do Mundo. ""Eu tenho uma decepção nessa lista da Seleção"", diz Rizek Havia a expectativa de que a primeira convocação do Brasil desse pós-Copa trouxesse novidades. E ela se confirmou. A intenção de Ancelotti é encontrar nomes para compor o processo de renovação da Seleção nos próximos anos. ""Está claro que o Ancelotti não está preocupado com camisa 10"", diz Ledio Ana Thaís comenta convocação da Seleção: ""Adorei a lista, em especial o meio-campo"" Dos oito estreantes, seis atuam no futebol brasileiro. As exceções são o zagueiro Jair, ex-Santos e Botafogo, e o lateral-esquerdo Mauro Júnior, que deixou o país ainda na adolescência e atualmente, aos 27 anos, defende o PSV. Ancelotti não descarta Alisson na Seleção, mas quer priorizar goleiros novos O Brasil enfrentará a Austrália duas vezes. A primeira no dia 25 de setembro, no Queensland Country Bank Stadium, em Townsville, e a segunda no dia 29, no Suncorp Stadium, em Brisbane. Carlo Ancelotti convoca jogadores para amistosos contra Austrália e Índia A Seleção jogará contra a Índia no dia 3 de outubro, no Salt Lake Stadium, em Calcutá. Será o primeiro confronto na história entre as duas equipes. Carlo Ancelotti durante a convocação da Seleção — Foto: André Durão A seleção brasileira terá mais dois compromissos neste ano, na data Fifa de novembro , quando disputará amistosos contra Japão e Singapura , sendo as duas partidas no Estádio Nacional de Singapura."
Criciúma bate o Cascavel e garante classificação na Copa do Brasil Sub-20,,https://ge.globo.com/sc/futebol/noticia/2026/09/09/criciuma-bate-o-cascavel-e-garante-classificacao-na-copa-do-brasil-sub-20.ghtml,"O Criciúma venceu o Cascavel por 3 a 1 em duelo válido pela primeira fase da Copa do Brasil Sub-20, nesta quarta-feira, no CT Antenor Angeloni, em Santa Catarina. Com a vitória, o Tigre garante participação na segunda fase, onde enfrenta o Barra, que eliminou o Internacional. Criciúma x Cascavel - Copa do Brasil Sub-20 — Foto: Cleiton Ramos Os gols da vitória do Criciúma foram marcados por João, Ítalo e Capella, todos no primeiro tempo. Pelo lado do Cascavel, quem descontou foi Ryan, de p. Esta fase é disputada em jogo único. A edição deste ano da Copa do Brasil Sub-20 passou por uma mudança importante. A competição conta o dobro de participantes, de 32 para 64 clubes."
"Ziyech embarca para o Rio e manda recado para torcida do Botafogo: ""Vejo vocês em breve""",,https://ge.globo.com/futebol/times/botafogo/noticia/2026/09/08/ziyech-embarca-para-o-rio-e-manda-recado-para-torcida-do-botafogo-vejo-voces-em-breve.ghtml,"Ziyech embarca para o Rio e manda recado para torcida do Botafogo: ""Vejo vocês em breve"" Ziyech manda recado para torcida do Botafogo antes de embarque para o Rio — Foto: Reprodução O desembarque do jogador no Aeroporto Internacional do Galeão está previsto às 19h45 (de Brasília) desta terça-feira. O clube se mobiliza para fazer uma recepção festiva no local. O jogador, de 33 anos, passará por exames na quarta-feira, antes de assinar o contrato. No fim de semana, o ponta se despediu do Wydad Casablanca, logo após chegar ao acordo verbal com o Botafogo. Ziyech é o grande nome do clube na janela e preencherá uma função desejada pela comissão técnica, a de ponta canhoto. Quarto colocado da Copa de 2022 com Marrocos, ele teve passagens por Ajax, onde mais se destacou, e Chelsea, em que fez parte do elenco campeão da Champions League de 2020/21. Na Copa de 2022, foi um dos destaques na campanha histórica do Marrocos, quarto colocado na competição. Pelo clube atual, o Wydad Casablanca, fez 16 jogos, marcou nove gols e contribuiu com duas assistências. Ziyech é o oitavo reforço contratado pelo Botafogo na atual janela de transferência. Nesta terça-feira, a diretoria alvinegra também realizará a apresentação do zagueiro Arthur Chaves, ex-Hoffenheim, da Alemanha. Antes, o clube já havia anunciado os goleiros Warleson e Gabriel Batista, o lateral Paulinho, o zagueiro Lucas Monzón, o volante Domingos Andrade e o atacante Danilo Pereira."
"Plata volta após saída frustrada do Flamengo e reencontra ex-clube: ""Sempre foi inquieto"", diz gerente do Del Valle",,https://ge.globo.com/futebol/times/flamengo/noticia/2026/09/09/plata-volta-apos-saida-frustrada-do-flamengo-e-reencontra-ex-clube-sempre-foi-inquieto-diz-gerente-do-del-valle.ghtml,"Luiza Sá mostra detalhes do treino do Flamengo em Quito | Voz do Setorista O torcedor do Flamengo pode conhecer Plata pelos mais diferentes motivos, mas no Equador ele é o ""Gonzalito"". Em casa, para o confronto contra o Independiente Del Valle, na quinta, o atacante tem esbanjado sorrisos na volta ao país natal e tenta deixar para trás a saída frustrada ao futebol da Rússia. No reencontro com o ex-clube, busca retomar a motivação na disputa por uma vaga no time titular com a concorrência ainda maior. O retorno ao clube carioca teve certo bom humor, especialmente dos companheiros. Não houve multa ou qualquer medida oficial pelo retorno vários dias depois do comunicado do Dínamo Moscou sobre a transferência cancelada. Plata ficou alguns dias em Dubai enquanto os empresários tentavam alternativas, mas soltou uma nota oficial garantindo o foco no Fla . Plata sempre foi ""inquieto"", como resumem pessoas que participaram do processo de formação dele. Nascido em Guayaquil, o atacante começou na base da LDU, clube onde, inclusive, o Fla treinou em Quito. Em 2012, ele foi para o Del Valle, clube em que ficou até 2019 saindo rumo ao Sporting. — Ver o Flamengo com dois jogadores do Independiente no maior time das Américas nos enche de orgulho. Ele sempre foi um garoto inquieto, nunca satisfeito. Lembro que ele, quando era bem jovem, já treinava com o time principal, por exemplo. E tinha um jogador mais experiente que o intimidava. Até que um dia ele se impôs e o desafiou para uma briga. Um garoto como um Independiente x Flamengo (risos). Mas isso lhe rendeu muita credibilidade, muito respeito e nunca mais aconteceu - lembrou Santiago Morales, gerente-geral do Del Valle. — Gonzalito tem uma mãe extraordinária que lutou por ele sozinha, que foi muito forte ao seu lado. Claro, a atmosfera no Rio, a fama, é difícil e você tem que saber lidar com isso. Eu nunca vou justificar isso do Gonzalito, mas em campo dá conta do recado. Ele fez uma ótima Copa do Mundo pelo seu comprometimento e a maneira como jogou. Na juventude também sempre foi inquieto, mas menino bom, pessoa gentil e boa. Sua mãe merece muito crédito por isso - completou. Plata durante treino do Flamengo — Foto: Gilvan de Souza/Flamengo Esta será a primeira oportunidade de Plata atuar como visitante no Equador. No ano passado, quando o Flamengo empatou com a LDU, ele viajou com a delegação, mas apresentou um problema no joelho e foi cortado da relação. O retorno ao Equador tem sabor especial para o ponta, mas o Flamengo o ajudou a retornar ainda maior para casa. Destaque da equipe durante a Copa do Mundo de 2026, ele só voltou a ser protagonista e convocado após assinar com a equipe rubro-negra. Na época que chegou, ele não vinha sendo chamado após polêmica com Arboleda em boate nos Estados Unidos . André Rizek elogia a estratégia do Flamengo! Até negociar com o Dínamo Moscou, Plata era o titular de Leonardo Jardim na ponta direita. Desde que o atacante foi liberado, o treinador vem tentando encontrar alternativas no setor e já usou Luiz Araújo e Carrascal, que foi bem. Além disso, o Fla foi ao mercado para contratar o também equatoriano Anthony Valencia, que pode ser utilizado. Diante da maior concorrência, caberá ao jogador reencontrar o espaço. Como o clube russo desistiu da transferência antes do término do prazo de inscrição nas quartas de final da Libertadores, o Flamengo não chegou a mexer na lista para tirar Plata. Por isso, ele continua sendo uma alternativa. Nesta quinta-feira, às 21h30 (de Brasília), terá a chance de enfrentar o Independiente del Valle no Estádio Atahualpa, valendo vaga na semifinal."
"Boto comenta possível ida de Cebolinha ao Santos: ""Ele se excluiu do Flamengo""",,https://ge.globo.com/futebol/times/flamengo/noticia/2026/09/08/boto-comenta-possivel-ida-de-cebolinha-ao-santos-se-excluiu-do-flamengo.ghtml,"Ana Canhedo detalha chegada de Cebolinha ao Santos e pedido de Neymar por Coutinho José Boto, diretor técnico do Flamengo , comentou a negociação do Santos com Éverton Cebolinha. O português abordou a situação do atacante no clube carioca e afirmou que ele ""se excluiu do Flamengo "" nesta temporada. Everton Cebolinha, do Flamengo, durante partida contra o Lanús, pela Recopa. — Foto: Jorge Rodrigues/AGIF Aos 30 anos, Cebolinha avançou nas tratativas com o Santos para um contrato até o fim da temporada, em moldes parecidos com os das negociações de Arthur e Lima, recém-contratados. Ele vai rescindir contrato com o Flamengo , com quem tem vínculo até dezembro. Luiza Sá mostra detalhes do treino do Flamengo em Quito | Voz do Setorista — Na segunda, depois do jogo do Remo, (Cebolinha) pediu para ir para o Rio, porque tinha um ou dois clubes interessados. Ele sabe as condições que colocamos, se forem clubes do Brasil. Nós estamos à espera. Temos algumas informações, mas estamos esperando os contratos finais, para podermos dizer se ele vai para aquele clube - continuou o dirigente. Cebolinha estava com a delegação do Flamengo em Belém, mas foi liberado pela diretoria rubro-negra para retornar ao Rio de Janeiro. O atacante tem 12 jogos no Brasileirão, número limite para poder trocar de equipe. Ele ainda precisa resolver questões burocráticas com o clube. Quando perguntado se o Santos atendia às expectativas para o contrato, Boto respondeu: ""Pelo o que me disseram, sim"" . O Santos tinha interesse em Cebolinha desde o ano passado, mas estava pessimista, já que o jogador foi procurado por clubes europeus e também por outros brasileiros. A diretoria chegou a ""jogar a toalha"" em função das outras ofertas recebidas por ele."
Ênio deixa a Chapecoense e tem transferência encaminhada para o futebol árabe,,https://ge.globo.com/sc/futebol/times/chapecoense/noticia/2026/09/08/enio-deixa-a-chapecoense-e-tem-transferencia-encaminhada-para-o-futebol-arabe.ghtml,"Corinthians 1 x 2 Chapecoense | Melhores momentos | 26ª rodada | Brasileirão 2026 O atacante Ênio, de 25 anos, está de saída da Chapecoense. Emprestado pelo Juventude, ele teve o vínculo com o Verdão, que ia até o final de 2026, rescindido nesta terça-feira. Conforme apurado pelo ge , o jogador tem transferência encaminhada para o futebol da Arábia Saudita. Ênio, da Chapecoense, contra o Fluminense — Foto: Rafael Bressan/ACF O jogador chegou ao clube catarinense no início da temporada, para a disputa da Série A do Brasileiro. No Verdão, ele fez 24 jogos, somando um gol e uma assitência. O novo clube e os valores da negociação do jogador com o futebol árabe não foram divulgados. A rescisão contratual dele com a Chape já foi publicada no Boletim Informativo Diário (BID) da CBF. Ênio deixa a Chapecoense e negocia com clube do futebol árabe — Foto: CBF/Reprodução Em meio a sua passagem pelo clube, ele seguiu sendo investigado por manipulação de competição esportiva e lavagem de bens, se tornando réu após denúncia do Ministério Público do RS. A denúncia, apresentada no dia 30 de janeiro à Vara Criminal da Comarca de Caxias do Sul, aponta que o atleta atuou em esquema de manipulação de apostas em jogos do Campeonato Brasileiro de 2025 e ocultou valores superiores a R$ 1,9 milhão obtidos de forma ilícita. Atacante Ênio vira réu em ação por fraude em apostas esportivas Ainda conforme o MP, Ênio teria recebido dois cartões amarelos de forma deliberada em duas partidas da competição, quando atuava pelo Juventude: na estreia contra o Vitória, no Alfredo Jaconi e, na oitava rodada, contra o Fortaleza, no Ceará. Mais notícias do esporte catarinense no ge.globo/sc"
"Santos x Atlético-MG: onde assistir ao vivo, horário e escalações",,https://ge.globo.com/sp/santos-e-regiao/futebol/copa-sul-americana/noticia/2026/09/09/santos-x-atletico-mg-onde-assistir-ao-vivo-horario-e-escalacoes.ghtml,"Caminho traçado: próximos confrontos da Sul-Americana estão definidos Eliminado da Copa do Brasil, o Santos se recuperou no Brasileirão e abriu vantagem para o Z-4 ao vencer o Internacional, fora de casa, no último domingo. Com mais folga no campeonato nacional, o clube deve aumentar o foco na Copa Sul-Americana, torneio que é a única chance de título neste ano e uma chance de voltar a disputar a Conmebo Libertadores no ano que vem. O Atlético-MG vem de sua primeira derrota depois de superar os 100 dias de invencibilidade. Tropeçou no Brasileiro, mas vive um bom momento nas Copas. Está na semifinal da Copa do Brasil e eliminou o RB Bragantino nas oitavas da Sul-Americana. O objetivo? Voltar à Libertadores depois de dois anos fora da principal competição continental. Cuca deve manter a base da equipe que venceu o Internacional, no último domingo, pelo Campeonato Brasileiro. O zagueiro Lucas Veríssimo segue como ausência por conta de dores no tornozelo direito. Contratado na última semana, o lateral-direito Rodinei fica à disposição pela primeira vez e tem chance de ser titular. Além de Lucas Veríssimo, Neymar e Barreal, lesionados, o Santos também não conta com o atacante Rony, que cumpre suspensão. O treinador tem os retornos de Lyanco, Maycon e Igor Gomes - recuperados e liberados pelo departamento médico. O trio deve ser opção no banco de reservas. A dúvida é quem vai substituir Cuello, suspenso, além da briga por vaga entre Cassierra e Renier."
"Pedro e Samuel Lino, do Flamengo, comemoram convocação para Seleção; veja",,https://ge.globo.com/futebol/times/flamengo/noticia/2026/09/09/pedro-e-samuel-lino-do-flamengo-comemoram-convocacao-para-a-selecao-brasileira.ghtml,"Carlo Ancelotti convoca jogadores para amistosos contra Austrália e Índia O Flamengo teve dois jogadores convocados para a Seleção Brasileira. Nesta quarta-feira, o técnico Carlo Ancelotti divulgou os 26 nomes chamados para os próximos amistosos contra Austrália e Índia, entre o fim de setembro e o início de outubro. Pedro e Samuel Lino estarão com a delegação e comemoraram a presença com a Amarelinha. — Muito feliz de retornar à Seleção neste novo ciclo. É gratificante. Agradeço ao Flamengo . Isso é fruto de muito trabalho no dia a dia e nos jogos. Espero desfrutar. Que seja um novo ciclo de vitórias na Seleção — declarou Pedro à Flamengo TV,. Pedro disputou a Copa do Mundo de 2022. Pela Seleção, fez a última partida num amistoso contra Senegal, na derrota por 4 a 2, no dia 20 de junho de 2023. O atacante foi convocado em 2024 por Dorival Júnior, mas sofreu grave lesão com a ruptura no ligamento cruzado anterior do joelho esquerdo e foi cortado. Pedro, atacante do Flamengo, em treino da Seleção — Foto: Lucas Figueiredo / CBF Já Samuel Lino esteve na lista larga para o Mundial de 2026, mas não foi convocado. Ele foi lembrado pelo treinador italiano em agosto do ano passado, quando foi chamado para substituir Matheus Cunha, lesionado, durante uma Data-Fifa. — Estou feliz de estar sendo convocado nesse novo ciclo. Espero desfrutar muito — afirmou Samuel Lino. Samuel Lino, do Flamengo, em sua estreia na Seleção contra a Bolívia — Foto: Buda Mendes / Getty Images A Seleção Brasileira terá três compromissos nesta Data Fifa. O primeiro será contra a Austrália, no dia 25 de setembro, em Townsville. Quatro dias depois, brasileiros e australianos voltam a se enfrentar, desta vez em Brisbane. Por fim, o Brasil encara a Índia em 3 de outubro, em Calcutá."
Convocação da Seleção: veja a lista de Carlo Ancelotti para os amistosos contra Austrália e Índia,,https://ge.globo.com/futebol/selecao-brasileira/noticia/2026/09/09/convocacao-da-selecao-veja-a-lista-de-carlo-ancelotti-para-os-amistosos-contra-australia-e-india.ghtml,"Carlo Ancelotti convoca jogadores para amistosos contra Austrália e Índia São muitas as novidades na lista de 26 convocados da seleção brasileira anunciada nesta quarta-feira, visando os próximos amistosos contra Austrália e Índia, entre o fim de setembro e o início de outubro. Esta é a primeira convocação do técnico Carlo Ancelotti depois da Copa do Mundo de 2026 , na qual o Brasil foi eliminado pela Noruega nas oitavas de final. ""Está claro que o Ancelotti não está preocupado com camisa 10"", diz Ledio Havia a expectativa de que a primeira convocação do Brasil desse pós-Copa trouxesse novidades. Quando anunciou os amistosos contra Austrália e Índia, Ancelotti afirmou que pretende aproveitar esses jogos para observar novos jogadores, principalmente jovens . A intenção é encontrar nomes para compor o processo de renovação da Seleção nos próximos anos. Ana Thaís comenta convocação: ""Adorei a lista, em especial o meio-campo"" — Essa é uma lista equilibrada, com jogadores que estiveram na Copa do Mundo. Vai ser importante para a próxima geração. Temos jovens, que têm qualidade para representar no futuro a Seleção, nos próximos anos . E temos também jogadores que estão atuando muito bem no Campeonato Brasileiro. Temos que priorizar jovens que terão idade para a próxima Copa do Mundo, ou a próxima Copa América — comentou Carlo Ancelotti, em entrevista coletiva. ""Eu tenho uma decepção nessa lista da Seleção"", diz Rizek A nova lista de convocados de Ancelotti conta com oito jogadores que nunca foram chamados antes para a seleção principal. O técnico aproveitou a entrevista coletiva para mandar um recado positivo para nomes mais experientes ou já com histórico na Seleção. Ancelotti sobre carência no meio-campo: ""Colocar uma nova geração de jogadores"" — Para todos os outros não há porta fechada, a porta está aberta a todos. Lógico que agora eu prefiro focar meu trabalho com os jovens e acompanhar o progresso deles. Às vezes, o objetivo do clube não é o objetivo da Seleção. Temos jogadores que pensamos que vão representar o futuro da Seleção e eles não estão jogando, temos que acompanhar esses jogadores, se eles não jogam, temos que dar a oportunidade de eles jogarem e progredirem — disse Ancelotti. Outra característica dessa convocação é a grande quantidade de atletas que atuam no futebol brasileiro . São 10 nomes, sendo o Corinthians o clube com o maior número de representantes (três). Ancelotti ressaltou que jogadores do Campeonato Brasileiro tendem a estar melhores fisicamente do que aqueles de outras ligas, principalmente da Europa, que se encontram em início de temporada. — Agora alguns jogadores do Brasil estão em condição física melhor, porque o Campeonato Brasileiro está mais adiantado que outras ligas, mas não estamos priorizando jogadores que atuam no Brasil. Os jogadores que chamei do Brasileirão estão bem e podem ajudar a Seleção. Também há jovens que não conheço, têm potencial e precisamos dizer a eles que estamos observando. Carlo Ancelotti sobre renovação da Seleção: ""Priorizar jovens para a próxima Copa"" O Brasil enfrentará a Austrália duas vezes. A primeira no dia 25 de setembro, no Queensland Country Bank Stadium, em Townsville, e a segunda no dia 29, no Suncorp Stadium, em Brisbane. A Seleção jogará contra a Índia no dia 3 de outubro, no Salt Lake Stadium, em Calcutá. Será o primeiro jogo na história entre as duas equipes. Carlo Ancelotti durante a convocação da Seleção — Foto: André Durão A seleção brasileira terá mais dois compromissos neste ano, na data Fifa de novembro , quando disputará amistosos contra Japão e Singapura , sendo as duas partidas no Estádio Nacional de Singapura."
Negociação entre Atlético-MG e CSKA por Cuello trava; entenda o impasse,,https://ge.globo.com/futebol/times/atletico-mg/noticia/2026/09/09/negociacao-entre-atletico-mg-e-cska-por-cuello-trava-entenda-o-impasse.ghtml,"A negociação entre Atlético-MG e CSKA, da Rússia, por Cuello está travada e não deve avançar. O clube mineiro estava aberto a ouvir as condições colocadas pela equipe, mas a questão financeira pesou nas tratativas e, neste momento, a tendência é que o atacante permaneça na Cidade do Galo. O ge apurou que o principal impasse surgiu quando os russos optaram por incluir no negócio uma dívida do Galo com o clube. O Alvinegro tem uma pendência financeira com o CSKA pela contratação de Bruno Fuchs. O valor gira em torno de cinco milhões de euros, cerca de R$ 29,5 milhões, e seria abatido da quantia a ser paga por Cuello. Esse valor segue na Fifa e sem uma definição. Atlético-MG x Internacional; Cuello — Foto: Gilson Lobo/AGIF A proposta pelo atacante argentino também não agradou à direção do Atlético-MG . O CSKA ofereceu cerca de 10 milhões de euros, aproximadamente R$ 59 milhões, além de metas. O Galo entende que a saída só faria sentido se chegasse nos valores estipulados pela direção. Seria único fator que justificaria a perda de um jogador importante nesta fase decisiva da temporada. O Atlético está classificado para a semifinal da Copa do Brasil e para as quartas de final da Sul-Americana. Pela competição continental, a primeira partida acontece nesta quarta-feira, diante do Santos, em São Paulo. Diante da importância dos torneios e do objetivo de voltar à Libertadores em 2027, o Galo considera difícil encontrar uma reposição à altura de Cuello. A janela de transferências fecha na próxima sexta-feira. Além disso, outros mercados importantes pelo mundo já encerraram o período de negociações, o que dificultaria as conversas na busca por um substituto. Cuello ficou balançando com os valores . Financeiramente, o salário pago pelo clube russo ao jogador seria considerado ""irrecusável""."
Promessa da base e carrasco do Atlético-MG se despede do Cruzeiro,,https://ge.globo.com/futebol/times/cruzeiro/noticia/2026/09/08/promessa-da-base-e-carrasco-do-atletico-mg-se-despede-do-cruzeiro.ghtml,"Cruzeiro perde para o Corinthians e é eliminado do Brasileiro Feminino O Cruzeiro encaminhou o empréstimo do jovem Ruan Índio para o Radomiak Radom, da Polônia, por um ano. O jogador se despediu do clube mineiro pelas redes sociais, agradeceu e disse esperar ser um até logo. Ruan Índio está na base do Cruzeiro há onze anos. O jogador ganhou destaque no Sub-17, quando foi convocado para a Seleção de base e se tornou carrasco do Atlético-MG, maior rival. O atacante marcou 13 gols sobre o time alvinegro durante toda a caminhada dentro do clube celeste. Em 2023, ele passou a ter oportunidades no Sub-20, mesmo com a idade para o Sub-17. O jogador foi campeão da Copa do Brasil de base no mesmo ano. O destaque levou o Cruzeiro a uma renovação de contrato com uma multa de R$ 320 milhões para o exterior. Ruan Índio Cruzeiro — Foto: Staff Images/ Cruzeiro O jogador passou um 2025 com problemas de lesão, que o prejudicaram na sequência de jogos, passando quatro meses fora. Índio chegou a ser integrado ao profissional para treinos em algumas oportunidades, mas não estreou pelo time principal."
Atuações do Vasco: Léo Jardim salva em outra noite infeliz de Spinelli; dê suas notas,,https://ge.globo.com/futebol/times/vasco/noticia/2026/09/08/atuacoes-do-vasco-leo-jardim-salva-em-outra-noite-infeliz-de-spinelli-de-suas-notas.ghtml,"Fez duas grandes defesas em cobranças de escanteios no fim da segunda etapa. Quase mandou a bola para o gol adversário desde a sua área no primeiro tempo, em lance que não valeria se a bola entrasse diretamente no gol. Chutou de longe e levou perigo em tentativa da entrada da área. Driblou na lateral depois de receber de Rojas, chutou cruzado e levou perigo. Escorregou e deixou Fagúndez livre para chutar no travessão. Não conseguiu incomodar Rodallega em cabeçada perigosa no início do segundo tempo. Na frente, arriscou chute de longe sem perigo. Chutou a bola para a torcida depois da saída e levou cartão amarelo. Acompanhou bem o ataque colombiano. Foi firme em jogada perigosa de bate-rebate na área vascaína. Mas não alcançou Fagúndez em cabeçada perigosa na reta final da partida. No fim, cortou bem no mano a mano. Arriscou chute cruzado, mas sem força no primeiro tempo. Errou passe quando tentou abrir o lance para Nuno. Sofreu com as investidas de Obrian por seu lado. Entrou na lateral esquerda. Quando abriu para tentar o chute, isolou, na primeira bola que tentou no ataque. Não conseguiu cortar a bola que terminou em gol anulado por pouco de Scarpeta. Cobriu Piton e pressionou chute de Palacios, que finalizou para fora. Errou muito no primeiro tempo. Com problemas no domínio e em controlar a bola para conduzir ao ataque. Cansou muito na segunda etapa e foi substituído. Acertou duas inversões para Puma no primeiro tempo e ajudou o Vasco a controlar o meio-campo até o intervalo. Na segunda etapa, caiu de produção e teve pouca imaginação para ameaçar o gol adversário. Entrou mais adiantado e conseguiu ajudar o time a sofrer menos nos últimos minutos, à exceção das duas jogadas em cobranças de escanteio. Não conseguiu finalizar depois de bom cruzamento de Spinelli. Errou cruzamento para a área, mas fez boa jogada em lance em que Nuno não conseguiu finalizar. Criou e perdeu chance incrível ao arrancar e chutar em cima do goleiro Asprilla no segundo tempo. Antes, cabeceou com perigo em cobrança de escanteio aos 11 minutos. Ainda errou passe simples que deixaria Marino de cara para o gol. Poucas ações com a bola, perdeu boa chance no fim da partida ao tentar colocar no canto. Movimentou-se, mas voltou a jogar mal, com pouca sequência nas jogadas. Travado depois de boa jogada de Marino. Tinha campo para avançar e chutou de muito longe no início do segundo tempo. Participou pouco no fim do segundo tempo. Colocou time quase todo reserva, só com Léo Jardim titular. Se faltou entrosamento, houve algum domínio territorial no primeiro tempo. Na segunda etapa, a equipe perdeu controle, sofreu e cedeu boas chances para o Santa Fe. Vasco X Santa Fe - Copa Sul-Americana 2026 - Quartas de final Avalie os atletas para aparecer no compartilhamento Jogadores do Vasco contra o Santa Fe — Foto: Sergio Acero/Reuters"
Botafogo busca reposição para Arthur Cabral e freia transferência para o México,,https://ge.globo.com/futebol/times/botafogo/noticia/2026/09/09/botafogo-busca-reposicao-para-arthur-cabral-e-freia-transferencia-para-o-mexico.ghtml,"Hakim Ziyech chega ao Rio de Janeiro hoje para assinar com o Botafogo A saída de Arthur Cabral do Botafogo não é considerada simples. O clube recebeu uma proposta do Tigres, do México, mas busca uma reposição no mercado para o atacante titular. Alex Arce, do Independiente Rivadavia, era um dos alvos do clube carioca, mas a negociação não avançou. Arthur Cabral comemora o gol do Botafogo contra o Mirassol — Foto: Alexandre Durão Os mexicanos ofereceram 8 milhões de dólares (cerca de R$ 41 milhões) ao Botafogo por Arthur Cabral, mas o clube carioca considera o jogador importante para o elenco e acha ideal ter uma reposição para liberá-lo. A janela fecha nesta sexta-feira, dia 11 de setembro, e o tempo para contratar um atacante com condições para assumir a titularidade é considerado curto. Um dos alvos do Botafogo era Alex Arce, do Independiente Rivadavia. Arce, de 31 anos, havia jogado no Rivadavia entre 2023 e 2024. Depois, se transferiu para a LDU, mas pediu para deixar o clube equatoriano no meio de uma campanha semifinalista da Libertadores para retornar ao ex-clube. Alex Arce, do Independiente Rivadavia, comemora gol contra o Fluminense, pela Libertadores. — Foto: ANDRES LARROVERE / AFP O atacante é um ídolo do Independiente Rivadavia. Lá, conquistou os títulos da segundona argentina, em 2023, e da Copa Argentina, em 2025. Arce é o artilheiro da Libertadores 2026, com nove gols até as oitavas de final, quando a equipe foi eliminada para o Fluminense. O ge apurou que o Rivadavia descarta a possibilidade de negociar Arce, pelo menos até o fim do ano. Enquanto isso, outros nomes estão no radar do Botafogo, que vê a saída de Arthur como difícil neste momento. Matheus Gonçalves é o principal alvo para jogar na ponta. Fabricio Pérez, do Estudiantes, e Emiliano Gómez, do Puebla, também foram procurados, mas as conversas não avançaram. Outro nome que entrou no radar foi Zaha, livre no mercado, mas o salário alto impediu a negociação."
Vila Nova x Goiás: ingressos esgotados para clássico de quinta-feira,,https://ge.globo.com/go/futebol/brasileirao-serie-b/noticia/2026/09/08/vila-nova-x-goias-ingressos-esgotados-para-classico-de-quinta-feira.ghtml,"Os ingressos para o clássico entre Vila Nova e Goiás estão esgotados. As equipes se enfrentam nesta quinta-feira, às 19h30, no estádio Onésio Brasileiro Alvarenga (OBA), pela 27ª rodada da Série B. A partida terá torcida única do Vila Nova, mandante do confronto. Ao todo, 10 mil torcedores estarão no OBA para acompanhar o clássico. O Vila Nova chega para o duelo após ser goleado por 5 a 0 pelo Athletic, fora de casa, mas ainda ocupa a quarta colocação da Série B, com 44 pontos. Vila Nova recebe o Goiás com casa cheia na próxima quinta — Foto: Roberto Corrêa / Vila Nova F.C. O Goiás também vem de derrota. O Esmeraldino perdeu por 1 a 0 para o Fortaleza, na Serrinha, e está na 12ª colocação, com 36 pontos. O time precisa vencer para voltar a se aproximar do G-6. Vila Nova e Goiás se enfrentam nesta quinta-feira, às 19h30. Depois do clássico, as equipes voltam a campo na segunda-feira (14), fora de casa. O Goiás visita o Botafogo-SP, enquanto o Vila Nova enfrenta o Avaí, em Florianópolis."
"Del Valle virou potência com formação antirracista, foco em base e estrutura e tenta assombrar novamente o Flamengo",,https://ge.globo.com/futebol/times/flamengo/noticia/2026/09/09/del-valle-virou-potencia-com-formacao-antirracista-foco-em-base-e-estrutura-e-tenta-assombrar-novamente-o-flamengo.ghtml,"Base da seleção equatoriana, o Independiente del Valle carrega a alcunha de ""matador de gigantes"". A ascensão meteórica nos últimos anos não é por acaso e acontece como resultado de um investimento principalmente na formação de jogadores. A ideia vai muito além do desenvolvimento para vendas futuras. Adversário do Flamengo nas quartas de final da Libertadores, o clube se empenha em educação antirracista, dedica recursos à estrutura e tenta repetir a história de Davi e Golias que já conseguiu em 2023. Del Valle virou potência com formação antirracista e tenta assombrar novamente o Flamengo A frase ""um clube diferente"" está presente nos mais diferentes lugares do complexo onde o Del Valle, treina, forma atletas e joga em Sangolquí, cidade ao sul e quase 40 minutos do centro de Quito. Não à toa. Em 2007, a equipe passou por uma total reestruturação de nome, filosofia e investimento. Era o modelo centrado nas categorias de base. Desde 2019, os equatorianos somam três títulos no continente: duas Copas Sul-Americanas (2019 e 2022) e uma Recopa (2023) vencida contra o Flamengo em pleno Maracanã. Em nove anos, foram da terceira divisão do Equador à final da Libertadores em 2016, quando perderam para o Atlético Nacional na última decisão sem brasileiros ou argentinos. Na luta por uma vaga na semifinal, o Del Valle tenta assombrar novamente os cariocas. O ge teve acesso ao local que abriga o time profissional, as categorias de base e a equipe feminina. A Ciudad Deportiva Valle de los Sueños fica ao lado do Estádio Banco Guayaquil, onde a equipe manda seus jogos e teve uma construção em tempo recorde de um ano com capacidade para 12 mil pessoas. Não será o caso diante do Fla, que joga no Estádio Olímpico Atahualpa nesta quinta-feira, às 21h30 (de Brasília). Nessa estrutura, são oito campos, dois estádios e um projeto eternamente em desenvolvimento. CT do Independiente del Valle, do Equador — Foto: Luiza Sá/ge O Independiente del Valle, claro, busca conquistas e troféus, carrega planos ambiciosos e quer se manter em crescimento esportivo. Entretanto, se define com a característica principal de usar o futebol como meio de educar e incluir, principalmente reafirmando o compromisso social que tem com todos os envolvidos no dia a dia. Por isso, desenvolveu alguns trabalhos internos para reforçar essa identidade. Houve um marco para o clube em termos de importância da formação e do acolhimento do clube quando Mauri Quiñónez, um jovem de 18 anos considerado uma das maiores joias que já passaram pela equipe, foi assassinado em 2019 quando foi a Guayaquil visitar a família. No mesmo ano, o Del Valle foi campeão da Sul-Americana e Miguel Ángel Ramírez comemorou usando uma camisa do garoto. — Ele passou pelo Liverpool, estava perto de ser vendido. A família dele tinha problemas, o irmão vivia em zonas precárias do Equador, era de uma quadrilha e matou um líder de outra rival. Em represália, mataram o Maurício quando ele voltou para casa depois de um jogo. Ele é uma lembrança de que a família e o entorno são importantes. Não triunfa o jogador, triunfa o clube. Não é só você sair de casa, mas sua família se adaptar às novas realidades. Eles são os agentes de mudança real - contou Francisco Quiñonez, funcionário que viu toda transformação do clube. — Tem que cuidar do entorno e da família. Neste momento conectamos mais coisas. O colégio talvez não dava retorno, criamos coisas voltadas ao social e depois desse caso se preocuparam mais com isso. Os pais são parte do processo, explicam que se o filho não for ao colégio, não pode jogar - completou. Mauri Quiñónez fazia parte do Independiente Juniors, equipe criada para integrar aqueles jogadores que fazem parte da formação do clube, mas precisam de mais tempo antes de concluírem a transição para o time principal. Anthony Valencia, novo reforço do Flamengo , passou por lá. Para não precisar emprestar esses jogadores a equipes que não têm a mesma estrutura, o Del Valle apostou nessa filial (com quem compartilha o CT). Homenagem a Mauri Quiñónez, jogador assassinado da base do Del Valle — Foto: Luiza Sá/ge Um dos projetos tidos com mais carinho e atenção é com relação à educação antirracista. O Independiente del Valle leva o assunto tão a sério que criou um programa chamado Latidos del Valle, iniciado há três anos e parte do departamento IDV Raízes. Ele é feito para dar ferramentas a meninos e meninas não só no ambiente esportivo, mas também na sociedade, identificando o impacto do racismo na vida das pessoas, além de reforçar a importância da identidade e das raízes nesses jovens. Pensando nisso, há também um espaço dentro do Estádio Banco Guayaquil para provocar uma reflexão sobre o que se pode fazer individualmente contra o racismo. Lá, referências a figuras históricas na luta contra o preconceito como Muhammad Ali e a brasileira Dilma Mendes. O local não é aberto ao público, mas usado para passeios escolares ou visitações relacionadas a patrocinadores. — Isso nos implicou em um trabalho interno para os funcionários do clube para desaprender muitas práticas racistas e conseguir um entorno seguro aqui dentro. Nesse processo identificamos muitas necessidades que os jogadores tinham, o impacto que tem a violência na vida deles, o racismo. Com tudo isso viemos novas necessidades que o clube precisava atender - explicou Ana Maria Morales, gerente do IDV Raízes. Espaço no estádio do Independiente del Valle convida a pensar a luta antirracista — Foto: Luiza Sá/ge Há três principais objetivos. O primeiro que o Independente del Valle seja um lugar seguro para o crescimento dos meninos e meninas. O segundo criar uma identidade fortalecida para dar ferramentas, força e base para enfrentar adversidades, seja com racismo, a migração, uma transferência para equipes de fora do país, problemas familiares, brigas, entre outros. A terceira é de acompanhamento terapêutico. — Temos uma equipe de psicólogos com acompanhamento personalizado com alguns jogadores, não todos. Vai atender a alguma situação de trauma, abandono, jogadores que sabemos que têm alguma projeção a serem transferidos ou chegar à primeira equipe. Os seis que foram transferidos neste ano já vinham de um processo de acompanhamento aqui onde já vínhamos os preparando para todas as mudanças que iram passar. Vamos trabalhar com eles para que seja um caminho de êxito e voltamos ao tema de identidade. Porque é mais fácil no campo do futebol que a identidade se construa unicamente por ser jogador. Mas o que acontece se você se lesiona ou se passa muito tempo no banco de reservas? Tudo isso vai ser afetado - disse a gerente. São 250 adolescentes acompanhados diretamente pelo departamento, entre 10 e 19 anos. Participam também jovens que já se formaram no colégio, mas continuam no processo de desenvolvimento da base ou já estão na transição para a equipe principal, além de outros que possam passar por vendas significativas. O trabalho passa por temas ecológicos, de identidade, dos motivos para estarem no clube, o impacto que tem a violência armada na vida deles, entre outros. Nisso também estão estratégias para lidar com situações racistas em jogos. — Há dois anos o sub-13 foi jogar uma partida, e a torcida os insultou permanentemente. Eles voltaram, falaram com o treinador. Eles já haviam desenhado sua reação, que era uma inspirada em Nico Williams (de colocar dois dedos no braço), fizeram um gol, comemoraram assim, levantaram o punho e voltaram. No segundo tempo fizeram novamente e conseguiram que o árbitro sancionasse a torcida com uma multa. Um dos pontos importantes aqui é reconhecer que a dor que eles vivem com o racismo não é só deles, mas dos companheiros também e que há uma instituição que vai respaldar e apoiar quando acontecer - contou Ana Maria Morales. Arrascaeta lamenta pênalti perdido em Flamengo x Del Valle — Foto: André Durão Dentro do CT estão jovens desde o sub-13, que moram, treinam, jogam e estudam no local. Quem se destaca na base ganha um lugar na parede onde o clube lembra seus principais jogadores. Estão por lá Moisés Caicedo, venda mais expressiva da história do clube quando saiu para o Chelsea, William Pacho, do PSG, e nomes mais conhecidos no futebol brasileiro, como Juan Cazares, Junior Sornoza, Alan Franco e, claro, Gonzalo Plata e Anthony Valencia, do Flamengo . Foram investidos mais de 10 milhões de dólares no CT ao longo dos anos. Mais de 400 jogadores passam por ali diariamente, com acesso a alimentação, escola, médicos. Na maioria dos clubes, uma venda como a de Caicedo por 133,5 milhões de dólares (R$ 723,4 milhões na cotação da época) poderia ter sido usada para buscar grandes reforços, mas não no Del Valle. Luiza Sá mostra detalhes do treino do Flamengo em Quito | Voz do Setorista O dinheiro dessa transferência foi para um fundo onde não se toca. O que há de rendimento desse montante é investido na infraestrutura do CT. A prioridade, hoje, é que os jovens que lá estão tenham tudo que precisam e que o clube se torne autossustentável, sem precisar de um aporte externo. Atualmente, o Equador também aprovou a existência das SAFs, mas, no momento, isso não está nos planos do Del Valle. — Nossa ideia é sermos sustentáveis ​​ao longo do tempo. Muitos amigos nos dizem: ""Vocês têm muito dinheiro no banco, por que não contratam dois ou três jogadores e disputam ou ganham a Libertadores?"" Mas nada disso garante nada. Temos um orçamento de cerca de 12 milhões de dólares e vamos enfrentar um time com 220 milhões, então, se adicionarmos mais 20 milhões, não fará diferença. Não podemos usar esse fundo para contratar jogadores para o time principal. Será usado gradualmente para alimentação, mensalidades escolares, treinadores das categorias de base, talvez para comprar outra propriedade para continuar desenvolvendo jogadores e para manter as instalações aqui no Equador, em Quito, Guayaquil, Esmeraldas e Santo Domingo - explicou Santiago Morales, gerente-geral do Del Valle. Anualmente o Del Valle tem um orçamento de 12 milhões de dólares. Só com a equipe principal, incluindo comissão técnica e jogadores, são 8 milhões de dólares anuais. Os equatorianos sabem que estão enfrentando um dos favoritos da Libertadores, mas não têm medo. O exemplo da Recopa de 2023 está vivo na memória e nas paredes do clube. — Há apenas três anos passamos por isso. Vencemos aqui por 1 a 0. Sabíamos que foi uma diferença muito pequena. Foi um daqueles jogos intensos em que o Flamengo dominou. Nós, principalmente no segundo tempo, nos defendemos bastante. No Maracanã não tinham mais do que 100 pessoas nossas, nos deram dois camarotes. Todo o resto era Flamengo . É incrível a paixão dos torcedores do Flamengo . É um time que admiramos muito. Tínhamos uma grande amizade porque eles são o time que mais enfrentamos em torneios internacionais. Nos jantares habituais com as diretorias de outros clubes, o último deles aconteceu na casa do presidente do clube (Rodolfo Landim na época). Havia uma amizade. Mas 2023 foi épico - lembrou Morales."
"Matheuzinho, Hugo e Bidon festejam convocação para a Seleção: ""Nunca imaginei""",,https://ge.globo.com/futebol/times/corinthians/noticia/2026/09/09/matheuzinho-hugo-e-bidon-festejam-convocacao-nunca-imaginei-que-viveria-esse-momento.ghtml,"Veja as reações de Hugo Souza, Matheuzinho e Bidon com a convocação para a Seleção O goleiro Hugo Souza, o lateral-direito Matheuzinho e o meio-campista Breno Bidon celebraram juntos a convocação para a seleção brasileira, ocorrida nesta quarta-feira . Concentrados em La Plata para a partida contra o Estudiantes, em duelo de ida das quartas de final da Conmebol Libertadores , o trio do Corinthians comemorou a presença na lista antes da partida que tem início marcado para as 21h30 (de Brasília) e transmissão da Globo para todo o Brasil. – Felicidade muito grande poder iniciar um ciclo tão importante para próxima Copa do Mundo e competições tão importantes como a Copa América. É como se fosse a primeira vez – disse o goleiro Hugo Souza, veterano da turma. Matheuzinho, Hugo Souza e Bidon assistem à convocação da Seleção — Foto: Reprodução / Corinthians TV Breno Bidon, convocado pela primeira vez aos 21 anos, classificou a oportunidade de defender o time principal do Brasil como uma “honra”. O meio-campista já atuou nas seleções de base. – Nem sei o que falar, nunca imaginei que viveria esse momento. É minha primeira convocação, que seja a primeira de muitas. Uma honra poder representar o país e podem ter certeza que vou continuar lutando sempre – destacou. Já Matheuzinho, também convocado pela primeira vez, sonha em permanecer nas próximas listas. – Pude receber esse presente, uma alegria imensa ser convocado pela primeira vez. Estou muito feliz, espero continuar trabalhando bem no Corinthians , entregando bastante para ser a primeira convocação de muitas – destacou. Ancelotti convocou Hugo Souza, Otávio e Pedro Morisco como goleiros da Seleção O trio do Corinthians vai defender o Brasil nos amistosos contra Austrália – o primeiro, no dia 25 de setembro, no Queensland Country Bank Stadium, em Townsville, e o segundo no dia 29, no Suncorp Stadium, em Brisbane – e depois contra a Índia, em 3 de outubro, na cidade de Calcutá."
Barra Mansa muda de técnico para sequência da Série B2 do Carioca,,https://ge.globo.com/rj/sul-do-rio-costa-verde/futebol/times/barra-mansa/noticia/2026/09/08/barra-mansa-muda-de-tecnico-para-sequencia-da-serie-b2-do-carioca.ghtml,"Patrick Gomes, ex-técnico do Barra Mansa — Foto: Julio Miglio Mudança no comando técnico do Barra Mansa. Patrick Gomes deixou o clube para acertar com o 7 de Setembro-MS. O sucessor no cargo é Helder Bruno, anunciado nesta terça-feira para a sequência da Série B2 do Campeonato Carioca, a quarta divisão do RJ. Patrick Gomes comandou o clube na campanha que garantiu o acesso na Série C, no primeiro semestre de 2026. Ele deixa o cargo com dois empates nas duas primeiras rodadas da Série B2: 2 a 2 com o Campos e 0 a 0 com o Friburguense. Helder Bruno, técnico do Barra Mansa — Foto: Reprodução/Redes Sociais O novo técnico, Helder Bruno, tem 33 anos e passou pelas categorias de base do Pérolas Negras e do Volta Redonda, além de ter sido auxiliar técnico nas equipes principais do Pérolas, no masculino e no feminino. O Barra Mansa ocupa a 8ª colocação da Série B2, com dois pontos em duas partidas disputadas. O próximo compromisso é contra o 7 de Abril, na próxima segunda-feira, às 14h45, no Estádio Leão do Sul."
Copa do Brasil Sub-20: Santo Antônio-MS desafia o atual bicampeão São Paulo em estreia,,https://ge.globo.com/ms/futebol/copa-do-brasil-sub-20/noticia/2026/09/09/copa-do-brasil-sub-20-santo-antonio-ms-desafia-o-atual-bicampeao-sao-paulo-em-estreia.ghtml,"Globo Esporte MS - edição de terça-feira, 08/09/2026 - Íntegra A delegação do Santo Antônio-MS viajou nesta quarta-feira (9) com destino a São Paulo para a disputa da Copa do Brasil Sub-20 . Esta é a primeira vez que o time de Campo Grande participa da competição. O adversário será o São Paulo nesta quinta-feira (10), às 16h30 (de MS), em Cotia . O duelo é em jogo único. Em caso de empate, a decisão da vaga vai para os pênaltis. O vencedor enfrenta Athletico-PR ou Luverdense na segunda fase. Santo Antônio-MS no Aeroporto de Campo Grande — Foto: André Sales/TV Morena O São Paulo é o maior campeão da Copa do Brasil Sub-20, com cinco títulos conquistados em 14 edições disputadas: 2015, 2016, 2018, 2024 e 2025. A equipe também é a atual bicampeã consecutiva. Ainda nesta quarta-feira (9), o Santo Antônio-MS fará um treinamento de reconhecimento do gramado. Renan Souza , técnico do Grêmio Santo Antônio, destacou a dificuldade do confronto, mas afirmou que a equipe chega preparada para tentar surpreender o adversário. Carlos Eduardo , que atua como zagueiro e lateral, também falou sobre a expectativa para a estreia na competição. - Muito feliz por jogar a Copa do Brasil, uma competição gigante. Esperamos conseguir um bom resultado. Santo Antônio-MS no Aeroporto de Campo Grande — Foto: André Sales/TV Morena O Santo Antônio-MS se garantiu na Copa do Brasil Sub-20 após conquistar o título do estadual Sub-20 em 2025, na final diante do Naviraiense. A equipe de Naviraí é o outro participante de Mato Grosso do Sul na competição, mas estreia no próximo dia 16, diante do Palmeiras. Santo Antônio foi buscar o título com vitória em Naviraí — Foto: Edcarlos Calado/@clavaphotos Jogos restantes da primeira fase da Copa do Brasil (horário de Brasília): Fale com o ge MS! – Quer enviar uma sugestão de pauta para o ge MS? Salve o nosso contato (67) 99933-5358 e envie uma mensagem pelo WhatsApp . Você e o seu esporte do coração podem aparecer no portal do esporte sul-mato-grossense."
"Thiago Silva critica reformulação de Ancelotti na Seleção: ""Aqui não funciona assim""",,https://ge.globo.com/futebol/times/fluminense/noticia/2026/09/08/thiago-silva-do-fluminense-critica-reformulacao-de-ancelotti-na-selecao-aqui-nao-funciona-assim.ghtml,"Thiago Silva critica Carlo Ancelotti por renovação da Seleção: ""Tem que ser passo a passo"" O zagueiro Thiago Silva, do Fluminense , criticou a decisão do técnico da seleção brasileira Carlo Ancelotti de promover uma reformulação ampla no time do Brasil no começo do ciclo para a Copa do Mundo de 2030. — Quer que eu minta ou fale a verdade? Você não pode descartar quem tem 31, 32, 33. Eu quase fui para a Copa com 41. Não pode descartar quem está vivendo um bom momento. Em Seleção Brasileira as coisas tem que ser devagar. Não pode tirar todo mundo e por novo. Tem que ser passo a passo. É muito difícil ser jogador de seleção brasileira, é muito diferente de clube. ele vem do futebol europeu que é mais fácil fazer. Aqui não funciona assim. Você precisa mudar e dar resultado. E se possível jogar bem. Eu não gosto desse tipo de mudança. Não concordo, porém ele que está no comando — apontou o zagueiro em entrevista à Rádio Tupi após a vitória sobre o Platense. O treinador italiano falou publicamente que a derrota para a Noruega por 2 a 1 nas oitavas de final do Mundial desse ano foi o fim do ciclo de uma geração. Nomes como Neymar, Danilo, Alex Sandro e Casemiro, todos com mais de 30 anos, não devem ter novas chances no time. Thiago Silva é um treinador em campo no Fluminense Thiago Silva trabalhou diretamente com Ancelotti quando deixou o Fluminense para defender o Milan, em 2008. Ficaram juntos apenas por uma temporada antes de o italiano ser contratado pelo Chelsea e deixar Milão. O zagueiro construiu uma história longeva e marcante pela Seleção, mesmo sem ter conquistado o título mundial. Foram 113 partidas e sete gols pela principal, quatro Copas do Mundo disputadas e os títulos da Copa América (2019) e Copa das Confederações (2013). Thiago Silva, em Fluminense x Platense — Foto: Divulgação: Marcelo Gonçalves / Fluminense FC"
Que curva é essa? Meia do Paysandu faz golaço na Série C e viraliza nas redes; assista,,https://ge.globo.com/pa/futebol/times/paysandu/noticia/2026/09/08/meia-do-paysandu-faz-gol-digno-de-puskas-na-serie-c-e-viraliza-nas-redes-assista.ghtml,"Meia do Paysandu, Marcinho engana goleiro e marca gol que vale Puskas contra o Brusque (SportyNet) O torcedor bicolor que comprou o ingresso para acompanhar Paysandu e Brusque, com toda certeza, não ficou satisfeito, já que o Papão perdeu por 2 a 1, na estreia do quadrangular da Série C do Campeonato Brasileiro. Porém, pelo menos pode dizer que viu de perto um golaço digno de Puskás no Mangueirão. Vice do Paysandu desconversa sobre chegada de atacante uruguaio Veja mais + Análise: Paysandu entende cedo que quadrangular não é um novo campeonato Aos 39 minutos do segundo tempo, quando o Paysandu já perdia por 2 a 0, o árbitro Pierry Dias dos Santos marcou uma falta para o time bicolor ao lado esquerdo da área do Brusque. É a típica falta que o jogador levanta a bola para um companheiro tentar cabecear para o gol. Marcinho comemora gol marcado pelo Paysandu contra o Brusque — Foto: Jorge Luis Totti / Paysandu Só que o camisa 10 do Paysandu resolveu arriscar, chutou de trivela, a bola fez uma curva absurda e parou no ângulo do goleiro Matheus Nogueira, do Brusque (veja no vídeo acima). O gol foi tão bonito que viralizou nas redes sociais. Perfis de fora do Brasil compartilharam. Contudo, esse golaço não foi suficiente para evitar a derrota do Paysandu, que saiu do gramado do Mangueirão derrotado na última segunda-feira, dia 7, na rodada inicial do quadrangular. Meia do Paysandu, Marcinho engana goleiro e marca gol que vale Puskas contra o Brusque — Foto: Reprodução / Sportynet"
"América-MG x Náutico: onde assistir ao vivo, horário e escalações",,https://ge.globo.com/mg/zona-da-mata-centro-oeste/futebol/brasileirao-serie-b/noticia/2026/09/09/america-mg-x-nautico-onde-assistir-ao-vivo-horario-e-escalacoes.ghtml,"Atacante Danielzinho deve ser relacionado pela primeira vez no Náutico O América-MG está numa situação cada vez mais delicada na luta contra o rebaixamento na Série B. O time tem 14 pontos, continua na vice-lanterna da competição, a 17 pontos do Ceará, primeiro time fora da zona de rebaixamento. Na última rodada, perdeu para o CRB por 3 a 1, em Alagoas. O Náutico, por sua vez, chega em um bom momento. Está invicto há oito rodadas e vem de duas vitórias consecutivas, sobre Athletic-MG e Botafogo-SP. Com 37 pontos, a missão da equipe alvirrubra é reduzir ainda mais os riscos de rebaixamento e se aproximar do G-6. Estádio Independência — Foto: Jefferson Bachega/Londrina EC O técnico Douglas Leite poderá ter a volta do zagueiro Manoel, que ficou fora contra o CRB por dores no joelho. O América-MG também poderá ter o retorno do volante Felipe Amaral. Com dores no púbis, o volante desfalcou a equipe mineira nos dois últimos jogos. A última partida que ele disputou foi contra o Sport, na derrota por 3 a 0. O Náutico deve ter mudanças no ataque mais uma vez. Contra o Botafogo-SP, Kauã Maranhão iniciou a partida no banco de reservas e entrou no decorrer do confronto. Derek e Vinícius foram titulares naquela vitória, com o último sendo referência no setor. A tendência é que o ataque para enfrentar o América seja formado por Vinícius, Derek e Kauã Maranhão. Outra novidade será a presença do atacante Danielzinho no banco de reservas. Recuperado de lesão e regularizado, ele foi relacionado pela primeira vez."
"Atlético-GO x Ceará: onde assistir ao vivo, horário e escalações",,https://ge.globo.com/go/futebol/brasileirao-serie-b/noticia/2026/09/09/atletico-go-x-ceara-onde-assistir-ao-vivo-horario-e-escalacoes.ghtml,"Atlético-GO empata com o Juventude em jogo marcado por denúncia de injúria racial O Dragão vem de empate fora de casa contra o líder Juventude e não perde há quatro rodadas. Com 40 pontos, o time goiano está em oitavo e segue perto do G-6. Mesmo que vença nesta quarta, o Atlético-GO ainda não entra no grupo dos seis primeiros por conta do confronto direto entre Operário-PR e CRB, que estão logo acima na tabela. O Ceará chega para o duelo após vencer o Sport por 2 a 1 diante da sua torcida e manter um tabu de 22 anos sem perder para a equipe pernambucana jogando em casa. Para além do resultado, o Alvinegro deixou a zona de rebaixamento e quer seguir fora dela. Visando ampliar a distância para o Z-4, o Vovô chega com a difícil missão de vencer fora de seus domínios e terá alguns desfalques e retornos importantes. Atlético-GO e Ceará se enfrentam no Antônio Accioly — Foto: Matheus Medeiros / ge O treinador rubro-negro não conta com Leandro Vilela, que está suspenso. Sendo assim, Daniel Peixoto será recuado para a função de primeiro volante e Netinho entra no time. No ataque, mais mudanças: Geovany Soares passa da ponta esquerda para a direita no lugar de Henrique Freitas. Gustavo Maia será o ponta esquerda. Na função de centroavante, João Pedro ganha a vaga de Gustavo Coutinho, que vinha sendo o capitão do time. Ceará bate Sport na Arena Castelão e respira na Série B Para o duelo diante do Atlético-GO, pela 27ª rodada, o técnico Daniel Paulista não vai contar com Enzo Lodovico, que cumpre suspensão automática pelo terceiro cartão amarelo. Além dele, Gabriel Silva também não viajou e está fora do jogo. O zagueiro deixou o gramado na partida contra o Sport com dores. Rian Santana e Saulo Mineiro, novos reforços, também não atuam. Por outro lado, o goleiro Caíque França viajou e estará no banco de reservas. Além dele, Bryan Borges, recuperado de lesão, volta a ser opção para Daniel Paulista."
Vasco anuncia contratação do meia Lescano,,https://ge.globo.com/futebol/times/vasco/noticia/2026/09/09/vasco-anuncia-contratacao-do-meia-alan-lescano.ghtml,"Vasco anuncia a contratação do meio-campista argentino Alan Lescano O Vasco anunciou nesta quarta-feira a contratação do meia Alan Lescano, ex-Argentinos Juniors. O argentino de 24 anos desembarcou no Rio de Janeiro na última sexta , realizou exames médicos e assinou contrato de quatro anos. A negociação gira em torno de US$ 7 milhões (cerca de R$ 36 milhões). A avaliação é de que Lescano pode oferecer mais capacidade de criação para a equipe. ""Pipa"", como é conhecido na Argentina, estava no topo da lista do scout vascaíno e é o quinto reforço anunciado para o segundo semestre. “Faz um estrago aqui”, diz Rizek sobre desejo do Vasco por Richarlison Antes, o Vasco havia contratado o lateral Paulinho, o volante Sosa e os atacantes Colidio e Bruno Duarte. O clube também encaminhou o acerto com o zagueiro Gabriel Pereira e sonha com a chegada do atacante Richarlison. Lescano é visto internamente como um jogador que chega para ser titular e que tem bastante potencial. O argentino pode atuar tanto como camisa 10, mais adiantado e próximo dos atacantes, quanto como um meio-campista mais recuado, na função de um 8 com características ofensivas, perfil que falta ao elenco. ""Reservas cumprem a missão na Colômbia"", analisa João Almirante | A Voz da Torcida O meia iniciou a carreira profissional no Gimnasia, em 2022. Na temporada seguinte, acertou com o Argentinos Juniors, clube pelo qual ganhou destaque. Por lá, foram 123 jogos disputados, com 27 gols e nove assistências. Lescano veste a camisa do Vasco pela primeira vez — Foto: Matheus Lima/Vasco Na terça, Lescano publicou uma mensagem de despedida ao Argentinos Juniors nas redes sociais e agradeceu ao clube a oportunidade de viver momentos importantes da carreira. — É difícil encontrar palavras para um lugar que significou muito para mim. O Argentinos abriu as portas para mim, confiou em mim e me deu a possibilidade de viver coisas que eu não imaginava. Aqui cresci muito, não apenas como jogador, mas também como pessoa. Vivi momentos lindos, outros nem tanto, mas todos fizeram parte de um caminho que vou levar para sempre — escreveu."
Meia grego do Borussia Dortmund passa mal em campo em jogo da Champions,,https://ge.globo.com/futebol/futebol-internacional/liga-dos-campeoes/noticia/2026/09/09/meia-grego-do-borussia-dortmund-passa-mal-em-campo-em-jogo-da-champions.ghtml,"Borussia Dortmund 3 x 2 Villarreal | Melhores momentos | 1ª rodada | Champions League O Borussia Dortmund apostou na contratação dos meias gregos Giannis Konstantelias e Konstantinos Karetsas, mas os dois reforços - que custaram, juntos, 56 milhões de euros (R$ 331 milhões) - tiveram problemas preocupantes já no início da temporada. Konstantelias sofreu uma ruptura de ligamento cruzado anterior (LCA) logo na primeira rodada do Campeonato Alemão. Nesta terça, na estreia do time na Liga dos Campeões da Uefa, Karetsas sentiu um problema circulatório na vitória por 3 a 2 sobre o Villarreal, deixou a partida ainda no primeiro tempo e foi direto para um hospital de Dortmund. O meia Karetsas, de 18 anos, foi formado nas divisões de base do Genk, da Bélgica. Depois de se destacar nas últimas duas temporadas no time profissional, foi contratado em junho por 30 milhões de euros (R$ 177 milhões) e assinou por cinco anos com o time alemão. Apesar da pouca idade, Karetsas esteve presente em todas as partidas do Borussia neste início de temporada. Nesta terça, porém, só ficou em campo até os 27 minutos do primeiro tempo. Em um lance sem disputa de bola, ele tocou para um companheiro e sentou no gramado pedindo atendimento. Em nota oficial após o jogo, o Borussia informou que Karetsas teve um problema circulatório e que ""está bem, considerando as circunstâncias"". O clube alemão, no entanto, ainda aguarda os resultados dos exames para uma melhor avaliação do caso. Konstantinos Karetsas, do Borussia Dortmund, recebe atendimento após passar mal contra o Villarreal — Foto: REUTERS/Leon Kuegeler Autor de 14 assistências na temporada passada, pelo Genk, Karetsas já mostrou serviço em pouco tempo na Alemanha. Foi dele o passe para Guirassy abrir o placar na vitória por 2 a 0 sobre o Hamburgo, na estreia na Bundesliga. O segundo gol foi marcado pelo outro reforço grego do Borussia. Mas Konstantelias acabou sofrendo uma ruptura do ligamento cruzado anterior (LCA) no segundo tempo e ficará o restante da temporada em recuperação. Revelado pelo PAOK, o meia-atacante de 23 anos deixou o clube com 44 gols em 188 partidas, contratado pelo Borussia por 26 milhões de euros (R$ 153 milhões). Esta não é a primeira vez que o Borussia Dortmund vê um reforço ter problemas logo na chegada. Em julho de 2022, o atacante marfinense Sébastien Haller foi diagnosticado com um tumor testicular apenas duas semanas após assinar contrato com o time alemão. Haller levou seis meses em tratamento e fez sua estreia apenas em janeiro de 2023. O jogador acabou deixando o Borussia depois de duas temporadas apenas, metade dos quatro anos previstos em contrato, com 12 gols em 41 partidas."
São Paulo x Santo Antônio-MS na Copa do Brasil Sub-20: onde assistir ao vivo e horário,,https://ge.globo.com/ms/futebol/copa-do-brasil-sub-20/noticia/2026/09/09/sao-paulo-x-santo-antonio-ms-na-copa-do-brasil-sub-20-onde-assistir-ao-vivo-e-horario.ghtml,"América-MG 1 x 2 São Paulo | Melhores Momentos | Final | Copa do Brasil Sub-20 O São Paulo foi vice-campeão da Copa SP de Futebol Júnior em 2026. No Brasileirão Sub-20, o time foi eliminado na primeira fase e ficou fora do mata-mata. No Paulistão Sub-20. No entanto, a equipe é a atual bicampeã seguida da Copa do Brasil da categoria e tem cinco títulos na história contra o estreante Santo Antônio-MS, que faz o primeiro jogo em sua história. O Santo Antônio-MS garantiu a vaga na Copa do Brasil Sub-20 ao conquistar o Sul-Mato-Grossense Sub-20 em 2025. CT de Cotia, em São Paulo — Foto: Rubens Chiri / saopaulofc.net O São Paulo, do técnico Júlio Baptista, deve ir a campo com João Pedro; Isac Silva, Luis Osorio, Angelo e Nicolas Bosshardt; Pedro Bezerra, Keven, Pedro Ferreira; Marvin Ávila, Luiz Fernando e João Costa . O Santo Antônio-MS , de Renan Souza, deve entrar com Eduardo Elias; Alisson Elioterio, Yan Matheus, Bruno Higa e Saulo Felipe; Henry dos Santos, Luiz Gustavo, Felipe Gabriel, Gabriel França; Edson Santa Cruz e Luiz Fernando ."
Vasco encaminha contratação do zagueiro Gabriel Pereira,,https://ge.globo.com/futebol/times/vasco/noticia/2026/09/08/vasco-encaminha-contratacao-do-zagueiro-gabriel-pereira.ghtml,"""São 13 finais daqui pra frente"", diz João após derrota do Vasco | A Voz da Torcida O Vasco encaminhou a contratação do zagueiro Gabriel Pereira, que estava no Copenhagen, da Dinamarca. O zagueiro de 26 anos desembarcará no Rio de Janeiro nos próximos dias para realizar exames médicos e assinar contrato por empréstimo. O acordo verbal entre as partes prevê uma opção de compra, que poderá se tornar obrigação caso metas estabelecidas sejam cumpridas. O clube carioca buscava costurar uma fórmula de negócio para que a contratação fosse realizada sem a necessidade de fazer um grande investimento imediato, enquanto ainda aguarda a liberação do empréstimo DIP na Justiça. O estafe do zagueiro viajou para a Dinamarca nos últimos dias para intensificar as negociações com o Copenhagen. Gabriel Pereira, zagueiro do Copenhagen, da Dinamarca. — Foto: X/F.C. København A informação foi publicada pelo jornalista Léo Lacerda e confirmada pelo ge . A vontade de Gabriel em defender o Vasco foi determinante para o desfecho positivo da negociação. O atleta é natural de Volta Redonda e tem um filho que mora no Rio de Janeiro, fator que aumentou o desejo do jogador de retornar ao estado e atuar pelo clube de São Januário. Titular absoluto do Copenhagen, Gabriel Pereira estava no clube dinamarquês há três temporadas e acumulou 97 partidas. Antes, o defensor passou por Vilafranquense e Gil Vicente, ambos de Portugal. No Brasil, ele atuou profissionalmente apenas pelo Volta Redonda."
"Livre no mercado, David Alaba negocia com o América do México",,https://ge.globo.com/futebol/futebol-internacional/noticia/2026/09/09/livre-no-mercado-david-alaba-negocia-com-america-do-mexico.ghtml,"Real Madrid 2 x 1 Inter de Milão | Melhores momentos | 1ª rodada | Champions League David Alaba tem grandes chances de partir para o futebol mexicano. Segundo informações de Mateo Moretto, do jornal Marca, o zagueiro negocia com o América-MEX. A negociação surgiu depois de uma oferta ao clube feita pelo agente do austríaco. A proposta é vista com bons olhos pela diretoria, que busca um substituto para a vaga de Sebastián Cáceres, que acertou com o Celta de Vigo. Porém, as partes correm contra o tempo, já que a janela de transferências da Liga Mx fecha na sexta-feira (11). Alaba fez apenas quatro jogos pelo Real Madrid nesta temporada — Foto: María Jiménez e Antonio Villalba / Real Madrid Apesar das partes buscarem um desfecho rápido para a negociação, o salário do jogador austríaco pode ser um empecilho. Além disso, por conta das lesões, Alaba pode optar por encerrar a carreira ao fim deste temporada. Aos 34 anos, o zagueiro foi titular da Áustria na Copa do Mundo 2026. No Real Madrid, David Alaba chegou com grande expectativa após se destacar pelo Bayern de Munique, porém suas lesões impediram de atingir o seu melhor nível. O zagueiro rompeu o ligamento do joelho esquerdo em 2023 , período que marcou o início do fim de sua história com a camisa 4, que herdou de Sérgio Ramos. O contrato do zagueiro austríaco com o clube merengue terminou em junho deste ano. Alaba se lesiona durante o jogo entre Real Madrid e Villarreal — Foto: Getty Images O América do México é o clube mais bem-sucedido e um dos mais tradicionais do futebol mexicano. Atualmente, é o líder da Liga MX, com 16 pontos em seis jogos disputados, sendo cinco vitórias, um empate e nenhuma derrota até o momento. Um dos destaques do clube é o brasileiro Raphael Veiga, que chegou em janeiro, por empréstimo junto ao Palmeiras."
"""Vai lá de coração"": como amizade com Chacarita embala São Paulo antes de duelo com o Boca",,https://ge.globo.com/futebol/times/sao-paulo/noticia/2026/09/08/vai-la-de-coracao-como-amizade-com-chacarita-embala-sao-paulo-antes-de-duelo-com-o-boca.ghtml,"O segredo das vitórias do São Paulo | A Voz do Setorista À sombra dos gigantes de Buenos Aires, o Chacarita Juniors, modesto clube de San Martín, na região metropolitana da capital argentina, guarda como um de seus maiores orgulhos a relação de amizade com o São Paulo , que deve ser revisitada nesta terça-feira, no duelo entre o Tricolor e o Boca Juniors, em La Bombonera, pela Sul-Americana, às 21h30. É comum ver homanegens na relação entre as equipes — Foto: Arquivo/ Matías Pinto Fundado em 1906, o Chacarita atualmente disputa a segunda divisão do futebol argentino, mas é visto no país como um clube tradicional, com uma torcida participativa. Com as mesmas cores do São Paulo , o Chacarita Juniors viu na semelhança cromática um caminho para se encantar com a equipe brasileira, que se tornou protagonista na América do Sul a partir dos anos 1990. — A origem da amizade nasce nos anos 90, início dos anos 2000, sobretudo pela quantidade de partidas que o São Paulo jogava pela Copa e talvez tivesse que vir à Argentina e, obviamente, em relação às cores, ou seja, o fato de compartilharem a mesma camisa, tanto o Chacarita quanto o São Paulo , fez, me parece, com que a torcida se interessasse pelo time e tentasse acompanhar nesses jogos da Copa Libertadores — conta Matías Maria, torcedor do Chacarita Juniors, em entrevista ao ge . Mais do São Paulo : + Comissão que analisa contrato do São Paulo com a Ticketmaster troca dois integrantes Desde então, se tornou cada vez mais comum ver camisas do São Paulo no estádio do Chacarita, em Villa Maipú. A relação ganhou força durante a campanha da Libertadores de 2005, quando torcedores da equipe argentina se uniram aos brasileiros na arquibancada do Monumental de Núñez para torcer na semifinal contra o River Plate. — Há relatos de que sempre que o São Paulo jogava na Argentina tinha presença de torcedores do Chaca. Na Libertadores de 2005, isso foi bastante notável, quando um grupo grande de torcedores do Chacarita acompanhou a torcida do São Paulo no Monumental de Núñez. Inclusive, levaram uma faixa provocando o River e fazendo alusão a essa amizade — conta Matías Pinto, torcedor do São Paulo e do Chacarita Juniors. Torcedores do Chaca levaram faixa em provocação ao River durante semifinal de Libertadores — Foto: Arquivo/ Matías Pinto Com a vantagem de ter vencido o jogo de ida por 2 a 0 no Morumbis, o São Paulo se impôs diante do River Plate e garantiu a vaga na decisão após uma vitória por 3 a 2. Nas arquibancadas, os torcedores do Chacarita estenderam uma faixa agradecendo ao Tricolor e provocando o gigante argentino. É também daquela noite que teria surgido um dos cantos mais conhecidos da torcida são-paulina. Após o fim da partida, torcedores do Chacarita entoaram uma adaptação da música “Ella Se Llamaba”, do cantor mexicano José María Napoleón, comum nas arquibancadas argentinas. A canção ganhou uma letra para apoiar o São Paulo . — Aí que acaba surgindo esse cântico, que depois se torna tão emblemático, principalmente na conquista do tri brasileiro de 2006 a 2008. Se tornou uma música símbolo desse período, vem da comemoração junto aos torcedores do Chaca em 2005 — conta Matías Pinto. Os gols do São Paulo contra o River Plate, na Argentina, pela Libertadores de 2005 A relação entre as torcidas ficou ainda mais próxima nos anos seguintes. Outro momento que fortaleceu o laço foi a decisão da Sul-Americana de 2012, entre São Paulo e Tigre, um dos maiores rivais do Chacarita Juniors. Torcedores do Chacarita apoiaram o São Paulo durante final da Sul-Americana — Foto: Arquivo/Matías Pinto — Em 2012, a final com o Tigre foi muito importante para a amizade com o São Paulo , porque o Tigre é um dos maiores rivais do Chacarita, e foi bastante emocionante para os torcedores do Chacarita. Houve muita mobilização, muita gente foi acompanhar e, obviamente, nesse sentido, foi algo especial essa final — conta Matías Maria. As equipes empataram o jogo de ida por 0 a 0, em La Bombonera. Na volta, o São Paulo fez 2 a 0 no primeiro tempo, mas o Tigre não voltou do intervalo, sob alegação de violência policial no vestiário. Sem a disputa da etapa final, o Tricolor ficou com o título no Morumbis. O desfecho virou motivo de provocação dos torcedores do Chacarita contra o rival. — Muitas das brincadeiras contra o Tigre são justamente sobre abandonarem a final contra o São Paulo , em um jogo que claramente o São Paulo ia ganhar, era muito melhor que o Tigre. Foi algo especial que reforçou a amizade — conta Matías. Em 2016, o Chacarita Juniors convidou o São Paulo para um amistoso em comemoração aos 110 anos do clube, realizado no estádio da equipe argentina. O Tricolor foi representado pelo time sub-20 e venceu por 2 a 1. Jogadores formados em Cotia, como Éder Militão e Luiz Araújo, participaram da partida. São Paulo e Chacarita Juniors fizeram amistoso em 2016 — Foto: Igor Amorim/São Paulo O encontro também levou torcedores são-paulinos a San Martín. A Independente fretou um ônibus para acompanhar a partida, segundo Matías Pinto, que esteve no estádio. — Eu me lembro com muito carinho, com muita emoção, porque sempre existe essa expectativa de jogar contra eles. De fato, acho que um dos grandes sonhos do torcedor do Chacarita seria disputar, em algum momento, uma Copa Sul-Americana ou Libertadores e ter que conhecer o Morumbi — conta Matías Maria. O amistoso também deixou uma marca permanente em San Martín: um grafite em homenagem ao São Paulo foi pintado no estádio. Em 2023, o artista Allan Salles devolveu a cortesia e, com a ajuda de torcedores, fez um mural do Chacarita nos arredores do Morumbis. Símbolo e mascote do São Paulo pintados no estádio do Chacarita — Foto: Reprodução A presença de símbolos dos dois clubes também se tornou comum nas arquibancadas. Camisas do Chacarita são vistas no Morumbis, enquanto uniformes são-paulinos aparecem em San Martín. — Há muitas camisetas (do São Paulo ) nas arquibancadas, e tem muitas pinturas do escudo do São Paulo no estádio. Algumas foram feitas na partida do dia do aniversário, outras foram surgindo. Tem muitos torcedores do Chacarita que usam a camisa do São Paulo pelas cores e pela amizade — disse Matías Maria. Matías Pinto conheceu o Chacarita justamente pela relação com o São Paulo . Começou a acompanhar o clube argentino à distância e, em 2010, viu a equipe jogar pela primeira vez, durante uma viagem a Buenos Aires. Dois anos depois, tornou-se sócio. Segundo o brasileiro, acompanhar de perto as dificuldades do Chacarita também serviu como uma forma de preparar o coração são-paulino para os reveses que vieram depois do período de conquistas vivido pelo Tricolor. — Acompanhando o Chacarita, depois com as crises que o São Paulo enfrentou depois de 2013, eu criei uma casca. Esse intercâmbio serviu também para acompanhar o São Paulo ‘en las malas’, como se diz na Argentina. Me ajudou a me preparar para o que vinha, principalmente depois de 2013. Torcedores com a camisa do São Paulo são vistos nas aquibancadas do Chacarita — Foto: Arquivo/Matías Pinto"
AeroZiyech: Botafogo prepara mais uma chegada badalada em aeroporto; veja outras,,https://ge.globo.com/futebol/times/botafogo/noticia/2026/09/08/aeroziyech-botafogo-prepara-mais-uma-chegada-badalada-em-aeroporto-veja-outras.ghtml,"Palmeiras empata com o Botafogo e vê Flamengo assumir a ponta O Botafogo planeja uma grande recepção no Aeroporto do Galeão para a chegada de Hakim Ziyech. O desembarque do marroquino de 33 anos está previsto para as 19h45 (de Brasília) desta terça-feira. Espera-se mais uma ""invasão"" alvinegra no aeroporto. Torcida Botafogo Honda aeroporto — Foto: André Durão Ziyech chega ao Botafogo como a grande contratação da janela. Quarto colocado da Copa de 2022 com Marrocos, ele teve passagens por Ajax, onde mais se destacou, e Chelsea, em que fez parte do elenco campeão da Champions League de 2020/21. Era uma manhã de sexta-feira com o Aeroporto do Galeão lotado de torcedores do Botafogo. Mais de 1.500 pessoas foram ao local para a chegada de Clarence Seedorf, astro holandês com passagens de destaque por Real Madrid e Milan. Seedorf subiu em um palanque montado para ele e colocou uma bandeira do time nos ombros. Músicas foram cantadas pela torcida durante a espera. Uma delas fazia provocação aos flamenguistas: ""Não é mole, não. Eu tenho o Seedorf, e você tem o Tufão"", em referência ao personagem da novela ""Avenida Brasil"" que jogou pelo rival na trama. Dois mil torcedores do Botafogo recebem craque holandês Seedorf no aeroporto O holandês encerrou a carreira no Botafogo. Foram 81 jogos, 24 gols e 13 assistências. Com ele, o clube conquistou o Campeonato Carioca de 2013. Uma chegada que pintou o Galeão de preto e branco foi a de Keisuke Honda, em fevereiro de 2020. Cerca de dois mil torcedores foram ao aeroporto na chegada do japonês com passagem pelo Milan, da Itália. Os alvinegros, munidos de muitas faixas e bandeiras, muitas delas do Japão, foram ao delírio e cantaram o hino do clube. A festa continuou no Estádio Nilton Santos, com a presença de cerca de 13 mil torcedores. Com direito a festa da torcida, Honda é apresentado pelo Botafogo no Estádio Nilton Santos Contratado como o principal reforço daquele ano, Honda não se destacou. Foram 27 jogos e apenas três gols marcados. No ano das conquistas do Brasileirão e da Libertadores, o Botafogo contratou duas grandes estrelas: Thiago Almada, antes no Atlanta United, dos Estados Unidos, e Luiz Henrique, que estava no espanhol Real Betis. Foram investimentos consideráveis e que atraíram torcedores ao aeroporto. Nenhum dos dois atraíram centenas de torcedores, mas algumas dezenas foram ao Galeão na chegada dos reforços. Veja vídeo da chegada de Almada: Thiago Almada desembarca no Rio para se apresentar ao Botafogo"
Figueirense tem retornos e preocupações para sequência na Copa SC,,https://ge.globo.com/sc/futebol/times/figueirense/noticia/2026/09/09/figueirense-tem-retornos-e-preocupacoes-para-sequencia-na-copa-sc.ghtml,"Melhores momentos de Figueirense 1 x 1 Barra, pela Copa SC - Vídeo: Metrópoles Esportes O Figueirense terá baixas importantes para a sequência da Copa Santa Catarina, mas também ganhou reforços para o próximo compromisso. Além de Emerson Galego, expulso na estreia, Leonan segue no departamento médico após cirurgia por uma fratura em um dedo da mão, enquanto Raynan continua em tratamento de um estiramento grau 1 no ligamento colateral medial (LCM) do joelho esquerdo. Arthur Henrique, lateral-esquerdo do Figueirense na Série C 2026 — Foto: Patrick Floriani/FFC Entre as boas notícias está o retorno de Arthur Henrique. O lateral não participou do empate contra o Barra por causa de um edema muscular na parte posterior da coxa, mas está recuperado e novamente à disposição da comissão técnica. O jogador é uma das peças mais utilizadas pelo Figueirense na temporada e o único lateral-esquerdo de ofício do elenco. Igor Bolt também volta a ser opção. O atacante cumpriu suspensão na estreia da Copa SC por conta da expulsão sofrida na última partida do Campeonato Catarinense e reforça o setor ofensivo diante do Nação. Breno em treino do Figueirense no CFT do Cambirela — Foto: Patrick Floriani/FFC A principal dúvida está no meio-campo. Titular como volante, Breno sofreu uma entorse no tornozelo esquerdo e ainda não tem previsão exata de retorno. O jogador pode reunir condições para atuar já neste sábado ou ficar disponível apenas na rodada seguinte, contra o Santa Catarina. João Choco completa a lista de desfalques. O meio-campista trata uma sinovite no joelho esquerdo e tem retorno previsto para a próxima semana. Ele não disputa uma partida oficial desde a 11ª rodada da Série C do Campeonato Brasileiro, quando entrou nos minutos finais do empate contra o Ituano. O Figueirense volta a campo no sábado, às 15h (de Brasília), no Orlando Scarpelli, contra o Nação. A partida é válida pela 3ª rodada da Copa Santa Catarina. Mais notícias do esporte catarinense no ge.globo/sc"
"São Paulo está otimista em ter Luciano contra o Boca, mas deve poupá-lo de jogo com o Palmeiras",,https://ge.globo.com/futebol/times/sao-paulo/noticia/2026/09/09/sao-paulo-esta-otimista-em-ter-luciano-contra-o-boca-mas-deve-poupa-lo-de-jogo-com-o-palmeiras.ghtml,"Veja a entrevista do técnico Dorival Júnior depois da derrota do São Paulo para o Boca Juniors Luciano preocupou o torcedor ao revelar desconforto na coxa esquerda depois da derrota para o Boca Juniors por 1 a 0, na terça-feira, pelas quartas de Copa Sul-Americana. A tendência, porém, é que ele esteja pronto para o jogo de volta, na terça-feira, dia 15, no Morumbis. O jogador, porém, deve ser poupado no clássico contra o Palmeiras, sábado, às 18h30, no Nubank Parque, pelo Brasileirão. Luciano em Boca Juniors x São Paulo — Foto: Rubens Chiri / São Paulo FC Luciano começou a sentir dores contra o Atlético-MG, mas foi para o jogo contra o Boca pela importância da partida contra os argentinos, a décima seguida dele como titular, a maior sequência do atacante na temporada – e a segunda maior do time, atrás apenas dos 11 jogos de Calleri. – Eu estava sentindo um pouco de dor na posterior da coxa contra o Atlético. Em um lance, senti uma fisgada e pedi para sair. Vou começar a tratar daqui a pouco no hotel e, se Deus quiser, na terça-feira eu estarei inteiro. A tendência é que o ataque do São Paulo no clássico Choque-Rei tenha Gustavo Santana e Calleri. O camisa 9 recebeu o terceiro cartão amarelo e está fora do segundo jogo contra o Boca. A utilização ou não de Artur vai depender do nível de desgaste que será monitorado durante a semana. Mais do São Paulo : + Dorival cita descuido do São Paulo em gol do Boca e lamenta ausência de Calleri na volta + Calleri recebe terceiro amarelo e desfalca São Paulo na partida de volta contra o Boca Juniors São Paulo perde para o Boca Juniors por um a zero na Sul-Americana O Tricolor também pesa a questão do gramado sintético e evita forçar jogadores que não estejam 100%, como seria o caso de Luciano. Ainda assim, Dorival Júnior deixou claro que não quer poupar titulares para o duelo, afirmando que o Tricolor não pode se dar a esse luxo pela situação do time na tabela. Apesar das duas vitórias consecutivas, o São Paulo ainda é o 10º colocado do torneio com 33 pontos."
"Thiago Silva, do Fluminense, relata dores no joelho: ""Estou à base de anti-inflamatórios""",,https://ge.globo.com/futebol/times/fluminense/noticia/2026/09/08/thiago-silva-do-fluminense-relata-dores-no-joelho-estou-a-base-de-anti-inflamatorios.ghtml,"Fluminense 2 x 0 Platense | Melhores Momentos | Conmebol Libertadores Um dos destaques da recuperação do Fluminense na temporada, o zagueiro Thiago Silva revelou estar sofrendo de dores no joelho há três semanas. Ele precisou ser medicado, nesta terça-feira, para entrar em campo nesta terça-feira, na vitória por 2 a 0, sobre o Platense, em jogo de ida das quartas de final da Libertadores, no Maracanã. As dores começaram no jogo contra o Remo, em 22 de agosto. Ele foi poupado da partida seguinte, contra o Athletico-PR, na grama sintética da Arena da Baixada, e também desfalcou a equipe no clássico contra o Vasco. — O joelho demorou a desinflamar, isso é verdade, e aí mais uma vez tomamos a decisão de ficar de fora contra o Vasco para estar um pouco melhor hoje. O joelho ainda dói, estou à base de anti-inflamatório, mas estou super feliz da forma que ele reagiu hoje. Não senti nada durante o jogo, mas amanhã a gente sabe que as dores voltam e tenho certeza que vai estar maior um pouco do que o normal, mas a gente tem tempo aí para o jogo de sábado e para pensar na sequência,n que é uma sequência importante para gente — afirmou o zagueiro. Thiago Silva, em Fluminense x Platense — Foto: Divulgação: Marcelo Gonçalves / Fluminense FC Thiago liderou a defesa do Fluminense nesta terça-feira com uma atuação segura, vencendo disputas aéreas e fechando bem os espaços. Ainda sobrou brecha para uma jogada de habilidade, em que o zagueiro aplicou um chapéu em um adversário que se precipitou na marcação. — Eu não sou muito de fazer isso, né? Acho que o último que eu consegui dar um chapéu no jogo foi no Cristiano Ronaldo, no Brasil x Portugal, jogo em Brasília. Acho que foi o último que eu me lembre, foi um lance bonito, porém acontece. O Fluminense volta a campo no próximo sábado para enfrentar o Atlético-MG, em Belo Horizonte, pelo Campeonato Brasileiro. O duelo de volta com o Platense está marcado para a próxima terça, em Buenos Aires."
Por que Lucas Silva não joga mais no Cruzeiro? Veja a explicação de Artur Jorge,,https://ge.globo.com/futebol/times/cruzeiro/noticia/2026/09/08/por-que-lucas-silva-nao-joga-mais-no-cruzeiro-veja-a-explicacao-de-artur-jorge.ghtml,"Veja a entrevista de Artur Jorge sobre a vitória do Cruzeiro diante do Athletico Lucas Silva passou a ser uma das últimas opções de Artur Jorge para o meio-campo do Cruzeiro . Desde abril, quando foi titular e atuou todo o 2 a 2 com o Goiás, pela Copa do Brasil, o volante não atua por 90 minutos e começa nos 11 iniciais. Artur Jorge explicou os motivos. — Eu adoro o Lucas Silva, é um jogador de caráter. O fato de ter jogado menos tempo tem a ver apenas com o que é a dinâmica e a estrutura habitual deste Cruzeiro. Somos uma equipe que está mais vezes tentando pressionar (a marcação), e isso exige uma grande mobilidade para termos, sobretudo sem bola, jogadores que se entreguem muito ao jogo — disse o treinador. Lucas Silva durante partida contra o Goiás, a última em que atuou por 90 minutos — Foto: Isabela Azine/AGIF O técnico do Cruzeiro exemplificou o cenário que teve contra o Athletico. — Se nós não tivéssemos encurtamento sobre os quatro jogadores do meio-campo do Athletico, nós iríamos sofrer, mas tivemos esses encurtamentos e não os deixamos jogar de forma nenhuma. Portanto, essa minha opção tem a ver com aquilo que nós mudamos em relação a aquilo que se jogava o ano passado. Para se ter a ideia da perda de espaço, Lucas Silva atuou em apenas três partidas após o fim da pausa para a Copa do Mundo. Em todos, entrando no segundo tempo e atuando menos de 45 minutos. — Não tenho rigorosamente nenhum problema com o Lucas Silva . Pelo contrário, eu o adoro, é um senhor no trabalho, naquilo que é o simbolismo que tem dentro do próprio clube. Ele tem menos tempo de jogo porque priorizo jogadores com um nível maior de rotatividade e, quando falo de rotatividade, é sobre aquilo que é o seu andamento mais alto (sem bola). Com bola, é dos melhores que nós temos. Lucas Silva; Cruzeiro — Foto: Gustavo Aleixo/Cruzeiro"
Adrianinho passa Nenê e é o líder de assistências da Série C,,https://ge.globo.com/sc/futebol/times/brusque/noticia/2026/09/08/adrianinho-passa-nene-e-e-o-lider-de-assistencias-da-serie-c.ghtml,"Melhores momentos: Paysandu 1 x 2 Brusque | 1ª rodada quadrangular | Série C - SportyNet Um dos destaques da Série C 2026, o atacante Adrianinho, do Brusque, alcançou mais uma marca importante na competição. Agora ele é o líder em assistências na terceirona, após mais um passe decisivo no duelo contra o Paysandu, pela primeira rodada do quadrangular, nesta segunda-feira. Adrianinho, atacante do Brusque — Foto: Leo Piva/@leopivafoto Com o passe para o segundo gol do Brusque contra o Papão, marcado por Marlyson, ele chegou a sexta assistência na competição. Dessa forma, ele deixa Nenê, Rodolfo e Edison Negueba, todos com cinco, para trás. A reportagem leva em conta dados levantados pela reportagem do ge . Brusque vence o Paysandu fora de casa pela 1ª rodada do Quadrangular da Série C — Foto: Helton Raiol/@helton_fotos Além dos seis passes para gols, Adrianinho também tem balançado as redes com frequência nesta Série C. Ele já soma cinco gols e é o vice-artilheiro da equipe, atrás apenas de JP Martins, com seis. O atacante de 22 anos é ainda o jogador com mais participações em gols pelo Quadricolor na competição, tendo se envolvido diretamente em 11. Mais notícias do esporte catarinense no ge.globo/sc"
Olha o Romarinho... Corinthians não faz gol fora de casa em mata-mata de Libertadores desde 2012,,https://ge.globo.com/futebol/times/corinthians/noticia/2026/09/09/olha-o-romarinho-corinthians-nao-faz-gol-fora-de-casa-em-mata-mata-de-libertadores-desde-2012.ghtml,"Romarinho brilha e Corinthians empata com o Boca Juniors em 1 a 1 na Bombonera O Corinthians entra em campo nesta quarta-feira, na Argentina, para enfrentar o Estudiantes e tentar encerrar um incômodo na Conmebol Libertadores: há 14 anos não marca um gol como fora de casa em jogos de mata-mata do torneio. A última vez foi na histórica noite de 27 de junho de 2012, quando Romarinho saiu do banco de reservas para balançar a rede da Bombonera e empatar o primeiro jogo da final daquele ano contra o Boca Juniors. O jogo desta quarta-feira é válido pela ida das quartas de final da Libertadores e será disputado partir das 21h30 (horário de Brasília). A partida na Argentina terá transmissão da TV Globo para todo o Brasil. Mais notícias do Corinthians : + Estudiantes nasceu em sapataria e fez história na Libertadores + Memphis ainda busca ritmo no Corinthians + Matheuzinho sai em defesa de Diniz: ""Estamos com ele"" Gol de Romarinho na Bombonera em Corinthians x Boca, em 2012 — Foto: Daniel Augusto Jr/Ag. Corinthians Do famoso gol de Romarinho, que ajudou a encaminhar o título continental daquele ano, para cá, o Corinthians disputou sete partidas de mata-mata da Libertadores longe de São Paulo. Na lista, derrotas sofridas e consequentes eliminações para Guaraní (Paraguai), Nacional (Uruguai), Colo Colo (Chile), Boca Juniors (Argentina) e Flamengo. Nenhum gol marcado. A última partida do Timão fora de casa em um confronto eliminatório da competição aconteceu no mês passado, quando a equipe empatou por 0 a 0 com o Rosario Central, na Argentina . Na volta, em Itaquera, o Corinthians venceu por 1 a 0 e garantiu vaga para as quartas de final. Cássio Guaraní x Corinthians Libertadores — Foto: EFE Ao longo dos últimos 14 anos, fora as eliminações em mata-mata, o Corinthians tropeçou duas vezes na primeira fase da Libertadores: 2022 e 2025. Na temporada 2023, o Timão parou na fase de grupos sem ter tido a chance de disputar um confronto eliminatório na América do Sul. Agora, no entanto, o clube mantém viva a esperança de protagonismo na Libertadores. Mesmo em crise devido às quatro derrotas seguidas no Brasileirão e desfalcado de sete jogadores, entre eles os titulares Yuri Alberto, André e Raniele , o Corinthians tenta surpreender o Estudiantes, em La Plata, no jogo de ida da fase quartas de final. Corinthians finaliza preparação para enfrentar Estudiantes pela Libertadores A aposta do técnico Fernando Diniz está no talento de Memphis Depay. O holandês ainda não marcou nesta edição da Libertadores, mas foi decisivo diante do Rosario Central ao sair do banco de reservas e dar assistência para Breno Bidon marcar e garantir a classificação. O atacante ainda busca recuperar o ritmo de jogo e, pouco a pouco, vai ganhando minutos em campo ."
"Portuguesa acerta a contratação do atacante Romarinho, ex-Corinthians",,https://ge.globo.com/futebol/selecao-brasileira/noticia/2026/09/09/portuguesa-anuncia-a-contratacao-do-atacante-romarinho-ex-corinthians.ghtml,"Último clube de Romarinho foi o Vitória, em 2025 A Portuguesa acertou nesta quarta-feira a contratação do atacante Romarinho, que está com 35 anos e não atua há 11 meses, desde que deixou o Vitória. Ele ainda passará por exames médicos para poder ser anunciado pelo clube. Romarinho ficou famoso por anotar um gol pelo Corinthians na primeira final da Conmebol Libertadores de 2012, contra o Boca Juniors. O atacante chega à Portuguesa com contrato até o fim de 2027. Nas últimas semanas ele vinha usando a estrutura da Lusa para aprimorar o condicionamento físico. Eliminada da Série D do Brasileirão, a Portuguesa voltará a jogar somente em 2027. Romarinho veste a camisa da Portuguesa ao lado do dirigente Alex Bourgeois — Foto: Divulgação Depois que deixou o Corinthians, Romarinho rodou por diversos clubes do Oriente Médio, casos de Al-Jaish, Al-Jazira, Al-Ittihad, Neom SC e Al-Rayyan."
"Thiago Silva e Fluminense reencontram Palermo após 18 anos: ""Foi uma pedra no sapato""",,https://ge.globo.com/futebol/times/fluminense/noticia/2026/09/09/thiago-silva-e-fluminense-reencontram-palermo-apos-18-anos-foi-uma-pedra-no-sapato.ghtml,"Thiago Silva comenta encontro com Palermo: ""Pedra no sapato"" As quartas de final da Libertadores de 2026 reservaram um reencontro para Fluminense e Thiago Silva. Não com o rival, já que o Platense faz sua estreia na competição, mas com Martín Palermo. Hoje treinador da equipe argentina, derrotada por 2 a 0 no jogo de ida desta terça-feira, ele foi um dos atacantes que mais atormentaram as defesas brasileiras no início do século XXI. Palermo era um dos símbolos do Boca Juniors que dominou o continente entre 2000 e 2007, ao lado de Riquelme e Palacio. O mesmo time que, há 18 anos, enfrentou o próprio Fluminense em uma semifinal da principal competição sul-americana e acabou derrotado por 3 a 1 no Maracanã, embora o centroavante tenha deixado sua marca naquela partida. Fluminense 2 x 0 Platense | Melhores Momentos | Conmebol Libertadores — Foi legal porque eu já sabia dessa história. Teve aquele 3 a 1 contra o Boca, que a gente venceu e avançou. No final do jogo, ele estava falando com os jogadores dele. Eu me aproximei, dei um abraço nele. Ele falou que estava muito feliz em me ver desfrutando do futebol, e ele do outro lado agora. Enfim, a gente fica feliz porque foi há 18 anos, né? E você continua jogando, desfrutando daquilo que ama fazer. Fico feliz de enfrentá-lo, porque foi um atacante que, para nós brasileiros, foi uma pedra no sapato algumas vezes. O Boca dificilmente perdia para times brasileiros na Libertadores naquele momento. A gente conseguiu, de alguma forma, mudar isso — contou Thiago. Se em 2008 o então centroavante representava uma das maiores equipes do continente, na última terça-feira o contexto era completamente diferente. O Platense chegou ao Rio de Janeiro falando em fazer história apenas por estar disputando a competição. Em 2008, Fluminense bate o Boca Juniors-ARG pela Taça Libertadores da América O pequeno clube argentino participa pela primeira vez da principal competição sul-americana e, logo em sua estreia, alcançou as quartas de final. Independentemente do resultado, o sentimento é de orgulho. — Tenho recordação desse momento como jogador. Fiz um gol, lembro disso. Sei da história e do que significa jogar no Maracanã. Venho em outra função, com uma equipe como o Platense fazendo história por disputar a Libertadores — lembrou Palermo. Palermo dá instruções ao time do Platense — Foto: Thiago Ribeiro/AGIF Adversário naquela ocasião, o zagueiro e capitão tricolor voltou a encontrar o argentino. Mas, enquanto Palermo se aposentou dos gramados há 15 anos, Thiago Silva segue em atividade e em alto nível, mesmo aos 42 anos. A expectativa do defensor é que estes confrontos das quartas de final não representem seu último encontro com Palermo. Quem sabe, no futuro, este reencontro aconteça em outra função. — Eu acredito que daqui a pouco vou estar do outro lado, como ele. Fico feliz de tê-lo visto hoje à beira do campo, comandando o time dele, mas espero que, na próxima oportunidade, a gente possa vencer mais uma vez. Depois eu falo com ele de outras coisas (risos). Thiago Silva sinaliza para a cabeça na vitória do Fluminense sobre o Platense — Foto: Jorge Rodrigues/AGIF"
"Ancelotti rasga elogios a Endrick em novo ciclo da Seleção: ""Será importante no futuro""",,https://ge.globo.com/futebol/copa-do-mundo/noticia/2026/09/09/ancelotti-rasga-elogios-a-endrick-em-novo-ciclo-da-selecao-sera-importante-no-futuro.ghtml,"Ancelotti, sobre convocação da Seleção: ""É uma lista equilibrada"" O técnico Carlo Ancelotti fez muitos elogios a Endrick durante a primeira convocação da seleção brasileira no ciclo da Copa do Mundo de 2030 . O atacante do Real Madrid foi um dos 23 jogadores chamados para os amistosos contra Austrália e Índia, entre o fim de setembro e o início de outubro. O italiano projetou dar mais oportunidades e sequência ao jovem nesta nova fase da Seleção. Em sua primeira lista, promoveu uma reformulação e apostou em vários jovens, principalmente para o setor defensivo. — Testamos muitos centroavantes neste ano. Agora, acredito que a situação esteja um pouco mais clara para todos. Temos um par de jovens muito fortes e precisamos acompanhar a evolução deles. Endrick, além de outros jovens que vêm atuando bem, e também alguns que não estão nesta lista. Estamos bem servidos. Acho que Endrick será um jogador importante para a Seleção no futuro — destacou o treinador. Carlo Ancelotti ressalta que o momento é de testar jovens talentos Três centroavantes foram convocados. Além de Endrick, a lista conta com João Pedro, titular do Chelsea, e Pedro, principal nome do Flamengo na temporada. Aos 19 anos, o atacante do Real Madrid é o mais jovem entre eles e o único que disputou a última Copa do Mundo. — Muito feliz por ser chamado novamente. Não vejo a hora de voltar a jogar pela Seleção. Com o Brasil, todo jogo é histórico, e a gente precisa entrar em campo com a vontade de vencer maior do que qualquer outra coisa — afirmou Endrick A camisa 9 da Seleção foi um dos temas mais debatidos antes e durante o Mundial de 2026. Mais de dez jogadores foram testados pelos quatro treinadores que passaram pelo cargo. Matheus Cunha conquistou a titularidade durante o torneio, mas não foi convocado nesta primeira lista de Ancelotti. Carlo Ancelotti conversa com Endrick antes de colocá-lo em campo em Brasil x Japão — Foto: Michael Regan - FIFA/FIFA via Getty Images"
"Atuações do Cuiabá: Fábio Gomes, Lorenzo e Jean Dias marcam; dê suas notas",,https://ge.globo.com/mt/futebol/times/cuiaba/noticia/2026/09/08/atuacoes-do-cuiaba-fabio-gomes-lorenzo-e-jean-dias-marcam-de-suas-notas.ghtml,"Cuiabá 3 x 0 Athletic | 27ª rodada | Campeonato Brasileiro Série B 2026 Mais: + Cuiabá vence o Athletic Club por 3 a 0 na Arena Pantanal A bola praticamente não chegou à meta do goleiro na primeira etapa realizando apenas uma defesa. No segundo tempo, ele foi exigido em algumas oportunidades e fez boas saídas do gol para evitar o perigo. Teve ótimo posicionamento, empurrando o Athletic pelo lado direito e sufocando a equipe adversária. Na marcação, também teve bom desempenho e mostrou qualidade na troca de passes. Fez bom jogo, dando cobertura à defesa e mostrando tranquilidade para iniciar as jogadas. Fez boa partida, sem dar espaços para a equipe adversária. Participou ativamente das ações defensivas e ofensivas. Deu belo passe para iniciar a jogada do primeiro gol do Cuiabá. Teve alguns erros de posicionamento na marcação no início da partida, mas foi crescendo ao longo do jogo e mostrou qualidade nos passes. Teve dificuldades na primeira etapa para se movimentar e participar mais do jogo, praticamente não tocando na bola. Entrou bem na segunda etapa, sendo forte na marcação e iniciando a jogada que resultou no segundo gol do Cuiabá. Também foi bem nas disputas pelo alto. Esteve bem tanto na defesa quanto no ataque, sendo opção para tabelas e procurando avançar quando teve oportunidade. Participou ativamente do segundo gol, ao fazer o cruzamento rasteiro que desviou no zagueiro adversário. Foi lançado dentro da área e deu ótimo passe para o gol de Fábio Gomes. Muito marcado na primeira etapa, acabou substituído no segundo tempo. Entrou no segundo tempo pelo lado direito e deu boa assistência para o gol de Jean Dias, o terceiro do Cuiabá na partida. Procurou participar e ajudar na marcação. Na primeira oportunidade que teve, fez boa movimentação e mostrou presença de área para marcar o gol que abriu a vitória do Cuiabá. Na primeira etapa, dentro da área, errou a finalização e chutou longe do gol. No segundo tempo, porém, fez um belo gol ao sair cara a cara com o goleiro e tocar no canto, fechando o placar para o Cuiabá. Errou no encaixe da marcação do meio de campo no início da partida, deixando muitos espaços pelo setor central. Corrigiu o posicionamento e, logo depois, o Cuiabá conseguiu abrir o placar. Na segunda etapa, fez boa leitura de jogo, dando fôlego à equipe para continuar acelerando as jogadas. O time construiu o resultado com ações verticais e inversões de jogo, enquanto a marcação no meio de campo ficou mais encaixada e dificultou a saída do adversário. Cuiabá X Athletic Club - Campeonato Brasileiro Série B 2026 - 27ª Rodada Avalie os atletas para aparecer no compartilhamento Cuiabá venceu o Athletic por 3 a 0 na Arena Pantanal — Foto: AssCom Dourado"
"Presidente do Platense projeta duelo contra o Fluminense na Libertadores: ""Não entramos para empatar""",,https://ge.globo.com/futebol/times/fluminense/noticia/2026/09/08/presidente-do-platense-projeta-duelo-contra-o-fluminense-na-libertadores-nao-entramos-para-empatar.ghtml,"Gaston Arcieri, presidente do Platense, projeta duelo contra o Flu pela Libertadores Esses são os planos de Gaston Arcieri, presidente do Plantese, para o duelo contra o Fluminense , às 19h, no Maracanã, no jogo de ida das quartas de final da Libertadores. O clube argentino disputa a competição pela primeira vez, mas, se depender do dirigente, a equipe carioca vai precisar trabalhar dobrado para conquistar o resultado em casa. Gaston Arcieri, presidente do Platense, em entrevista ao ge — Foto: Gustavo Di Sarli Esse será o segundo confronto do Platense diante de um gigante brasileiro. Na fase de grupos, uma surpresa: venceu o Corinthians por 2 a 0 na Neo Química Arena. Apesar do triunfo, a equipe argentina investe, segundo Gaston, cerca de 30 a 40 vezes menos que os adversários do Brasil. Em entrevista exclusiva ao ge , o presidente revelou conversa com dirigentes do Fluminense sobre o tema e como faz para bater de frente com os rivais: — Jantamos com o pessoal do Fluminense ontem e conversamos sobre o orçamento de cada time. A diferença é abismal. Pelo menos 30 a 40 vezes maior (dos clubes brasileiros). Mas penso que se o futebol fosse só questão de dinheiro, seria um esporte diferente. Com inteligência e criatividade conseguimos montar elencos com menos dinheiro. Estamos conseguindo montar bons elencos e com isso equilibramos as coisas — disse o diretor. Presidente do Platense revela diálogo com diretoria do Flu sobre disparidade financeira Mesmo que esteja distante do investimento financeiro de equipes como Fluminense e Corinthians, e até mesmo rivais argentinos, como River e Boca, não está nos planos do Platense se tornar uma SAD (SAF, no Brasil). Gaston explica: — Também jogamos contra times com investimentos maiores na Argentina, mas, historicamente, o Platense é um time administrado por seus sócios. Estamos dispostos a receber investimentos em troca de negócios, como acontece em muitos lugares, seja, por exemplo, para desenvolver a academia de jovens. Mas não para vender as ações do clube — completou. Para chegar na Libertadores, o Platense precisou conquistar o título do Torneo Apertura, o primeiro do clube em mais de 120 anos de história. Gaston era tesoureiro da gestão e ao final da temporada concorreu e ganhou a disputa pela presidência do clube. Ao ge , classificou a conquista como ""uma imensa alegria"", e revelou que foi difícil de acreditar no título. No jogo desta terça-feira, o principal objetivo do Fluminense é conquistar um resultado favorável para decidir o jogo na Argentina sem complicação. Já o Platense, espera dificultar a vida do time tricolor e decidir o duelo em casa, mesmo que não trate a chance de jogar a segunda partida em Buenos Aires como vantagem: — Não vejo assim (como vantagem). Como eu disse, vencemos o Apertura ganhando de Racing, River e San Lorenzo fora de casa. E superamos o Huracán em campo neutro. A pressão não pesa muito sobre nós. Presidente do Platense explica por que não pretende transformar o clube em SAD O que motivou a se tornar presidente do Platense? — Platense é uma história de família para a maioria de nós. Porque é algo que passa de geração em geração. Eu sou torcedor do Platense desde sempre, desde o meu avô, desde o meu pai. E chegou um momento em que eu estava muito envolvido com o clube. Eu estava vendo resultados ruins, então quis começar a ajudar. E depois que entrei para a diretoria, após muitos anos de trabalho e muita experiência, surgiu a oportunidade, e eu acreditei que estava em uma boa posição pessoal para aproveitá-la. Qual foi o principal fator para a conquista do título em 2025? — Acho que a forma como trabalhamos mudou, principalmente por termos alcançado a unidade em tudo relacionado ao Platense, tanto politicamente quanto em termos de gestão. E isso nos permitiu trabalhar com mais calma, de uma forma diferente e com objetivos muito claros que temos desde o início, há 10 anos, passando pelo torneio e até hoje, jogando na Copa Libertadores. Acho que o clube se organizou de forma diferente e, com esses objetivos, conseguimos, de certa forma, avançar passo a passo para alcançar o que estamos alcançando hoje. Quais são os objetivos futuros do Platense? — É mais um passo rumo ao crescimento contínuo, o que significa começar a participar de forma mais ativa e frequente das copas. Seja a Libertadores ou a Sul-Americana, sempre vamos almejar isso. Estar na competição atual, com todos os times que estamos enfrentando, é algo ótimo também. É uma alegria poder começar a viajar para fora do país, conhecer outras culturas, outros times, outras formas de trabalhar e aprender com isso. Isso tem nos dado resultados, e vamos continuar assim. Como foi vencer o Corinthians no Brasil? — Foi lindo. Viemos aqui acreditando que poderíamos obter um bom resultado, mas também um pouco influenciados pela outra partida, que foi entre Peñarol e Santa Fe. Como era no Uruguai, pensamos que talvez, mesmo sem vencer aqui, pudéssemos avançar facilmente, e então vimos que não era o caso, já que o Santa Fe rapidamente assumiu a liderança. Então ficamos com um pouco mais de pressão. E acho que é quando o Platense joga melhor, quando está sob pressão. O estádio era muito bonito, o clima da torcida... Foi lindo. Corinthians 0 X 2 Platense | Melhores momentos | 6ª rodada | Libertadores 2026"
"Martinelli, do Fluminense, nutre expectativa por Seleção: ""Trabalhando por esse sonho""",,https://ge.globo.com/futebol/times/fluminense/noticia/2026/09/09/martinelli-do-fluminense-nutre-expectativa-por-selecao-trabalhando-por-esse-sonho.ghtml,"Martinelli fala da expectativa sobre Seleção Brasileira: ""Que seja a hora certa"" O volante Martinelli segue nutrindo a expectativa de ser convocado para a seleção brasileira. Após a vitória do Fluminense por 2 a 0 sobre o Platense na Libertadores, na última terça, o jogador disse estar trabalhando para realizar mais esse sonho, mas que está com a cabeça tranquila. — Muito tranquilo isso na minha cabeça. Se for a hora, vai ser a hora certa, a hora de Deus. Vai dar tudo certo. Tenho muita convicção do meu trabalho aqui no clube, estou feliz e se for a hora, que seja a hora certa, a hora de Deus. Estou trabalhando pra que um dia esse sonho possa ser concluído. Martinelli em Fluminense x Platense na Libertadores — Foto: Marcelo Gonçalves / Fluminense FC O meio-campista de 24 anos já é observado há um tempo, mas sequer apareceu nas listas largas que antecederam a Copa do Mundo. No período, Ancelotti via a posição de primeiro volante bem resolvida com Casemiro e Fabinho. Até houve definição na reta final para o Mundial sobre Danilo Santos, do Botafogo. Na época, a comissão técnica via brecha para um volante que pisasse mais na área e fizesse gols. Danilo, inclusive, esteve na lista da Copa. Agora, diante da renovação do grupo para o próximo ciclo, jogadores mais jovens devem ganhar oportunidade. - O Brasil tem muitos jogadores de qualidade, então acho que quem for lá vai estar muito bem representado. Vamos esperar amanhã, o professor sabe quem chamar. A gente está aí trabalhando pra que um dia possa realizar esse sonho - disse ele, medindo as palavras ao ser perguntado sobre a possibilidade. O técnico Carlo Ancelotti anuncia nesta quarta-feira, a primeira convocação da seleção brasileira após a Copa do Mundo. A lista será para os amistosos contra a Austrália e Índia, que serão entre o fim de setembro e o início de outubro. A tendência é que a primeira convocação do novo ciclo tenha espaço para novidades. Ancelotti já havia afirmado que pretende aproveitar os jogos para observar jogadores, principalmente jovens, pensando na renovação da Seleção para os próximos anos. Fluminense 2 x 0 Platense | Melhores Momentos | Conmebol Libertadores Martinelli é formado na base do Fluminense e é o jogador com mais partidas na Libertadores pelo time carioca. O meio-campista é titular absoluto e tem 36 jogos na temporada."
Falta de garantias de segurança impediu jogo inédito da Seleção em Bangladesh na Data Fifa,,https://ge.globo.com/futebol/selecao-brasileira/noticia/2026/09/09/falta-de-garantias-de-seguranca-impediu-jogo-inedito-da-selecao-a-bangladesh-na-data-fifa.ghtml,"Por muito pouco a primeira etapa da Seleção no ciclo para a Copa de 2030 não teve mais uma parada. A CBF tentou colocar Bangladesh no roteiro que terá Austrália e Índia na Super Data Fifa de setembro e outubro, esticou a corda na espera pelas condições ideais para o amistoso, mas a falta de garantias de segurança impediu o acerto. Pessoas em Bangladesh torcendo para o Brasil — Foto: Reprodução Bangladesh viralizou pela torcida apaixonada pela seleção brasileira na última Copa do Mundo. As imagens de bengalis reunidos e pintados de verde e amarelo a cerca de 15 mil quilômetros do Brasil causaram impacto nos corredores da CBF, e as negociações por uma visita para retribuir o carinho tiveram início ainda em julho. Com o acerto com a Índia para a partida em Calcutá, dia 3 de outubro, a ideia era esticar a viagem para encarar Bangladesh no dia 6. A visita da comitiva da entidade para avaliar a estrutura e as condições de segurança, por sua vez, ligaram o sinal de alerta sobre os perigos da presença da Seleção no país. Bangladesh parou e torceu pelo Brasil como se tivesse CPF A última etapa das tratativas envolveu até mesmo o governo local. A alternativa era a presença das forças armadas com o exército na organização para dar segurança não somente para a delegação brasileira, mas também aos torcedores. Até o início de setembro, no entanto, a CBF não se convenceu e desistiu da ideia. A partida aconteceria no Estádio Nacional, na capital Daca. A capacidade de somente 22 mil torcedores, por sua vez, foi um dos principais complicadores. Diante do clamor nacional pela seleção brasileira, houve preocupação com superlotação e dificuldade nos acessos ao local, o que poderia causar uma situação incontrolável. O estádio foi reformado recentemente, em 2025, e é sede também de partidas da equipe nacional de Críquete. O amistoso representaria a primeira visita da Seleção a Bangladesh, tal qual vai acontecer na Índia. Bangladesh ocupa somente a 181ª posição no ranking da Fifa e está longe de ter tradição no futebol. A seleção local participou somente uma vez até mesmo da Copa da Ásia, em 1980, quando caiu na primeira fase. Estádio Nacional de Bangladesh tem capacidade para apenas 22 mil torcedores — Foto: Reprodução Carlo Ancelotti divulga a lista com 26 nomes a partir das 15h (de Brasília) desta quarta-feira, na sede da CBF, no Rio de Janeiro. O Brasil enfrentará a Austrália duas vezes: no dia 25 de setembro, no Queensland Country Bank Stadium, em Townsville, e no dia 29, no Suncorp Stadium, em Brisbane. Na sequência, a delegação seguirá para a Índia. No dia 3 de outubro, o Brasil enfrentará a seleção indiana no Salt Lake Stadium, em Calcutá. Será o primeiro confronto da história entre as seleções principais dos dois países."
Mbappé entra para o top 5 de maiores artilheiros da história da Champions League; veja a lista,,https://ge.globo.com/futebol/futebol-internacional/liga-dos-campeoes/noticia/2026/09/09/mbappe-entra-para-o-top-5-de-maiores-artilheiros-da-historia-da-champions-league-veja-a-lista.ghtml,"Real Madrid 2 x 1 Inter de Milão | Melhores momentos | 1ª rodada | Champions League Kylian Mbappé entrou para o grupo de cinco maiores artilheiros da história da Liga dos Campeões . Com o gol marcado nesta terça-feira contra a Inter de Milão , na estreia do Real Madrid na Champions League 2026/27, o atacante francês chegou a um total de 71 na competição. O Real venceu no estádio Santiago Bernabéu por 2 a 1. Mbappé comemora o gol marcado pelo Real Madrid contra a Inter de Milão, na Champions League — Foto: Reuters Esta é a 11ª vez que Mbappé disputa a Liga dos Campeões da Europa . Desde a sua estreia no torneio, em 2016/17, quando jogava pelo Monaco, até agora, ele marcou 71 gols em 99 jogos. É o mesmo número de gols que Raúl González, ídolo do Real Madrid. Hoje com 27 anos, o atacante francês nunca conquistou o título da Champions. Só quatro jogadores têm mais gols do que Mbappé na história da Champions League, e todos eles não estão mais em clubes que disputam o torneio. São eles: Cristiano Ronaldo, Lionel Messi, Robert Lewandowski e Karim Benzema. Entre os cinco maiores artilheiros da Liga dos Campeões, quem apresenta a melhor média de gols por jogo é Lionel Messi. O craque argentino fez esses 129 gols em 163 partidas, o que dá uma média aproximada de 0,79 gol por jogo. A média de Mbappé é de 0,71 por jogo. O atacante francês foi o artilheiro da edição passada da Champions League, com 15 gols. Ele também foi o máximo goleador da competição na temporada 2023/24, quando estava no Paris Saint-Germain, com oito gols. Real Madrid estreou na Champions League 2026/27 com vitória sobre a Inter de Milão — Foto: Reuters"
Análise: Vasco acerta ao priorizar Brasileirão e conquista bom resultado na Colômbia,,https://ge.globo.com/futebol/times/vasco/noticia/2026/09/09/analise-vasco-acerta-ao-priorizar-brasileirao-e-conquista-bom-resultado-na-colombia.ghtml,"O Vasco poupou todos os titulares, com exceção de Léo Jardim, e jogou para vencer o Santa Fe, mesmo fora de casa, na altitude de Bogotá. O time de Pedro Emanuel fez uma boa partida no empate em 0 a 0 e trouxe um bom resultado para o Rio de Janeiro, onde decidirá a vaga nas semifinais da Sul-Americana na próxima terça-feira, às 19h (de Brasília), em São Januário. A decisão de poupar todo o time titular de linha foi acertada. O Vasco precisa priorizar o Campeonato Brasileiro para tentar sair da zona de rebaixamento o mais rápido possível. O jogo contra o Grêmio, no próximo sábado, às 16h, em Porto Alegre, é um duelo direto muito importante para o clube de São Januário. O adversário gaúcho não pode abrir vantagem para o Z-4. Santa Fe x Vasco — Foto: Raul ARBOLEDA/AFP A escalação de Pedro Emanuel tinha alguns jogadores que eram titulares até pouco tempo e outros que ainda tentam conquistar espaço. As boas notícias, no geral, são as atuações de Marino, Lucas Freitas e Ramon Rique, enquanto Nuno Moreira e Spinelli seguem devendo em 2026. No primeiro tempo, o lado direito de Puma, Rique e Marino funcionou e criou as melhores chances do Vasco. A equipe foi melhor na primeira etapa, mas pecou em muitos passes no último terço, perdendo chances antes mesmo de finalizá-las. A linha de defesa se portou bem. Com exceção de um vacilo na marcação de Palacios, que invadiu pela direita com liberdade para finalizar por cima, o Vasco fez uma atuação segura e teve mais volume. O maior susto foi o gol anulado de Scarpeta. Entenda por que Richarlison não pode fechar com o Vasco Na volta do intervalo, o time da casa foi superior ao Vasco. A equipe colombiana teve mais ímpeto nos primeiros minutos após o início do segundo tempo e criou chances, especialmente em cima de Lucas Piton, com a dobradinha Obrian e Palacios. Mas o time carioca ainda teria uma grande chance para abrir o placar, novamente com Spinelli. O argentino fez quase tudo certo e perdeu o gol cara a cara com Asprilla, o que mostra que o atacante ainda está com um problema de confiança. O estádio El Campín estava mais cheio no segundo tempo do que no primeiro, o que aumentou a pressão em cima do Santa Fe. O jogo começou às 17h no horário local, e muitos torcedores chegaram apenas no segundo tempo. O Vasco resistiu bem à pressão da equipe, e a partida que foi mais controlada na primeira etapa virou um lá e cá no fim. Até que Léo Jardim foi decisivo ao realizar dois milagres na defesa já nos acréscimos, em cabeçadas de Fagúndez e Rodallega em escanteios seguidos. No fim das contas, o empate foi um bom resultado para o Vasco. A equipe foi para um jogo de mata-mata com um time reserva, na altitude, contra um adversário motivado. Com um pouco mais de capricho, o time carioca poderia até ter vencido. A partida mostra mais uma vez a organização da equipe de Pedro Emanuel e a vocação que o elenco tem conquistado para ser competitivo nos torneios eliminatórios. Os problemas da equipe são os mesmos do Brasileirão: a falta de eficácia na hora de converter as chances em gols e a ausência de capricho na hora do último passe. Erros que o Vasco não pode repetir contra o Grêmio no sábado."
Atuações do Palmeiras: Giay faz seu melhor jogo e decide vitória na Libertadores; dê suas notas,,https://ge.globo.com/futebol/times/palmeiras/noticia/2026/09/09/atuacoes-do-palmeiras-giay-faz-seu-melhor-jogo-e-decide-vitoria-na-libertadores-de-suas-notas.ghtml,"Fez uma boa defesa logo no início aos 10 minutos, contra o chute de Estrada que entrava sozinho na área, só que deu um susto aos 30: saiu errado e deixou a bola de graça para Estrada. Barboza entra para atrapalhar o lance. Apesar de alguns erros de passe, teve uma atuação segura. Bom desarme na área aos 3 minutos e ainda arrumou a bola para o meio no cabeceio de Marlon Freitas que o goleiro Valle defendeu, aos 8. Noite de altos e baixos. Se teve um bom desarme aos 13 dentro da área, interceptando a bola que iria ao adversário de frente para o gol, errou um passe aos 10 que deu o primeiro bom ataque da LDU e, ao parar um contra-ataque do rival, levou cartão. Está fora do jogo de volta. Foi o terceiro zagueiro pela esquerda e teve poucas aparições, sem desarmes no 1º tempo, enfim conseguindo dois no 2º, e com três faltas cometidas durante a partida. Depois da primeira assistência, o primeiro gol. Tem atuado mais avançado e vive sua melhor sequência pelo clube. Já havia ensaiado o gol no chute de fora da área, aos 17, que mandou por cima da trave, até que aos 25, no rebote de Roque na área, saiu: de cabeça, fez 1 a 0. Quase fez outro aos 38, mas tocou para o meio. Três finalizações, dois desarmes. Fez a distribuição de jogo, sendo que mais pegou na bola, teve três desarmes e uma boa chance de cabeça na pequena área, aos 8, mas que ele manda em cima do goleiro. Formou o meio de campo na ausência de Andreas, que estava suspenso, ajudou com dois desarmes e, ainda que participando menos das jogadas ofensivas, ficou uma linha a frente de Marlon Freitas. Voltou a ser titular e teve a primeira chance aos 7 minutos, com finalização cruzada que fez a torcida cantar mais alto. Caiu na área e pediu pênalti aos 6 do 2º tempo, mas o árbitro mandou seguir. Foram três finalizações, com uma chance clara desviada pelo zagueiro com o pé aos 36 do 2º tempo. Esteve melhor do que nas últimas partidas, com dois desarmes, além de um bom cruzamento criando perigo, aos 38, mas que não finalizaram para o gol, e teve uma finalização arriscada, aos 3 do 2º tempo, que ele mandou para fora. Foi participativo, arriscou três finalizações e teve um bom drible de corpo contra a marcação aos 36, que ele abre a direita com passe em Arias, mas no cruzamento do colombiano na área ninguém chegou. Faltou sair o gol. É o quarto jogo sem. Voltou a ser titular e melhorou em relação aos últimos jogos. Arriscou quatro finalizações, sendo quem mais tentou, e participou do lance do gol: rouba a bola no ataque, chuta e no rebote do goleiro é Giay quem marca. Saiu aplaudido pela torcida. Entrou no lugar de Vitor Roque aos 33 do 2º tempo e teve boa chance aos 38. Ele recebe cruzamento de Giay na medida, faz o cabeceia buscando o canto, e a bola passa muito perto da trave. Escalou o time com três zagueiros e o ataque formado por Arias, Vitor Roque (que voltaram a equipe titular) e Flaco. As chances criadas aumentaram, mas a eficácia caiu ao longo da partida e a vitória por 1 a 0 termina sendo uma vantagem baixa para a ida das quartas. Segurou a equipe com apenas uma troca até o fim, arriscando para tentar aumentar o resultado. Palmeiras X LDU - Taça Conmebol Libertadores 2026 - Quartas de final Avalie os atletas para aparecer no compartilhamento Giay, do Palmeiras, comemora gol contra a LDU, pelas quartas de final da Copa Libertadores. — Foto: Mauro Horita/Staff Images"
"Pedro Emanuel valoriza empate do Vasco e deixa Richarlison de lado: ""Trabalho com quem tenho aqui""",,https://ge.globo.com/futebol/times/vasco/noticia/2026/09/08/pedro-emanuel-valoriza-empate-na-sul-americana-e-deixa-richarlison-de-lado-nao-faz-parte-da-nossa-realidade.ghtml,"O Vasco voltou com empate da altitude de 2.600 metros de Bogotá na partida de ida das quartas de final da Sul-Americana. O jogo contra o Santa Fe, no estádio El Campín, terminou 0 a 0 , com duas boas chances do time da casa em jogada de bola parada e uma grande chance desperdiçada por Spinelli. Pedro Emanuel em Santa Fe 0 x 0 Vasco: treinador português gostou da produção da equipe em Bogotá — Foto: Sergio Acero/Reuters Na coletiva de imprensa depois da partida, o técnico Pedro Emanuel valorizou o resultado conquistado fora de casa. O treinador português escalou a maioria de jogadores reservas com a cabeça na partida de sábado contra o Grêmio, pelo Campeonato Brasileiro. Mas não se esquivou de responder sobre Richarlison, objeto de desejo da diretoria do Vasco. A negociação é complexa e considerada difícil. Pedro Emanuel deixou o tema de lado. — Trabalho com quem tenho aqui. São jogadores que respeito muito (Richarlison) e que toda a gente conhece, mas, como não estão aqui, não me acho sequer no direito de comentar algo que não faz parte do nosso dia a dia, da nossa realidade. Desculpe não responder, mas é isto que sei neste momento e que posso dizer — comentou o treinador. Spinelli desperdiçou grande chance no empate de Santa Fe e Vasco — Foto: Raul ARBOLEDA/AFP Sobre a partida, o treinador lembrou da situação do time no Brasileiro para reforçar que sua equipe vai lutar o tempo todo e nas três competições. Para ele, a posição do time na tabela do Brasileirão (17ª colocação) não reflete o desempenho do Vasco. — Nós temos feito muitos bons jogos no Brasileirão, mas não temos conseguido resultados condizentes com isso. A torcida também tem reconhecido e isso se viu no último jogo contra o Fluminense. Perdemos, demos a vida e a torcida percebeu que fizemos tudo para ganhar. Às vezes, criam-se rótulos (de copeiro) e as coisas não são bem assim. Acho importante esclarecer isso. Hoje viemos com a humildade de quem queria disputar a eliminatória. Sabíamos que encontraríamos um Santa Fe muito forte em casa e respeitamos isso. O início foi difícil pelas condições, também pelos 2.600 metros de altitude. A adaptação nunca é fácil. O Santa Fe entrou forte, empurrou-nos para trás e nós não conseguimos ter a bola — avaliou Pedro Emanuel. Para ele, o gol anulado do Santa Fe ajudou o Vasco a voltar ao jogo. — A situação do gol anulado nos ajudou anímica e mentalmente a reentrar no jogo. A partir do momento em que conseguimos colocar a bola no chão, percebemos que, na altitude, ela fica muito mais rápida e é preciso pensar mais rápido. A partir do meio do primeiro tempo, conseguimos nos adaptar, dar a bola aos nossos jogadores de qualidade e criar algumas situações próximas da baliza do Santa Fe, principalmente em escanteios. Sabíamos, porém, que o Santa Fe é uma equipe muito experiente, com muita qualidade individual e que a qualquer momento poderia nos surpreender. Mantivemos o foco e estivemos sempre vivos no jogo — afirmou. — Na segunda parte houve algum cansaço. Tivemos duas boas situações para marcar, uma com Spinelli e outra com Bruno Duarte. O Santa Fe também teve duas chances muito boas em dois escanteios seguidos. No fim, temos que aceitar o resultado. Levamos a decisão para o segundo jogo, como pretendíamos, com tudo em aberto. Foi uma boa atuação da nossa parte. Mesmo com as condicionantes, a equipe se apresentou fresca, disponível e com muita humildade. Isso é mérito do grupo de jogadores e do staff que os apoia diariamente. Vamos continuar tentando disputar todas as frentes em que estamos. Hoje mostramos que estamos bem vivos nesta competição — Nós queremos é o rótulo de equipe competitiva. em todas as competições que estamos inseridos. infelizmente no Brasileiro não esta surtindo resultados finais, mas é com trabalho, dedicação, cada um deles competindo entre si, o nível está muito alto, a equipe está muito cpmpetitiva. hoje mostrou-se mais uma vez isso, senti enorme confiança na forma como a equipe trabalhou durante o jogo. quando teve a bola ou quando não teve. soube sofrer, o santa fe é muito forte em casa. sofrer não é levar pancada, é correr atrás, nos unirmos, trabalharmos juntos para conquistar a bola novamente. acho que todos terão modo competitivo. eu me orgulho enquanto treinador, para ter o próximo 11 tenho complicação grande. mas tenho muito orgulho do trabalho que estamos a fazer juntos. num clube que precisa ganhar mais vezes, numa torcida que está sedenta de vitórias que apoia para que isso possa acontecer. além do modo copeiro, temos modo competitivo que é grande e que nos leva a um nível alto. — No primeiro tempo, o Santa Fe entrou forte, mas não conseguiu materializar (em chances). Teve a situação do gol anulado, com intervenção correta do VAR, e depois equilibramos o jogo, embora sem criar muitas oportunidades. No segundo tempo, o Santa Fe cresceu, mas também nos deu mais espaço para ter a bola. Criamos duas boas situações de gol, com Spinelli e Bruno. Também reconheço que o Santa Fe teve duas ou três oportunidades, duas delas muito claras, e o Léo fez excelentes intervenções que nos mantiveram no jogo. Durante praticamente toda a partida ele não tinha sido tão exigido, mas naquele momento foi decisivo. No fim, acho que o empate acaba sendo justo pelo que aconteceu no jogo. Dou os parabéns aos meus jogadores, porque não é fácil vir jogar aqui contra uma equipe com a qualidade do Santa Fe. Eles foram bravos, guerreiros, tiveram qualidade e mostraram que estamos vivos na eliminatória e que queremos disputar esta competição até o fim."
Escalação do Palmeiras: time faz último treino com mudança para enfrentar LDU na Libertadores,,https://ge.globo.com/futebol/times/palmeiras/noticia/2026/09/08/escalacao-do-palmeiras-time-faz-ultimo-treino-com-mudanca-para-enfrentar-ldu-na-libertadores.ghtml,"Palmeiras terá quatro desfalques pro jogo contra a LDU O Palmeiras finalizou na tarde desta terça-feira a preparação para as quartas de final da Libertadores e terá ao menos uma mudança na escalação contra a LDU, às 19h da quarta-feira, no Nubank Parque. Entre os mais utilizados do time, Andreas Pereira cumprirá a segunda partida de suspensão como parte da punição imposta pela Conmebol depois da expulsão do meio-campista no primeiro jogo contra o Cerro Porteño, ainda nas oitavas de final. O Palmeiras ainda tentou reverter o cartão, indo à Conmebol via representante para contestar, mas sem sucesso. Barboza, Giay e Mauricio em treino do Palmeiras — Foto: Cesar Greco / Palmeiras Na ausência de Andreas, o meio campo deve ter Lucas Evangelista e Marlon Freitas, assim como no último jogo, com a vaga aberta sendo preenchida por Jhon Arias no ataque. Ele está recuperado da lesão leve na coxa e fez os últimos dois jogos saindo do banco de reservas. Na Academia de Futebol, nesta terça-feira, o time fez ativação muscular e foram a campo para treino de movimentações táticas com ênfases específicas, como construções de jogadas, marcações e posicionamentos. Na parte final, fizeram um aprimoramento de bolas paradas, defensivas e ofensivas. A presidente Leila Pereira, por sua vez, esteve na movimentação. Presidente Leila Pereira em treino do Palmeiras antes das quartas de final da Libertadores — Foto: Cesar Greco / Palmeiras Caso Abel Ferreira mantenha a estrutura que tem utilizado, deve ir a campo com uma escalação com: Carlos Miguel; Giay, Murilo, Gómez e Piquerez (Arthur); Marlon Freitas, Evangelista, Arias e Mauricio; Felipe Anderson (Vitor Roque) e Flaco López . Outra opção é retomar a formação de três zagueiros, que utilizou no 4 a 0 do ano passado na semifinal em que precisava buscar um resultado inédito nesta fase da competição. Caso o faça, substituiria Giay por Barboza, por exemplo. Em outros momentos, no entanto, ainda pode fazer a saída de três com esse mesmo time."
Justiça condena Cruzeiro a indenizar jogadora após grave lesão; entenda o caso,,https://ge.globo.com/futebol/times/cruzeiro/noticia/2026/09/09/justica-condena-cruzeiro-a-indenizar-jogadora-apos-grave-lesao-entenda-o-caso.ghtml,"Cruzeiro perde para o Corinthians e é eliminado do Brasileiro Feminino O Tribunal Regional do Trabalho (TRT) determinou que o Cruzeiro indenize a paraguaia Camila Arrieta por não ter garantido estabilidade à jogadora após uma grave lesão no joelho. O tribunal entendeu que o clube deveria ter prorrogado o contrato da atleta por um ano após a liberação médica. Camila Arrieta chegou ao Cruzeiro em 2023. Em fevereiro do ano seguinte, rompeu os ligamentos do joelho direito durante uma partida da Supercopa Feminina, contra o Minas Brasília. Depois da lesão, a atleta passou por três cirurgias e realizou todo o processo de recuperação no departamento médico do clube. O contrato de Arrieta chegava ao fim no dia 17 de fevereiro de 2025. Três dias antes, o departamento médico considerou a lateral apta a retornar aos gramados. Ela deixou o Cruzeiro e, posteriormente, acertou com o 3B da Amazônia. Otávio viaja para acompanhar convocação com a família; veja reação No processo, o desembargador Anemar Pereira Amaral considerou que o Cruzeiro deveria ter mantido o vínculo com a atleta até 14 de fevereiro de 2026, garantindo o período de estabilidade após a recuperação. O clube alegou nos autos que Arrieta não foi afastada pelo INSS e não recebeu auxílio-doença. Apesar do argumento, o relator do caso entendeu que a lesão foi caracterizada como acidente de trabalho e que, por isso, o recebimento de benefício previdenciário não seria necessário para assegurar a estabilidade. Camila Arrieta sofreu lesão pelo Cruzeiro em 2024 — Foto: Gustavo Martins/ Cruzeiro O desembargador também condenou o Cruzeiro ao pagamento de diferenças salariais por entender que o direito de imagem recebido por Arrieta ""se deu apenas como forma de reduzir encargos trabalhistas e previdenciários"". Com a decisão, o clube mineiro terá de arcar com as diferenças nos cálculos de férias, 13º salário, FGTS e demais encargos trabalhistas. Procurado pelo ge , o Cruzeiro informou que não se manifesta sobre procedimentos judiciais e se resguarda de se manifestar somente em âmbito judicial ."
Quem foram os destaques do São Paulo no Mundial Sub-17,,https://ge.globo.com/futebol/times/sao-paulo/noticia/2026/09/09/quem-foram-os-destaques-do-sao-paulo-no-mundial-sub-17.ghtml,"São Paulo está otimista em ter Luciano contra o Boca | Voz do Setorista SPFC O São Paulo encerrou a participação no Mundial de Clubes Sub-17, realizado em Córdoba, na Espanha. Na segunda-feira, a equipe foi eliminada na semifinal pelo Athletico, com derrota por 2 a 0. São Paulo disputa Mundial de base na Espanha — Foto: Sérgio Rocha / São Paulo FC O time comandado por Alexandre Torrezan disputou cinco partidas na competição, com destaque para duas goleadas sobre adversários europeus. Na primeira fase, o São Paulo venceu o Sporting por 6 a 0 e, nas quartas de final, bateu o Bayer Leverkusen por 6 a 1. São Paulo perde para Boca Juniors-ARG na Argentina e sai atrás na Sul-Americana Na primeira fase, o Tricolor também empatou por 0 a 0 com o Málaga e por 2 a 2 com o Dínamo Zagreb. Mais do São Paulo : + Dorival descarta poupar titulares no Choque-Rei, mas São Paulo pode perder Luciano O atacante Brenno foi o artilheiro da equipe na competição, com quatro gols marcados. Na sequência aparecem Robert William e Gustavo Zabarelli, com dois gols cada. O trio é formado por promessas de Cotia. No fim do ano passado, Brenno, com 16 anos, foi chamado por Crespo para treinar com os profissionais. A joia chegou ao clube em 2023, depois de passagem pelo futsal do Palmeiras, e tem contrato com o São Paulo até 2028. Brenno comemora gol pelo São Paulo no Mundial de Clubes Juvenil — Foto: Divulgação/Mundial de Clubes Juvenil Robert William é um meia-atacante promissor da base do São Paulo . Aos 16 anos, tem passagem pela equipe sub-20, mas desceu de categoria para disputar o Mundial. O jogador tem contrato com o Tricolor até 2029. Destaque do Sub-17, Zabarelli chegou a ser inscrito na Copinha deste ano, mas não entrou em campo. Nascido em 2009, o atacante atua pelas pontas ou centralizado, tem o drible curto e a visão de jogo como principais características e já defendeu o sub-20. Com dupla cidadania, está na mira da seleção italiana de base. Gustavo Zabarelli em jogo do sub-17 do São Paulo — Foto: Arquivo pessoal Os atletas retornam ao Brasil nesta semana para integrar o elenco nas disputas do Brasileirão e do Campeonato Paulista da categoria. O São Paulo ocupa a 13ª colocação na competição nacional e é o vice-líder do Grupo 2 do Paulistão."
Escalação: Athletico tem o retorno de Benavídez e dúvida na defesa para o Athletiba,,https://ge.globo.com/pr/futebol/times/athletico-pr/noticia/2026/09/08/escalacao-athletico-tem-o-retorno-de-benavidez-e-duvida-na-defesa-para-o-athletiba.ghtml,"Athletico perde para o Cruzeiro e vê G-5 ameaçado O Athletico deve ter pelo menos uma mudança no time para o clássico contra o Coritiba, pela 27ª rodada do Campeonato Brasileiro. O lateral-direito Benavídez volta de suspensão e deve reassumir a vaga de titular no jogo de sexta-feira, às 21h (de Brasília), no Couto Pereira. Na defesa, o zagueiro Arthur Dias saiu do jogo com o Cruzeiro com dores no braço, passou por exames e não teve nenhuma lesão detectada. Ele fez uma postagem nas redes sociais dizendo “estou bem”. Apesar disso, o Athletico trata inicialmente o jogador como dúvida na partida. O técnico Odair Hellmann deve dar sequência para a formação que vem utilizando como titular, com Benavídez voltando no lugar de Gilberto Moraes na direita. Porém, o treinador deixou claro, após a derrota para o Cruzeiro, o incômodo com o alto número de gols sofridos – foram oito nos últimos três jogos, sendo dois contra o Botafogo, três contra o Fluminense e mais três contra o Cruzeiro. Neste cenário, quem aparece como opção é Esquivel, que retornou contra o Cruzeiro após fica fora por mais de um mês por conta de uma contusão no tornozelo. O lateral substituiu o próprio Arthur Dias, no intervalo da partida, no domingo. Benavídez em treino pelo Athletico — Foto: Luis Miguel Ferreira/Athletico O Athletico é o terceiro colocado no Campeonato Brasileiro, com 45 pontos, três acima do Cruzeiro, que é o sexto e oito acima do Coritiba, que está em sétimo. O Athletiba será disputado na sexta-feira, às 21h (de Brasília), no Couto Pereira, abrindo a 27ª rodada do Campeonato Brasileiro. O ge acompanha todos os lances em Tempo Real. Mais notícias do esporte paranaense em ge.globo/pr"
Otávio viaja 140km após treino do Cruzeiro para acompanhar inédita convocação à Seleção; veja reação,,https://ge.globo.com/futebol/times/cruzeiro/noticia/2026/09/09/otavio-viaja-140km-apos-treino-do-cruzeiro-para-acompanhar-inedita-convocacao-a-selecao-veja-reacao.ghtml,"Otávio viaja para acompanhar convocação com a família; veja reação Destaque do Cruzeiro , Otávio foi convocado pela primeira vez para a seleção brasileira profissional. O ge obteve o vídeo do momento em que o nome do goleiro foi lido por Carlo Ancelotti. O goleiro saiu de Belo Horizonte, após treinar na Toca pela manhã, para acompanhar a convocação em Perdigão, cidade natal localizada a 140 quilômetros da capital. Por lá, esteve com familiares, amigos e representantes do staff no momento do anúncio. O vídeo mostra a emoção de Otávio e de outras pessoas presentes. Rizek fala sobre a convocação de Otávio, goleiro do Cruzeiro A presença na seleção brasileira não é exatamente uma novidade para Otávio, que foi convocado em vários momentos nas equipes de base. No ano passado, encerrou o ciclo com a Amarelinha em divisões de formação sendo titular no Mundial Sub-20. Ancelotti não descarta Alisson na Seleção, mas quer priorizar goleiros novos O goleiro faz parte do elenco profissional do Cruzeiro desde o ano passado, quando ainda frequentava a equipe júnior em algumas partidas. Na atual temporada, ele foi promovido de forma definitiva à equipe principal, conseguindo ascensão meteórica. Otávio acompanha convocação para Seleção ao lado da família — Foto: Reprodução O início da pré-temporada foi como terceiro goleiro, algo que mudou rapidamente. Otávio estreou profissionalmente no início do Mineiro, diante de uma lesão sofrida por Matheus Cunha. Em março, foi a vez de Cássio lesionar o joelho, abrindo espaço de vez para evolução do jovem goleiro. Inicialmente, naquele período, Otávio era reserva de Cunha, que não se firmou na posição por conta de atuações instáveis. O cria da base cruzeirense assumiu a titularidade em abril e não saiu mais da equipe. As atuações fizeram o Cruzeiro desistir de buscar goleiro no mercado e, recentemente, renovaram contrato do garoto até 2031."
"Zagueiro Jair Cunha celebra primeira convocação para a Seleção: ""Sonho de uma vida""",,https://ge.globo.com/futebol/selecao-brasileira/noticia/2026/09/09/zagueiro-jair-cunha-celebra-primeira-convocacao-para-a-selecao-sonho-de-uma-vida.ghtml,"Em 2024, quando estava no Santos, Jair teve a história contada pelo Globo Esporte O zagueiro Jair Cunha, de 21 anos, é uma das caras novas na seleção brasileira para o início do ciclo da Copa do Mundo de 2030. Revelado pelo Santos e com passagem pelo Botafogo, o jogador do Nottingham Forest, da Inglaterra, foi chamado pelo técnico Carlo Ancelotti para amistosos contra Austrália e Índia. – Esse momento representa a realização de um sonho de uma vida inteira. Desde muito novo, eu e minha família nos dedicamos para viver isso que estou vivendo hoje – celebrou Jair. – Foram muitas renúncias, muito trabalho, inúmeros desafios em busca do objetivo de me tornar jogador profissional e defender um dia a camisa da Seleção Brasileira. Esse sonho agora é real e espero aproveitar da melhor forma a oportunidade para que momentos como esse se repitam cada vez mais – completou o zagueiro. Natural de Orlândia, no interior de São Paulo, Jair Cunha se destaca pela altura. Ele tem 1,98m. Jair Cunha em ação na Premier League pelo Nottingham Forest — Foto: Reuters O jovem estreou como profissional em 2023 e, em 2025, foi negociado pelo Santos com o Botafogo. Quatro meses depois o clube carioca vendeu o defensor ao Nottingham por 12 milhões de euros. Jair Cunha defendeu a seleção sub-20 do Brasil no Sul-Americano da categoria, em 2025. O zagueiro começou a temporada como titular do Nottingham, atuando nas quatro partidas disputadas até aqui. O Brasil enfrentará a Austrália duas vezes. A primeira no dia 25 de setembro, no Queensland Country Bank Stadium, em Townsville, e a segunda no dia 29, no Suncorp Stadium, em Brisbane. Depois, a Seleção jogará contra a Índia no dia 3 de outubro, no Salt Lake Stadium, em Calcutá. Será o primeiro confronto na história entre as duas equipes. Além de Jair, a convocação desta quarta-feira tem outros sete novatos. São eles:"
Ex-Botafogo e São Paulo faz seu primeiro gol após troca de clube no Japão,,https://ge.globo.com/futebol/noticia/2026/09/09/ex-botafogo-e-sao-paulo-faz-seu-primeiro-gol-apos-troca-de-clube-no-japao.ghtml,"Depois de passagem destacada pelo Kawasaki Frontale, o atacante Erison, ex-Botafogo e São Paulo, marcou seu primeiro gol com a camisa do JEF United, clube que o contratou em junho. Erison defende o JEF United — Foto: Divulgação/JEF United Erison abriu o placar na vitória por 2 a 0 sobre o Kamatamare Sanuki, pela primeira rodada da Copa da Liga Japonesa. - Estou muito feliz por marcar meu primeiro gol com essa camisa. Estava buscando esse momento desde que cheguei e sabia que, com trabalho e dedicação, mais cedo ou mais tarde aconteceria. Fiquei ainda mais feliz porque foi algo importante para ajudar a equipe a conquistar uma vitória decisiva, que nos manteve na competição. - O JEF está passando por um momento de construção, de evolução, e estou muito feliz por fazer parte desse processo. Estou certo de que muitas coisas positivas virão pela frente - afirmou Erison. O gol representa um momento importante para o atacante de 27 anos em sua adaptação ao novo clube. Antes do confronto desta quarta-feira, Erison havia disputado cinco partidas pelo JEF United na J-League, todas como titular. Agora, o brasileiro abre sua contagem de gols pela equipe e ganha confiança para a sequência da temporada. O JEF Unitedvolta a campo no próximo domingo (13), quando enfrenta o Tokyo Verdy, fora de casa, às 18h (horário local), no Ajinomoto Stadium, pela sétima rodada da J-League."
Botafogo reforça a zaga na janela e amplia opções para o setor,,https://ge.globo.com/futebol/times/botafogo/noticia/2026/09/09/botafogo-reforca-a-zaga-na-janela-e-amplia-opcoes-para-o-setor.ghtml,"Voz do Setorista: Os detalhes da chegada de Ziyech para assinar com o Botafogo A defesa do Botafogo ganhou corpo nesta janela de transferências. O clube acertou com Lucas Monzón, que já até jogou de titular, e Arthur Chaves, apresentado nesta terça-feira. Com as chegadas, a expectativa é reduzir os problemas no setor e a média de gols sofridos. Arthur Chaves apresentado pelo Botafogo — Foto: Vitor Silva / Botafogo Antes das chegadas, o Botafogo perdeu Barboza, vendido para o Palmeiras, e Bastos, que rescindiu depois de uma sequência de lesões e um início de ano ruim. Sem os zagueiros dos títulos de 2024, o clube precisou se reinventar. Ao todo, foram 40 gols sofridos no Brasileirão. É claro que nem tudo deve ser apontado para os zagueiros. Durante o ano, o Botafogo conviveu com a instabilidade no gol e teve cinco titulares até aqui. Neto, Léo Linck e Raul deixaram o clube, e agora Gabriel Batista e Warleson disputam posição. Arthur Chaves apresenta características na chegada ao Botafogo Na zaga, Ferraresi e Justino tiveram bons momentos nos primeiros jogos do retorno do futebol brasileiro após a pausa para a Copa do Mundo. Com a sequência negativa no Brasileirão (o Botafogo não vence desde julho), a balança pesou contra o jovem Justino. Ele oscilou em alguns jogos e teve atuações negativas. O interino Rodrigo Bellão chegou a experimentar um sistema com três zagueiros em que tinha Marçal improvisado na posição. As lesões de Alex Telles e Paulinho obrigaram o treinador a colocar Marçal de volta na lateral-esquerda, e a formação voltou a ter quatro defensores. Quem ganhou espaço foi Lucas Monzón, contratado nesta janela de transferências. O uruguaio foi titular no empate por 0 a 0 com o Palmeiras, no domingo. Elogiado, pode manter a vaga para o próximo confronto, contra o Bragantino. Lucas Monzón, zagueiro do Botafogo, em treino no Espaço Lonier — Foto: Vitor Silva/BFR A zaga ganhou corpo também com outra chegada. Apresentado nesta terça-feira, Arthur Chaves era um dos alvos do clube para a posição e deixou o Hoffenheim, da Alemanha. Ele está regularizado no BID da CBF e pode estrear. O Botafogo é o 14º colocado do Brasileirão, com 31 pontos. Neste sábado, às 20h30, enfrenta o Bragantino no Nilton Santos pela 27ª rodada da competição."
"Com Estêvão de titular, Chelsea vence de virada e avança na Copa da Liga Inglesa",,https://ge.globo.com/futebol/futebol-internacional/futebol-ingles/copa-da-liga-inglesa/noticia/2026/09/09/com-estevao-de-titular-chelsea-vence-de-virada-e-avanca-na-copa-da-liga-inglesa.ghtml,"Chelsea 6 x 3 Leeds United | Melhores momentos | 3ª fase Copa da Liga Inglesa Com uma atuação arrasadora no segundo tempo, o Chelsea venceu o Leeds United nesta quarta-feira, por 6 a 3 , no estádio Stamford Bridge, e avançou na Copa da Liga Inglesa 2026/27 . Convocado para os próximos jogos da seleção brasileira , o atacante Estêvão foi titular do Chelsea, mas acabou sendo substituído no intervalo. Convocado pela Seleção, Estêvão foi titular do Chelsea contra o Leeds United na Copa da Liga Inglesa — Foto: Reuters O técnico Xabi Alonso decidiu deixar titulares como Pedro Neto, Cole Palmer e João Pedro no banco de reservas. Melhor no primeiro tempo, o Leeds abriu o placar aos 23 minutos. O meia Harry Wilson bateu o escanteio, e o zagueiro Muharemovic completou de cabeça. O Chelsea foi para o vestiário no intervalo sob vaias da torcida. A situação do time de Londres ficou pior logo no início do segundo tempo. Após roubada de bola do Leeds no campo de ataque, o meio-campista Ampadu avançou pela direita e cruzou rasteiro. O centroavante Nmecha deu uma leve pisada na bola, e o meia Aaronson finalizou. A ""cavalaria"" lançada por Xabi Alonso no intervalo começou a surtir efeito aos oito minutos do segundo tempo. O ala-esquerdo Chavarria foi derrubado pelo lateral-direito James dentro da área, e o meia Cole Palmer converteu a cobrança do pênalti. Cole Palmer comemora um dos gols marcados pelo Chelsea contra o Leeds United — Foto: Reuters O gol de empate do Chelsea veio no minuto seguinte, de novo de Cole Palmer. O camisa 10 do time aproveitou a escorada do meia Morgan Rogers e bateu no cantinho, sem chances para o goleiro Zetterer. O Chelsea continuou imparável e virou o jogo aos 15 minutos do segundo tempo . Cole Palmer tocou na frente para Morgan Rogers, que, de carrinho, ajeitou para Pedro Neto. O atacante português bateu rasteiro e marcou o terceiro gol da equipe. Jogadores do Chelsea comemoram o terceiro gol do time sobre o Leeds United, na Copa da Liga Inglesa — Foto: Reuters A reação impressionante da equipe de Londres em poucos minutos seguiu com o quarto gol , do centroavante Welbeck. Ele recebeu a bola dentro da área, de costas para o gol, fez o giro contra dois marcadores e chutou rasteiro. O Chelsea, portanto, fez quatro gols em 12 minutos. Só que o Leeds United não estava morto na partida. Em lance de contra-ataque, a bola chegou quase na marca do pênalti para o centroavante Calvert-Lewin completar, de primeira, chapado. Dois minutos depois, o Chelsea marcou o quinto gol. Morgan Rogers fez a jogada pela direita e cruzou rasteiro. A bola atravessou a área, até chegar no pé esquerdo do meio-campista Barco, que bateu forte. Welbeck ainda anotaria o sexto do time, nos acréscimos, ao desviar de cabeça outro chute de canhota de Barco, da entrada da área . Final: 6 a 3, e Chelsea classificado para a próxima fase da Copa da Liga Inglesa. Welbeck comemora o quarto gol do Chelsea contra o Leeds United na Copa da Liga Inglesa — Foto: Reuters"
"Fora dos planos, atacante do Cruzeiro se aproxima de um ano sem gol e vê mercado esfriar",,https://ge.globo.com/futebol/times/cruzeiro/noticia/2026/09/09/fora-dos-planos-atacante-do-cruzeiro-se-aproxima-de-um-ano-sem-gol-e-ve-mercado-esfriar.ghtml,"Chico da Costa participou de gol dado para Néiser Villarreal em duelo com Vasco Fora dos planos de Artur Jorge no Cruzeiro , Chico da Costa enfrenta um momento complicado na carreira. Sem balançar as redes há quase um ano, o centroavante tem dificuldades de encontrar alternativas no mercado para ter mais espaço em campo. Chico foi contratado pelo Cruzeiro no início da temporada, com aval de Tite, que queria um jogador de área para composição do elenco. Chegou após passagem pelo Mirassol e sob investimento de cerca de R$ 5 milhões. Em oito meses na Toca da Raposa, Chico da Costa disputou 14 jogos, sendo três como titular – todos no Campeonato Mineiro – e não marcou gol. O último dele foi em 17 de setembro do ano passado, quando balançou as redes no empate por 3 a 3 entre Mirassol e Botafogo. Neste período, Chico da Costa chegou a comemorar um gol do Cruzeiro contra o Vasco, mas a súmula confirmou o gol para Néiser Villarreal, que desviou involuntariamente um cabeceio do centroavante. A decisão de buscar um novo destino para Chico da Costa foi tomada pelo Cruzeiro antes da pausa para a Copa do Mundo, mas havia o entendimento do clube e do estafe dele de que o mercado se aqueceria com a abertura da janela. O que não aconteceu, na prática. O centroavante recebeu sondagens do futebol brasileiro, mas prioriza, desde o início, saída ao exterior. Durante a janela, uma situação irritou a diretoria do Cruzeiro. O clube acertou o empréstimo de Chico da Costa ao Sport, como composição pela contratação de Zé Lucas, mas o jogador se recusou a se transferir para o clube pernambucano. Chico da Costa em treino do Cruzeiro — Foto: Gustavo Aleixo/Cruzeiro O imbróglio aconteceu há pouco mais de um mês, quando o Cruzeiro decidiu, definitivamente, que não contaria mais com o jogador de 31 anos. O vínculo com o clube vai até o fim de 2027, mas a tendência é de que não use mais a camisa estrelada. Chico da Costa cumpre um cronograma específico de atividades na Toca da Raposa. Kaio Jorge é o titular da posição com Artur Jorge. Nas últimas semanas, Néiser Villarreal se recuperou de lesão muscular e voltou a ser utilizado, mas voltou a ser desfalque por entorse no tornozelo. Além disso, o clube contratou Lucho Rodríguez nesta janela."
"Com dores na coxa, Ignácio desfalca o Fluminense em jogo da Libertadores",,https://ge.globo.com/futebol/times/fluminense/noticia/2026/09/08/com-dores-na-coxa-ignacio-desfalca-o-fluminense-em-jogo-da-libertadores.ghtml,"Como chega o Platense para o jogo contra o Fluminense na Libertadores? O Fluminense não poderá contar com o zagueiro Ignácio para o jogo contra o Platense, no Maracanã, pela primeira partida das quartas de final da Conmebol Libertadores. Ignácio sentiu dores na coxa esquerda e ficará de fora do confronto. Ignácio comemora o gol de empate em Fluminense x Bragantino — Foto: Alexandre Durão O zagueiro assumiu a titularidade ainda com Zubeldía, durante a sequência de defensores do Fluminense lesionados, e conseguiu continuar com a vaga com a chegada de Marcão. Ignácio tem formado dupla com Thiago Silva e, na ausência do capitão, atua ao lado de Julián Millán. Desde o retorno da pausa para a Copa do Mundo, Ignácio assumiu importante papel defensivo na equipe e também chegou a contribuir ofensivamente. O zagueiro tem três gols no período, contra Bragantino, Botafogo e Athletico-PR, e está entre os artilheiros do Flu nesse retorno da Copa. Diante da ausência do zagueiro titular, a tendência é que Millán assuma a vaga. Ele vem sendo a primeira opção de Marcão nos jogos em que o Fluminense tem algum desfalque e atuou bem contra Athletico-PR e Vasco, pelo Campeonato Brasileiro. Millán conduz a bola na partida do Fluminense contra o Athletico-PR — Foto: MARINA GARCIA / FLUMINENSE F.C."
Quando a GDA vai assumir o controle da SAF Botafogo? Entenda,,https://ge.globo.com/futebol/times/botafogo/noticia/2026/09/09/quando-a-gda-vai-assumir-o-controle-da-saf-botafogo-entenda.ghtml,"O acordo vinculante assinado em junho é o instrumento que dá segurança jurídica para que Gabriel de Alba, responsável pela GDA Luma, atue como novo investidor da SAF Botafogo , mesmo que a transferência dos 90% das ações ainda não tenha sido concluída. Mas por que as ações ainda não são da GDA? O ge explica. Gabriel de Alba, novo investidor da SAF Botafogo — Foto: Letícia Marques / ge O processo de transferência das ações começou em julho, intensificando-se depois da medida tomada pelo Botafogo Social, que acionou um mecanismo (bônus de subscrição, previsto no acordo de acionistas) para assumir o controle da SAF. Desta forma, o associativo se tornou majoritário, com 51% das ações, enquanto a Eagle passou a ter 49%. A partir daí, passou-se a discutir qual modelo seria utilizado para a transferência das ações para a GDA. Por ter acionado o bônus de subscrição, o Botafogo ganhou o direito de fazer a transferência através do ""direito de drag along"". Esse mecanismo prevê que o acionista majoritário force os minoritários a vender suas ações para determinado comprador. No caso do Botafogo, o clube social venderia suas ações para a GDA por um determinado preço e obrigaria a agora minoritária Eagle Bidco, que tem a Cork Gully como administradora, a fazer o mesmo. Nesse modelo, o preço é simbólico por causa da dívida bilionária. Novo dono da SAF, Gabriel de Alba diz: ""Queremos fazer do Botafogo o melhor das Américas"" No entanto, o ""drag along"" não é a única alternativa. A venda também pode ocorrer por meio de aumento de capital. Nesse caso, um dos investidores faz um novo aporte na empresa e, como consequência, amplia sua participação acionária de forma proporcional ao valor investido. Na prática, se um investidor faz um aporte que aumente o capital da empresa e, assim, permita a emissão de mais ações, este investidor fica com as novas ações. Dessa forma, dependendo do capital investido, o acionista pode aumentar sua participação até se tornar, eventualmente, o controlador da companhia. Seria o caso de Gabriel de Alba na SAF alvinegra. Os advogados do Botafogo e a equipe jurídica da GDA Luma ainda debatem o modelo de negócio que será feito: drag along ou aumento de capital. Este é o motivo pelo qual as ações ainda não estão no controle da GDA. Vale destacar que existe a chance de que o contrato de compra e venda passe por votação entre sócios e conselheiros do Botafogo, mas isso ainda não está decidido. Paralelamente, os departamentos jurídicos das partes trabalham na elaboração de uma nova versão do acordo de acionistas. O documento que está em vigor sofrerá alterações que seguem em discussão entre as partes. O acordo original, de 149 páginas, foi elaborado na venda da SAF para John Textor, em março de 2022, e assinado pelo empresário americano, pelo então presidente Durcesio Mello e pelo então CEO Thairo Arruda. O trâmite das transferências das ações arrasta-se há meses, mas o prazo é tratado com normalidade nos bastidores. Já vinculado ao Botafogo, Gabriel de Alba visitou o Brasil em agosto. No primeiro contato, esteve nas instalações da SAF, o estádio Nilton Santos e marcou presença no jogo de eliminação da Sul-Americana. Ao ge , ele deu a primeira declaração como investidor: - Queremos fazer do Botafogo o time vencedor que a torcida merece. O melhor time das Américas, que dispute todos os anos os campeonatos locais e sul-americanos e que esteja sempre competindo no Mundial de Clubes. Estamos comprometidos com isso. Vamos contribuir, investir e estruturar o clube para alcançar esse objetivo - disse no dia 19 de agosto. A proposta da GDA é de US$ 105 milhões, além do compromisso de assumir integralmente a dívida da SAF, que está estimada em quase R$ 3 bilhões. Até o mês de setembro, Gabriel de Alba investiu cerca de 50 milhões de dólares (cerca de R$ 255 milhões). GE Botafogo analisa o novo investidor do clube, Gabriel de Alba O montante está dividido em 25 milhões de dólares do empréstimo para pagar o transfer ban do Almada, 14,5 milhões de dólares em julho e outro depósito de 10,5 milhões de dólares. O empresário mexicano virá ao Brasil entre a última semana de setembro e o início do mês de outubro. Há a programação para um novo aporte até dezembro. O presidente do Botafogo associativo, João Paulo Magalhães Lins, é o nome forte neste período de transição. Foi ele que convenceu Gabriel de Alba a deixar de ser apenas um credor (da dívida obtida no início do ano, ainda com John Textor) para virar o dono da SAF. Por isso, JP se tornou o principal elo com o empresário mexicano. Outro nome de relevância interna é Eduardo Iglesias, diretor-geral da SAF. Ele foi nomeado em 14 de maio após uma Assembleia Geral Extraordinária. Além dele, há Estêvão Benincá, presidente do Conselho de Administração da SAF. Ele foi nomeado em 2 de agosto, em AGE que destituiu Textor do último cargo que tinha. João Paulo Magalhães Lins e Gabriel de Alba, do Botafogo — Foto: Divulgação Na SAF, neste momento, os três cargos da maior importância são: investidor, diretor geral e presidente do Conselho de Administração. O ponto curioso é que, a partir de determinado momento, John Textor acumulou os três cargos. Neste período de transição, três pessoas diferentes estão no poder, e o planejamento é que se mantenha desta maneira após a GDA assumir de forma oficial. Como investidor, Gabriel de Alba terá de dar o aval e aprovar as principais decisões do Botafogo. A tendência é que Iglesias seja mantido como diretor-geral mesmo após a GDA assumir oficialmente. O economista é conceituado no mercado e, ao lado de João Paulo, construiu uma boa e direta relação com o empresário mexicano."
"Operário-PR x CRB: onde assistir ao vivo, horário e escalações",,https://ge.globo.com/pr/futebol/brasileirao-serie-b/noticia/2026/09/09/operario-pr-x-crb-onde-assistir-ao-vivo-horario-e-escalacoes.ghtml,"Operário quebra jejum e volta a sonhar com G6 O Operário-PR é o sétimo colocado, com 40 pontos, e chega animado ao ganhar do Londrina, por 2 a 1, fora de casa. O resultado quebrou um jejum do time no returno da Série B, já que vinha de quatro derrotas e dois empates desde o começo da segunda metade da competição. O Fantasma agora vem de três jogos sem perder e mira uma volta ao G6. O CRB é o sexto, com 42 poontos, vem de vitória no último jogo, contra o América-MG, por 3 a 1, e embalado com o desempenho no returno. Desde a chegada do técnico Fábio Matias, são 10 jogos, com sete vitórias, dois empates e apenas uma derrota, um aproveitamento de 76,7% com o novo treinador. Além disso, o desempenho fora de casa é muito positivo. São seis vitórias em 13 partidas, sendo o segundo melhor visitante da Série B, atrás apenas do São Bernardo. A única dúvida inicialmente está no ataque. O atacante Pablo sentiu um desconforto muscular contra o Londrina e vem sendo avaliado. Caso fique fora, Caio Dantas e Mingotti são as opções. O restante do time é o mesmo que vem sendo titular nos últimos jogos. Pendurados: Matheus Trindade, Moraes e Miranda. CRB encerra o trabalho em Maceió antes do jogo contra o Operário-PR Matias tem retornos importantes para o jogo no Germano Krüger. Recuperado de lesão muscular, o lateral-esquerdo Lucas Lovat viajou e deve começar entre os titulares. Quem também retorna é o atacante Thiaguinho, que cumpriu suspensão no último jogo pelo terceiro amarelo. Pendurados: Vinícius Barata, Fábio Alemão, Hereda, Patrick de Lucca, Kevin, Vitor Caetano e Bressan. Germano Krüger, estádio do Operário-PR — Foto: André Jonsson/OFEC Mais notícias do esporte paranaense no ge.globo/pr"
Nicolas passa por cirurgia e deve ficar no mínimo três meses afastado do São Paulo,,https://ge.globo.com/futebol/times/sao-paulo/noticia/2026/09/09/nicolas-passa-por-cirurgia-e-deve-ficar-no-minimo-tres-meses-afastado-do-sao-paulo.ghtml,"São Paulo está otimista em ter Luciano contra o Boca | Voz do Setorista SPFC Nicolas Bosshardt passou por uma cirurgia para sutura do menisco do joelho esquerdo nesta quarta-feira, no Hospital Albert Einstein, na capital paulista. O procedimento foi realizado pelo médico Moisés Cohen. O lateral-esquerdo relatou dores na terça-feira, depois de uma atividade no CT da Barra Funda. O departamento médico submeteu o atleta a exames de imagem, que constataram a necessidade de cirurgia. Mais do São Paulo : + Luciano joga contra o Boca? Tricolor está otimista + Quais foram os destaques do São Paulo no Mundial Sub-17 Nicolas Bosshardt participou de atividade do São Paulo — Foto: Erico Leonan/São Paulo Em nota, o São Paulo informou que o procedimento foi bem-sucedido e que o jogador iniciará a recuperação com a fisioterapia do clube nos próximos dias, depois de receber alta hospitalar. Segundo fontes ouvidas pelo ge , a previsão de retorno aos gramados é de, no mínimo, três meses. O jogador de 19 anos vive uma temporada de altos e baixos. Nicolas ganhou mais oportunidades entre os profissionais e disputou sete partidas pela equipe principal No começo de agosto, porém, envolveu-se em um acidente com vítima fatal. O jogador chegou a ser detido, mas responde em liberdade. Depois do episódio, Nicolas foi preservado pelo São Paulo e perdeu alguns treinamentos. No fim do mês, voltou às atividades e participou de partidas da equipe sub-20 para retomar o ritmo de jogo. Nicolas não é relacionado para uma partida da equipe profissional desde julho."
"Richarlison aceita jogar no Vasco, mas Tottenham não pode mais emprestar jogadores",,https://ge.globo.com/futebol/times/vasco/noticia/2026/09/08/richarlison-aceita-proposta-do-vasco-mas-tottenham-nao-pode-mais-emprestar-jogadores.ghtml,"Entenda por que Richarlison não pode ser emprestado para o Vasco O Tottenham avisou a Richarlison que não poderá emprestá-lo ao Vasco . A negativa do time inglês respeita uma regra da Fifa: um clube está proibido de ter mais de seis jogadores sob contrato de empréstimo com clubes de outras federações. A diretoria vascaína tentava viabilizar a contratação do atacante , que chegou a aceitar a ideia de jogar pelo time de São Januário. “Faz um estrago aqui”, diz Rizek sobre desejo do Vasco por Richarlison Os ingleses contam com sete jogadores emprestados, sendo seis para clubes de fora da Inglaterra. São eles: Pape Matar Sarr (Juventus), Vicario (Juventus), Kevin Danso (Sunderland), Dragusin (Fiorentina), Souza (Porto), Takai (Sint-Truiden) e Min-hyeok Yang (KVC Westerlo). Da lista, apenas o caso do zagueiro Danso não entra na conta da Fifa, uma vez que se trata de empréstimo para um time da federação inglesa, da qual o Tottenham, clube detentor dos direitos federativos do atleta, também faz parte. Richarlison está afastado do elenco principal do Tottenham — Foto: Action Images via Reuters/Matthew Childs Pelas diretrizes da Fifa, as exceções à regra são aplicadas a jogadores com até 21 anos e que tenham sido formados no clube. Ou seja, segundo a entidade, atletas que tenham atuado por três temporadas no clube entre os 15 e 21 anos. Nenhum jogador emprestado pelo Tottenham enquadra-se no caso. Richarlison recebeu a notícia do Tottenham no início da tarde desta terça-feira. O atacante é declaradamente torcedor do Vasco e, após receber a consulta da direção, ficou animado com a possibilidade de transferência ao clube do coração. O brasileiro entrou em rota de colisão com o Tottenham após comunicar o desejo de sair à diretoria dos Spurs e ao técnico Roberto De Zerbi. Ele ficou fora da lista de inscritos na Premier League e não está nos planos para o restante da temporada. Nos últimos dias, a torcida vascaína iniciou uma intensa mobilização nas redes sociais pela contratação do jogador, que segue as atividades no Tottenham para manter a forma física enquanto aguarda a definição do futuro. Richarlison tem contrato com o time de Londres até junho de 2027 e poderá assinar um pré-contrato com outro clube a partir de dezembro. ""São 13 finais daqui para frente"", diz João Almirante | A Voz da Torcida Em 17º lugar no Brasileiro, dentro da zona de rebaixamento, o Vasco está nas quartas de final da Copa Sul-Americana e nas semifinais da Copa do Brasil. Até agora, o clube fechou três reforços na atual janela, que fecha na próxima sexta: o volante Sosa e os atacantes Colidio e Bruno Duarte. Além deles, a diretoria encaminhou a contratação do zagueiro Gabriel Pereira."
"Ziyech chega ao Rio e é recebido por torcedores do Botafogo: ""País número 1 do futebol""",,https://ge.globo.com/futebol/times/botafogo/noticia/2026/09/08/ziyech-chega-ao-rio-de-janeiro-e-e-recebido-por-torcedores-do-botafogo-no-aeroporto.ghtml,"Hakim Ziyech chegou ao Rio de Janeiro para ser jogador do Botafogo . O marroquino de 33 anos foi recebido na noite desta terça-feira no Aeroporto do Galeão por torcedores do clube e teve o nome cantado. Ziyech na chegada ao Botafogo — Foto: Letícia Marques Ziyech desembarcou às 19h39 (de Brasília), passou por procedimentos burocráticos e foi recebido pelo diretor de futebol do clube, Léo Coelho. Com um cachecol e uma bandeira do Botafogo, tirou fotos no salão nobre do Galeão e falou as primeiras palavras no Rio: — Tudo foi bom. O voo foi um pouco longo, mas foi bom. Estou animado. Minha primeira vez aqui, mas esteve sempre na minha lista. Agora virou realidade. Ainda não sei muito (sobre a cidade). Estou muito animado. É o país número 1 do futebol. É a forma de viver aqui, algo que toca em mim e quero experimentar — disse Ziyech. Zieych chega ao Rio de Janeiro e é recebido pela torcida do Botafogo Do lado de fora, os torcedores presentes no Galeão cantaram ""Ah, Salamaleico"", versão aportuguesa de ""As-Salamu Alaikum"", um cumprimento em árabe. O nome do jogador foi cantado em ""Ih, f*, o Ziyech apareceu"". O jogador de 33 anos passará por exames na quarta-feira antes de assinar o contrato, que será válido até dezembro de 2028. No fim de semana, o ponta se despediu do Wydad Casablanca logo após chegar ao acordo verbal com o Botafogo. Ziyech é o grande nome do clube na janela e preencherá uma função desejada pela comissão técnica, a de ponta canhoto. Na Copa do Mundo de 2022, o atacante foi um dos destaques na campanha histórica do Marrocos, quarto colocado na competição. Pelo clube atual, o Wydad Casablanca, fez 16 jogos, marcou nove gols e contribuiu com duas assistências. Ziyech é o oitavo reforço contratado pelo Botafogo na atual janela de transferência. Nesta terça-feira, a diretoria alvinegra também realizou a apresentação do zagueiro Arthur Chaves, ex-Hoffenheim, da Alemanha. Antes, o clube já havia anunciado os goleiros Warleson e Gabriel Batista, o lateral Paulinho, o zagueiro Lucas Monzón, o volante Domingos Andrade e o atacante Danilo Pereira. Torcedores do Botafogo vão ao Galeão para chegada de Ziyech — Foto: Letícia Marques"
"Bola de Ouro 2026: Gabriel Magalhães, Marquinhos e Vini Jr. são indicados; veja lista",,https://ge.globo.com/futebol/futebol-internacional/noticia/2026/09/08/bola-de-ouro-2026-veja-indicados.ghtml,"Ronaldinho Gaúcho entrega Bola de Ouro para novo Melhor do Mundo Gabriel Magalhães, Marquinhos e Vini Jr. estão entre os 30 indicados à Bola de Ouro 2026. A lista de concorrentes ao principal prêmio individual do futebol mundial foi divulgada nesta terça-feira pela organização. A cerimônia está marcada para o dia 26 de outubro. Troféu da Bola de Ouro — Foto: FRANCK FIFE / AFP A tradicional premiação da revista France Football, organizada em parceria com a Uefa desde 2024, chega à 70ª edição e deixa Paris temporariamente para uma cerimônia especial na capital inglesa. Gabriel Magalhães é indicado — Foto: Reprodução A escolha de Londres é uma homenagem a Stanley Matthews, primeiro vencedor da Bola de Ouro, em 1956. O ex-atacante inglês recebeu o troféu quando defendia o Blackpool. Marquinhos é indicado ao prêmio — Foto: Reprodução Tradicionalmente realizada em Paris, a cerimônia acontece no Théâtre du Châtelet desde 2019. Em 2026, porém, a organização decidiu levar o evento pela primeira vez para Londres para celebrar os 70 anos da premiação. A edição de 2026 leva em consideração os destaques da temporada 2025/26 e também teve a Copa do Mundo como um dos principais eventos do período de avaliação. Ousmane Dembélé e Aitana Bonmatí venceram as principais categorias masculina e feminina, respectivamente, em 2025. O argentino Lionel Messi é o maior vencedor da história da Bola de Ouro masculina, com oito conquistas."
Rodri se desculpa com capitão do Valencia após flagra criticando jogadores rivais,,https://ge.globo.com/futebol/futebol-internacional/futebol-espanhol/noticia/2026/09/09/rodri-se-desculpa-com-capitao-do-valencia-apos-cena-criticando-jogadores-adversarios.ghtml,"Hansi Flick enche de elogios o volante Rodri, reforço do Barcelona: ""Fantástico"" Rodri ligou para o capitão do Valencia para se desculpar pela polêmica do último jogo do Barcelona . Imagens de uma TV flagraram o volante criticando o elenco adversário durante a vitória de 5 a 0 do time catalão em LaLiga. Segundo a imprensa espanhola, em contato com José Luis Gayà, o reforço do Barça se demonstrou arrependido pelas falas e admitiu ter cometido um erro. O flagra da transmissão foi divulgado na segunda-feira pelo programa ""El Día Después"", um dia após o jogo que aconteceu no Mestalla. Rodri havia feito sua primeira partida como titular, mas já estava no banco de reservas ao lado de Cubarsí. Rodri critica nível dos jogadores do Valencia durante goleada do Barcelona: ""Muito ruins"" — Foto: Reprodução / El Día Después — Muito ruins. Eles (atletas do Valencia) são realmente muito fracos. Eles nem passaram do meio do campo no segundo tempo — disse ao zagueiro. Rodri também não escondeu a surpresa ao saber que o Valencia terminou em nono lugar na última edição do Campeonato Espanhol, a cinco pontos de se classificar para a Liga Conferência. Lamine Yamal fez dois gols, e Fermín, Raphinha e Pedri ampliaram o placar na goleada de domingo contra o Valencia. O time de Rodri ampliou a vantagem na liderança de LaLiga e chegou a 12 pontos. Agora, o Barcelona volta a campo às 13h45 (horário de Brasília) desta quarta no Camp Nou, para enfrentar o Feyenoord pela Champions League. Valencia 0 x 5 Barcelona | Melhores momentos | 4ª rodada | Campeonato Espanhol"
Alan Lescano é regularizado no BID e pode estrear pelo Vasco contra o Grêmio,,https://ge.globo.com/futebol/times/vasco/noticia/2026/09/09/alan-lescano-e-regularizado-no-bid-e-pode-estrear-pelo-vasco.ghtml,"João Guerra explica andamento da negociação do Vasco com Richarlison | Podcast ge Vasco Alan Lescano já pode estrear pelo Vasco . O argentino foi registrado no Boletim Informativo Diário (BID) da CBF nesta quarta-feira e está apto para atuar pelo clube carioca no próximo compromisso, diante do Grêmio, no sábado, pela 27ª rodada do Campeonato Brasileiro, na Arena do Grêmio. O meia de 24 anos foi anunciado oficialmente nesta quarta-feira e assinou contrato até dezembro de 2029. A negociação com o Argentinos Juniors girou em torno de US$ 7 milhões (cerca de R$ 36 milhões). Lescano é regularizado no BID e pode estrear pelo Vasco — Foto: Reprodução Lescano é o quinto reforço anunciado pelo Vasco nesta janela de transferências. Antes, a diretoria havia contratado o lateral Paulinho, o volante Sosa e os atacantes Colidio e Bruno Duarte. O clube também encaminhou o acerto com o zagueiro Gabriel Pereira e sonha com a chegada do atacante Richarlison. O meia é visto internamente como um jogador que chega para ser titular e que tem bastante potencial. O argentino pode atuar tanto como camisa 10, mais adiantado e próximo dos atacantes, quanto como um meio-campista mais recuado, na função de um 8 com características ofensivas, perfil que falta ao elenco. Lescano Vasco — Foto: Matheus Lima/Vasco O meia iniciou a carreira profissional no Gimnasia, em 2022. Na temporada seguinte, acertou com o Argentinos Juniors, clube pelo qual ganhou destaque. Por lá, foram 123 jogos disputados, com 27 gols e nove assistências."
Infantino é alvo de nova denúncia na Fifa por relação com Trump,,https://ge.globo.com/futebol/futebol-internacional/noticia/2026/09/08/infantino-e-alvo-de-nova-denuncia-na-fifa-por-relacao-com-trump.ghtml,"Gianni Infantino, presidente da Fifa, desiste de criar empresa com capital privado para gerenciar a Copa do Mundo Gianni Infantino é alvo de uma nova denúncia na comissão de ética da Fifa por sua relação com Donald Trump. Segundo o jornal L'Équipe, a ONG britânica FairSquare apresentou uma reclamação citando oito episódios dos últimos dois anos envolvendo o presidente da entidade e o líder dos Estados Unidos. A organização acusa Infantino de repetir possíveis violações das regras de neutralidade política e de usar de forma indevida os poderes do cargo. Entre os episódios citados está a proximidade com Trump e a entrega do Prêmio da Paz da Fifa ao presidente americano, em dezembro de 2025. Gianni Infantino e Donald Trump na final da Copa do Mundo — Foto: REUTERS A denúncia ocorre após a FairSquare apresentar uma reclamação semelhante contra Infantino ao Comitê de Ética do Comitê Olímpico Internacional, rejeitada em julho. A ONG também pede que o dirigente seja considerado inelegível para buscar um novo mandato. Infantino confirmou em março a intenção de concorrer à reeleição em 2027 e, até o momento, é o único candidato declarado. A Federação Belga, porém, já afirmou que não apoiará sua candidatura sem respostas sobre questões de transparência e governança."
"Leila defende Paulinho e reforça apoio a Abel no Palmeiras: ""Incontestável""",,https://ge.globo.com/futebol/times/palmeiras/noticia/2026/09/09/leila-defende-paulinho-e-reforca-apoio-a-abel-no-palmeiras-incontestavel.ghtml,"Vivo nos três campeonatos, torcedor do Palmeiras quer a Libertadores Leila Pereira diz que continua confiando ""de forma incontestável"" no trabalho de Abel Ferreira e elenco do Palmeiras . A declaração vem depois de a equipe perder a liderança do Campeonato Brasileiro para o Flamengo e conviver com críticas pelo desempenho recente. – A presidente do Palmeiras nunca vai perder a linha, os atletas sabem meu sentimento, quando estou satisfeita, quando não estou, quando precisamos melhorar – disse, à Espn. – Evidente que continuo confiando de uma forma incontestável no trabalho do Abel e da comissão. Vejo diariamente, todos estão conscientes que podemos entregar mais. Então temos que continuar trabalhando. Perdemos a liderança, estamos satisfeitos? Claro que não. O que pode ser feito? Continuar trabalhando e com a certeza que temos potencial para melhorar ainda mais. Vai ser assim até meu último dia de mandato, em dezembro de 2027 – reforçou. Mais notícias do Palmeiras : + Acompanhe o jogo contra a LDU em tempo real Abel Ferreira e Leila Pereira em homenagem ao treinador português do Palmeiras — Foto: Camila Alves/ge A dirigente ainda minimizou a última entrevista de Abel Ferreira, que repercutiu negativamente entre palmeirenses após o treinador dizer para a torcida desfrutar da sequência vitoriosa dos últimos cinco anos . – Sempre que o Abel fala, que a presidente fala, sempre é uma polêmica. Não achei nada demais o que o Abel falou. Entendi perfeitamente quando ele fala para o torcedor desfrutar. Ele quis dizer que nos cinco anos celebramos muitas coisas importantes. Chegamos muito perto ano passado, tem que ser valorizado, também. – Em momento nenhum, e às vezes me criticam muito nisso, que eu me acho maior que o clube. Eu nunca me posicionei acima da instituição. O Abel também não. As instituições são feitas por homens e mulheres. As conquistas são de pessoas, fantásticas ou não, por trás da instituição. A instituição não pensa, não tem braço, não tem perna. Tem um ser humano ali. Valorizo muito os profissionais no Palmeiras , que fizeram a história do Palmeiras . Aqui nunca nos colocamos acima da instituição. Colocamos para trabalhar para a instituição ser o gigante que é hoje – completou. Na LDU, Deyverson comenta reencontro com o Palmeiras na CONMEBOL Libertadores Leila Pereira negou arrependimento pela contratação de Paulinho no Palmeiras . A presidente foi perguntada sobre o camisa 10 e a declaração que deu antes de sua chegada, em 2024, como se fosse uma crítica a Neymar, de que o clube não é departamento médico para contratar um atleta com problemas físicos. O atacante passou por uma nova cirurgia na perna no Verdão e agora sofreu duas lesões musculares em sequência. – Quando dei a declaração, não me referi ao Neymar, porque nunca houve interesse do Neymar vir ao Palmeiras e nunca houve interesse do Palmeiras contratar o Neymar. Jogador que respeito pelo passado, mas não me arrependo nem um pouco da declaração que dei. – Quando contratamos o Paulinho, um atleta jovem, sabíamos que teria que continuar tratando da cirurgia na Academia de Futebol. Não sabíamos que depois de um tempo ele precisaria de uma nova cirurgia. Acreditávamos, nossos médicos, que a cirurgia tinha sido bem sucedida. Mas sabíamos que terminaria a recuperação na Academia de Futebol. – Por ser jovem e capacitado, fizemos a contratação. Ele ajudou nos jogos que participou, houve o Mundial e depois decidimos que ele teria que fazer uma segunda cirurgia e ele está 100%. Problema é uma lesão que poderia acontecer com qualquer outro atleta. Tem arrependimento de contratar o Paulinho? Em hipótese alguma. Tenho certeza que ainda vai ajudar bastante ao Palmeiras – completou."
"Palmeiras x LDU: onde assistir ao vivo, horário e escalações",,https://ge.globo.com/futebol/times/palmeiras/noticia/2026/09/09/palmeiras-x-ldu-onde-assistir-ao-vivo-horario-e-escalacoes.ghtml,"Palmeiras terá quatro desfalques pro jogo contra a LDU O Palmeiras perdeu a liderança do Brasileiro no domingo, ao empatar com o Botafogo e ser passado pelo Flamengo, que venceu o Remo horas antes, no Mangueirão, então chega às quartas de final sob pressão pelo contexto de cobrança em cima da queda de rendimento da equipe. Antes, garantiu ao menos a classificação à semifinal da Copa do Brasil. Assim como fez contra o Santos no mata-mata do torneio nacional, o plano do Palmeiras é criar uma vantagem nesse confronto de ida para definir a volta em Quito, no dia 16, com mais tranquilidade. A LDU, por sua vez, está em quinto lugar na Liga do Equador e vem de vitória por 3 a 1 sobre o Técnico Universitário, em um resultado que quebrou a curta sequência de dois jogos sem vencer (derrota para o Guayaquil City e empate com o Mushuc Runa) e que assegurou vaga no hexagonal da Liga. Na Libertadores, classificou-se às quartas nos pênaltis depois de dois empates contra o Mirassol. Nubank Parque antes de Palmeiras x Santos — Foto: Anderson Romão/AGIF Chute no microfone é estratégia? Seleção debate ""demônios"" de Abel Ferreira no Palmeiras Andreas Pereira cumprirá mais uma partida de suspensão, então Lucas Evangelista deve ser mantido no time, com uma alteração agora no ataque, em que Jhon Arias (depois de começar no banco contra o Botafogo por questão física) deve voltar ao time titular. Abel tem a opção de manter o esquema que tem utilizado nas últimas partidas ou arriscar retomar os três zagueiros, que funcionaram na ""noite mágica"" do ano passado, só que quando tinha Allan para a ala direita à disposição. Há uma dúvida ainda sobre a situação de Vitor Roque, se conseguirá voltar ao time titular. Yerlin Quiñónez, que cumpriu suspensão no jogo de volta contra o Mirassol, está liberado novamente e pode reforçar o time. Deyverson, que se sagrou campeão pelo Palmeiras, está na LDU e tem sete gols na temporada, mas os últimos dois jogos só atuou por quatro minutos, saindo do banco. Tende a ser reserva."
Gómez desfalca o Palmeiras contra a LDU no Equador pela Libertadores,,https://ge.globo.com/futebol/times/palmeiras/noticia/2026/09/09/gomez-desfalca-o-palmeiras-contra-a-ldu-no-equador-pela-libertadores.ghtml,"Gustavo Gómez recebeu o terceiro cartão amarelo na Conmebol Libertadores, durante a partida desta quarta-feira contra a LDU , e desfalca o Palmeiras no confronto de volta das quartas de final, na quarta-feira da próxima semana, em Quito, no Equador. O lance aconteceu aos 43 minutos do primeiro tempo, por falta de contra-ataque em Estrada. Gustavo Gómez antes de Palmeiras x LDU — Foto: Marcos Ribolli Sem o capitão no Equador, o técnico Abel Ferreira tem a opção de acionar Bruno Fuchs caso queira repetir o esquema de três zagueiros, ou modificar o formato da escalação e ter apenas Murilo e Barboza. É uma perda relevante para o Palmeiras , que decidirá a classificação à semifinal da Libertadores fora de casa, algo que não vinha sendo o roteiro dos últimos anos. Em compensação, terá ao menos o retorno de Andreas Pereira no meio de campo. Ele cumpriu nesta quarta-feira a segunda partida de suspensão, imposta pela Conmebol pela expulsão ainda no jogo de ida contra o Cerro Porteño. Antes, os clubes acumulavam cartões amarelos desde a fase preliminar até a última rodada da fase de grupos da Libertadores, e as punições zeravam nas oitavas de final. Só ficava suspenso quem levasse cartão vermelho ou acumulasse cartões amarelos na última rodada dos grupos. Agora, porém, os cartões só irão zerar a partir do jogo de ida das semifinais. Ou seja, até a volta das quartas, todos os cartões recebidos desde a fase preliminar seguem sendo contados. A mudança, feita pela Conmebol, aconteceu para as competições internacionais deste ano. O outro atleta pendurado do Palmeiras até o momento é o lateral-esquerdo Arthur."
Atuações do Fluminense: Ganso rege vitória na Libertadores e é o melhor; dê suas notas,,https://ge.globo.com/futebol/times/fluminense/noticia/2026/09/08/atuacoes-do-fluminense-ganso-rege-vitoria-na-libertadores-e-e-o-melhor-de-suas-notas.ghtml,"Fluminense 2 x 0 Platense | Melhores Momentos | Conmebol Libertadores Pouco exigido no jogo. Diante de um ataque ineficiente do Platense, fez apenas uma defesa, em chute de longa distância, sem tanto perigo. Participativo na defesa e no ataque. Apareceu menos no último terço, mas fez um duelo equilibrado. Seguro como sempre. Um técnico em campo. Além de fazer boas intervenções defensivas, quando exigido, também se comunicou o tempo inteiro com o time para orientar a saída de bola. Fez jogo muito seguro e cortou uma bola na pequena área, na principal chance do Platense no jogo. Vibrou muito depois disso. Vai assumindo seu lugar na zaga titular. Foi bem defensivamente, justamente no lado que o Platense mais tentou explorar. Fez cortes e bloqueios, apesar de pouco conseguir apoiar no ataque. Ajuda na construção atuando por dentro. Importante para a saída de bola do Fluminense, responsável por tirar o time da pressão na intermediária defensiva. Parece ter cansado e foi substituído. Entrou para ser o primeiro volante e buscou desafogar a intermediária com troca de passes curtas com os companheiros. Fez bom lançamento para Cano tentar ampliar. Fez o gol que abriu o placar ao avançar em velocidade depois de bom passe de Hulk. Atuou mais solto no meio, mas teve dificuldade para encontrar passes verticais no jogo. O melhor do Fluminense no jogo. Fez a pressão e roubou a bola do Platense na jogada do gol de Nonato e deu passe perfeito para Hulk ampliar. Saiu de campo aos 15 minutos do segundo tempo. Entrou para atuar centralizado. Ficou pouco com a bola e não teve nenhuma grande participação. Recebeu chance com o desfalque de Canobbio. Foi participativo, apareceu na frente e ajudou na recomposição. Mas, em uma das poucas chances que teve, no primeiro tempo, se enrolou e não conseguiu finalizar. Foi decisivo. Autor do segundo gol, com chute cruzado no canto após belo passe de Ganso. Também deu assistência para Nonato marcar o primeiro gol. Esteve bem marcado na maior parte do confronto. Entrou no lugar de Hulk e tentou pressionar a saída de bola do Platense. Teve chance cara a cara com o goleiro e desperdiçou. Apesar de estar mais agudo que o habitual, destoou do restante do time. Apareceu bastante na linha de fundo para cruzar e teve chances para avançar no um contra um, mas errou na maioria das vezes. Entrou para atuar pelo lado esquerdo do ataque. Recebeu boa inversão de Serna, mas, no momento da devolução, errou passe e mandou direto pela linha de fundo. Não inventou e colocou em campo a base do time que vem jogando. Sem Canobbio, optou por Serna, com características parecidas. Time construiu o placar com transições ofensivas rápidas, mas sofreu um pouco com a pressão do Platense em parte do segundo tempo. Trocou posição por posição. Fluminense X Platense - Taça Conmebol Libertadores 2026 - Quartas de final Avalie os atletas para aparecer no compartilhamento Fluminense x Platense — Foto: André Durão"
"Viking, estreante na Champions, tem dois técnicos: entenda modelo que levou clube a título após 34 anos",,https://ge.globo.com/futebol/futebol-internacional/noticia/2026/09/09/viking-estreante-na-champions-tem-dois-tecnicos-entenda-modelo-que-levou-clube-a-titulo-apos-34-anos.ghtml,"O que podemos esperar da Champions League de 2026/27? 👀 O Viking vai disputar a fase de liga da Champions League pela primeira vez em sua história, e com uma particularidade na área técnica. O time é comandado por dois treinadores: Bjarte Lunde Aarsheim e Morten Jensen, que estão à frente da equipe desde 2021. O modelo pouco convencional levou o time ao título nacional em 2025, encerrando um jejum de 34 anos, e agora à principal competição de clubes da Europa. Bjarte Lunde Aarsheim e Morten Jensen comandam o Viking na Champions — Foto: Arquivo pessoal No clube norueguês não existe um treinador principal e um auxiliar. Bjarte e Morten são efetivamente os comandantes do Viking. As decisões são compartilhadas e todo o planejamento é feito em conjunto, algo que foi criado de uma amizade de década. E a ideia surgiu dos próprios técnicos, que tiveram passagens pelo time como auxiliares. A dupla assumiu o Viking depois da diretoria decidir demitir Bjarne Berntsen, figura popular no clube, que havia ocupado praticamente todos os cargos, desde diretor esportivo até CEO. A decisão de tirá-lo foi controversa na época, diante da ligação de Berntsen com o clube e do prestígio que tinha entre os torcedores. Porém, a chegada da dupla Bjarte Lunde Aarsheim e Morten Jensen transformou o Viking. Classificação do Fenerbahçe para a Champions terminou em confusão na França O início do trabalho de Lunde Aarsheim e Morten Jensen foi positivo. Em 2021, a equipe terminou em terceiro lugar no Campeonato Norueguês, algo bem visto já que haviam retornado à elite local em 2018, ainda com o antigo treinador. Porém, em 2022, o Viking teve uma queda brusca e acabou apenas na 11ª colocação, com uma sequência de resultados que colocou em dúvida a escolha pela dupla. A manutenção da dupla no comando mesmo após a queda de rendimento em 2022 se mostrou decisiva para a reconstrução. Com mais tempo de trabalho, Lunde Aarsheim e Morten Jensen conseguiram dar identidade à equipe e transformar o clube novamente em uma das principais forças do futebol norueguês. Viking vai estrear na Champions contra o Stuttgart — Foto: Viking Em entrevista ao ""The Guardian"", o CEO do Viking, Eirik Bjorno, exaltou o trabalho desenvolvido pelos dois treinadores ao longo dos anos. Ele chegou a brincar que não recomendaria, de maneira geral, um modelo com duas pessoas no comando técnico, mas afirmou que, no clube norueguês, a parceria se mostrou a combinação perfeita. Em 2024, o Viking voltou a terminar entre os três primeiros colocados do Campeonato Norueguês, confirmando a retomada. No último ano, a evolução culminou na conquista do Campeonato Norueguês pela primeira vez desde 1991. O título também colocou o Viking nas eliminatórias da Champions League 2026/27. O caminho até a fase de liga da Champions passou pelo GNK Dinamo. Depois de empatar em 2 a 2 no jogo de ida, o Viking venceu por 3 a 1 em casa e garantiu uma classificação histórica para a competição. A vitória assegurou a primeira vaga para uma competição europeia desde 2005/06, quando na época o clube disputou a fase de grupos da Copa da Uefa - atual Liga Europa. Na Champions, o time norueguês vai enfrentar Sttutgart, Bayern de Munique, Atlético de Madrid, PSV, Aston Villa, Feyenoord, Napoli e Sabah, outro estreante. O primeiro grande jogo para a dupla de treinadores e o clube norueguês acontece nesta terça-feira, contra o Sttutgart, às 13h45 (de Brasília), fora de casa. Lunde Aarsheim e Jensen terão o maior desafio desde que assumiram juntos o comando do Viking. Depois de atravessarem uma queda de rendimento, reconstruírem a equipe e encerrarem um jejum de 34 anos sem título nacional, os dois chegam à Champions para enfrentar alguns dos maiores clubes da Europa."
Bola parada pesa: veja como o Figueirense sofreu os 22 gols na Série C,,https://ge.globo.com/sc/futebol/times/figueirense/noticia/2026/09/08/bola-parada-pesa-veja-como-o-figueirense-sofreu-os-22-gols-na-serie-c.ghtml,"Os 22 gols sofridos pelo Figueirense nas 19 rodadas da Série C mostram alguns padrões dos problemas defensivos apresentados pela equipe na competição. Levantamento do ge aponta que metade deles teve origem em reinícios de jogo, enquanto os cruzamentos, principalmente rasteiros e direcionados a jogadores em infiltração, também aparecem com frequência. Figueirense 1 x 1 Guarani, pela Série C — Foto: Patrick Floriani / FFC Dos 22 gols, 11 começaram com a bola parada ou em uma reposição: cinco em cobranças de escanteio, três de falta, dois de pênalti e um de lateral. O número representa exatamente 50% de todos os gols sofridos pelo Alvinegro na competição. Os cruzamentos com bola rolando aparecem na sequência. Seis gols, 27,3% do total, tiveram esse tipo de jogada como origem. Outros três nasceram em lançamentos em profundidade, enquanto dois tiveram características diferentes: uma jogada rasteira trabalhada pelo Maringá e um chute de fora da área marcado pelo Barra. Melhores momentos - Figueirense 1 x 3 Maringá, pela Série C - Vídeo: SportyNet Os escanteios foram o tipo de cobrança que mais castigou o Figueirense. Cinco gols começaram dessa maneira, diante de Maringá, Floresta, Brusque, duas vezes, e Ferroviária. O problema nem sempre esteve na primeira disputa pelo alto. Em alguns dos lances, o Alvinegro conseguiu impedir a finalização inicial, mas não afastou o perigo na sequência. Na derrota por 3 a 1 para o Maringá, por exemplo, uma cabeçada após escanteio acertou o travessão e o adversário marcou de voleio no rebote. Situação semelhante aconteceu em dois dos três gols do Brusque, com o Figueirense permitindo finalizações após sobras de cobranças de escanteio. Brusque 3 x 1 Figueirense (12ª rodada da Série C) - Imagens: Sportynet Contra a Ferroviária, na 16ª rodada, um dos gols também aconteceu após uma segunda bola. A cobrança de falta rasteira passou pela barreira, o goleiro defendeu e, no rebote, um jogador adversário apareceu livre para completar. Ao todo, cinco gols sofridos a partir de reinícios tiveram participação direta de rebotes ou segundas bolas. Melhores Momentos - Anápolis 3 x 1 Figueirense pela 4ª rodada da Série C do Brasileiro Com a bola rolando, outro padrão aparece. Dos seis gols iniciados em cruzamentos, apenas um terminou em uma cabeçada direta: o primeiro do Brusque na derrota alvinegra por 3 a 1. Nos outros cinco, o problema foi principalmente acompanhar a movimentação dos adversários dentro da área. Contra Anápolis e Barra, cruzamentos rasteiros terminaram com jogadores infiltrando na pequena área ou no segundo poste. O Guarani marcou depois de uma bola enfiada pelo lado esquerdo e passe rasteiro para o atacante chegar batendo de primeira. Melhores momentos: Figueirense 1 x 1 Guarani, 12ª rodada da Série C - Vídeo: SportyNet O mesmo ocorreu nas rodadas finais. O gol do Caxias, na vitória do Figueirense por 2 a 1, começou em cruzamento rasteiro pela direita e terminou em uma sobra dentro da área. Já o Maranhão marcou no Orlando Scarpelli após cruzamento a meia altura e infiltração para completar com o pé. Três gols sofridos tiveram como origem lançamentos longos, com os adversários explorando espaço e duelos contra a defesa alvinegra. Melhores momentos de Figueirense 0 x 1 Itabaiana, pela Série C - Vídeo: SportyNet Na segunda rodada, contra o Maringá, o atacante recebeu lançamento ainda do campo defensivo adversário, venceu a corrida contra a marcação, driblou Fabrício e marcou. O Itabaiana também conseguiu chegar ao gol após uma ligação direta do goleiro para o ataque. Já contra o Paysandu, o lançamento encontrou o atacante em profundidade, e Igo Gabriel saiu da área para tentar cortar a jogada, mas acabou encoberto. Mais notícias do esporte catarinense no ge.globo/sc"
