id,https://ge.globo.com/sc/futebol/noticia/2026/09/09/barra-elimina-o-internacional-na-primeira-fase-da-copa-do-brasil-sub-20.ghtml,https://ge.globo.com/futebol/times/corinthians/noticia/2026/09/10/diniz-elogia-corinthians-mas-pede-atencao-com-o-estudiantes-na-volta-sabe-jogar-fora-de-casa.ghtml,https://ge.globo.com/futebol/times/cruzeiro/noticia/2026/09/09/nem-fabio-nem-rafael-veja-ultimo-goleiro-do-cruzeiro-convocado-para-selecao-antes-de-otavio.ghtml,https://ge.globo.com/futebol/times/sao-paulo/noticia/2026/09/09/nicolas-passa-por-cirurgia-e-deve-ficar-no-minimo-tres-meses-afastado-do-sao-paulo.ghtml,https://ge.globo.com/sc/futebol/noticia/2026/09/09/criciuma-bate-o-cascavel-e-garante-classificacao-na-copa-do-brasil-sub-20.ghtml,https://ge.globo.com/futebol/futebol-internacional/noticia/2026/09/10/bayern-de-munique-x-bodoglimt-na-champions-league-onde-assistir-ao-vivo-e-horario.ghtml,https://ge.globo.com/futebol/times/atletico-mg/noticia/2026/09/10/em-bate-boca-com-neymar-torcedor-do-atletico-mg-avisa-vai-ter-jogo-de-volta-veja-discussao.ghtml,https://ge.globo.com/ms/futebol/copa-do-brasil-sub-20/noticia/2026/09/09/sao-paulo-x-santo-antonio-ms-na-copa-do-brasil-sub-20-onde-assistir-ao-vivo-e-horario.ghtml,https://ge.globo.com/futebol/times/fluminense/noticia/2026/09/10/cano-tem-suspeita-de-lesao-e-vira-duvida-no-fluminense.ghtml,https://ge.globo.com/futebol/futebol-internacional/noticia/2026/09/10/haaland-se-rende-a-jovem-de-18-anos-apontado-como-novo-rodri-do-city-uma-joia.ghtml,https://ge.globo.com/futebol/futebol-internacional/futebol-espanhol/noticia/2026/09/10/capitao-do-barcelona-raphinha-revela-conexao-especial-com-lamine-yamal-sei-quando-ele-sai-da-partida.ghtml,https://ge.globo.com/futebol/times/corinthians/noticia/2026/09/10/analise-corinthians-volta-vivo-com-empate-em-jogo-que-pareceu-mais-dificil-do-que-foi.ghtml,https://ge.globo.com/sc/futebol/noticia/2026/09/10/operario-pr-supera-a-chapecoense-nos-penaltis-e-avanca-na-copa-do-brasil-sub-20.ghtml,https://ge.globo.com/futebol/futebol-internacional/futebol-espanhol/times/barcelona/noticia/2026/09/10/raphinha-tem-inicio-mais-goleador-no-barcelona-em-quase-70-anos.ghtml,https://ge.globo.com/futebol/times/flamengo/noticia/2026/09/09/escalacao-do-flamengo-jardim-avalia-desgaste-e-prepara-equipe-para-encarar-o-del-valle-na-altitude.ghtml,https://ge.globo.com/futebol/selecao-brasileira/noticia/2026/09/09/portuguesa-anuncia-a-contratacao-do-atacante-romarinho-ex-corinthians.ghtml,https://ge.globo.com/futebol/times/flamengo/noticia/2026/09/10/olho-neles-del-valle-tem-cinco-remanescentes-de-time-campeao-contra-o-flamengo-saiba-quem-sao.ghtml,https://ge.globo.com/futebol/times/atletico-mg/noticia/2026/09/10/analise-atletico-mg-desmorona-no-2o-tempo-e-se-complica-por-vaga-na-semi-da-sul-americana.ghtml,https://ge.globo.com/futebol/times/fluminense/noticia/2026/09/10/governo-multa-concessionaria-por-gestao-do-maracana-fla-flu-recorre.ghtml,https://ge.globo.com/futebol/times/palmeiras/noticia/2026/09/09/leila-defende-paulinho-e-reforca-apoio-a-abel-no-palmeiras-incontestavel.ghtml,https://ge.globo.com/futebol/times/palmeiras/noticia/2026/09/10/abel-critica-regra-do-limite-de-jogos-para-mudar-de-clube-no-brasileirao-voces-acham-justo.ghtml,https://ge.globo.com/sp/ribeirao-preto-e-regiao/futebol/noticia/2026/09/09/pai-de-jair-cunha-se-emociona-com-filho-na-selecao-brasileira-ficha-nao-cai.ghtml,https://ge.globo.com/futebol/times/corinthians/noticia/2026/09/10/estudiantes-alega-ato-obsceno-e-pede-suspensao-de-memphis-no-jogo-de-volta-contra-o-corinthians.ghtml,https://ge.globo.com/futebol/times/fluminense/noticia/2026/09/10/nonato-alcanca-estatistica-rara-no-fluminense-com-gol-na-libertadores.ghtml,https://ge.globo.com/futebol/times/botafogo/noticia/2026/09/10/medina-de-10-entenda-como-botafogo-pode-usar-o-jogador-como-opcao-a-montoro.ghtml,https://ge.globo.com/futebol/futebol-internacional/noticia/2026/09/10/imprensa-internacional-repercute-revolucao-de-ancelotti-na-selecao-nova-era.ghtml,https://ge.globo.com/futebol/times/palmeiras/noticia/2026/09/10/abel-diz-ficar-triste-sem-atletas-do-palmeiras-na-selecao-mas-valoriza-base-e-conversa-com-ancelotti.ghtml,https://ge.globo.com/futebol/times/palmeiras/noticia/2026/09/10/giay-exalta-abel-por-boa-fase-no-palmeiras-e-sonha-com-chance-na-argentina-todo-jogador-quer.ghtml,https://ge.globo.com/futebol/futebol-internacional/noticia/2026/09/10/rival-do-flamengo-na-libertadores-e-destaque-em-jornal-espanhol-revoluciona-a-america-do-sul.ghtml,https://ge.globo.com/futebol/times/flamengo/noticia/2026/09/10/samuel-lino-coroa-auge-pelo-flamengo-com-convocacao-e-esta-a-dois-gols-de-ano-mais-artilheiro.ghtml,https://ge.globo.com/futebol/times/fluminense/noticia/2026/09/10/millan-cresce-ao-lado-de-thiago-silva-e-acirra-disputa-por-vaga-na-defesa-do-fluminense.ghtml,https://ge.globo.com/futebol/futebol-internacional/futebol-espanhol/noticia/2026/09/10/gabriel-jesus-alcanca-rivaldo-em-lista-de-brasileiros-com-mais-gols-na-champions-league.ghtml,https://ge.globo.com/sc/futebol/times/avai/noticia/2026/09/10/avai-anuncia-a-contratacao-de-rildo-ex-gremio.ghtml,https://ge.globo.com/futebol/futebol-internacional/liga-dos-campeoes/noticia/2026/09/10/da-falencia-na-4a-divisao-da-italia-ao-luxo-na-champions-entenda-o-projeto-que-transformou-o-como.ghtml,https://ge.globo.com/futebol/times/corinthians/noticia/2026/09/09/atuacoes-do-corinthians-garro-da-assistencia-e-kaio-cesar-decide-na-libertadores-de-suas-notas.ghtml,https://ge.globo.com/futebol/times/sao-paulo/noticia/2026/09/10/investigado-pela-policia-julio-casares-e-expulso-do-sao-paulo.ghtml,https://ge.globo.com/futebol/times/palmeiras/noticia/2026/09/10/escalacao-palmeiras-inicia-preparacao-para-classico-contra-sao-paulo-com-desfalques-e-um-retorno.ghtml,https://ge.globo.com/futebol/times/vasco/noticia/2026/09/10/versatilidade-bola-parada-e-finalizacao-como-lescano-pode-ajudar-pedro-emanuel-no-vasco.ghtml,https://ge.globo.com/futebol/futebol-internacional/futebol-espanhol/noticia/2026/09/09/raphinha-diz-que-ja-esperava-ausencia-na-lista-de-indicados-a-bola-de-ouro-nao-me-surpreendeu-nem-um-pouco.ghtml,https://ge.globo.com/futebol/times/palmeiras/noticia/2026/09/09/gomez-desfalca-o-palmeiras-contra-a-ldu-no-equador-pela-libertadores.ghtml,https://ge.globo.com/futebol/times/corinthians/noticia/2026/09/09/estudiantes-x-corinthians-cotovelada-deixa-gabriel-paulista-com-galo-na-testa-veja-o-video.ghtml,https://ge.globo.com/futebol/times/botafogo/noticia/2026/09/10/danilo-volta-a-ser-convocado-para-a-selecao-em-meio-a-criticas-no-botafogo.ghtml,https://ge.globo.com/futebol/noticia/2026/09/10/morre-o-jornalista-claudio-carsughi.ghtml,https://ge.globo.com/futebol/times/flamengo/noticia/2026/09/09/pedro-e-samuel-lino-do-flamengo-comemoram-convocacao-para-a-selecao-brasileira.ghtml,https://ge.globo.com/mt/futebol/times/cuiaba/noticia/2026/09/10/cuiaba-volta-a-vencer-por-tres-gols-em-competicao-nacional-apos-dois-anos.ghtml,https://ge.globo.com/rs/futebol/times/gremio/noticia/2026/09/10/ex-gremio-kaick-vive-ascensao-na-mls-com-dois-gols-seguidos-e-titularidade.ghtml,https://ge.globo.com/futebol/times/palmeiras/noticia/2026/09/09/deyverson-agradece-carinho-e-sonha-com-retorno-ao-palmeiras-terminar-a-carreira-aqui.ghtml,https://ge.globo.com/sc/futebol/times/avai/noticia/2026/09/10/presidente-do-avai-fala-sobre-ultimos-dias-do-mercado-aberto-e-explica-tramites-da-saf.ghtml,https://ge.globo.com/futebol/futebol-internacional/futebol-espanhol/times/real-madrid/noticia/2026/09/10/jornal-vini-jr-recebeu-aviso-de-que-ganharia-a-bola-de-ouro-de-2024-vencida-por-rodri-entenda.ghtml,https://ge.globo.com/futebol/times/corinthians/noticia/2026/09/10/kaio-cesar-admite-incomodo-com-atrasos-no-corinthians-mas-diz-nao-pode-pensar-em-dinheiro.ghtml,https://ge.globo.com/futebol/times/vasco/noticia/2026/09/10/lescano-e-apresentado-como-reforco-do-vasco-veja-respostas.ghtml,https://ge.globo.com/futebol/times/vasco/noticia/2026/09/10/entenda-o-desgaste-entre-tottenham-e-richarlison-alvo-do-vasco.ghtml,https://ge.globo.com/futebol/times/cruzeiro/noticia/2026/09/10/pelo-cruzeiro-matheus-pereira-atinge-temporada-mais-artilheira-da-carreira-veja-numeros.ghtml,https://ge.globo.com/futebol/selecao-brasileira/noticia/2026/09/09/zagueiro-jair-cunha-celebra-primeira-convocacao-para-a-selecao-sonho-de-uma-vida.ghtml,https://ge.globo.com/futebol/times/fluminense/noticia/2026/09/10/atacante-sul-africano-do-fluminense-e-convocado-para-a-selecao-sub-20.ghtml,https://ge.globo.com/futebol/futebol-internacional/noticia/2026/09/10/federacao-da-franca-retira-apoio-a-reeleicao-de-infantino.ghtml,https://ge.globo.com/futebol/times/sao-paulo/noticia/2026/09/10/sao-paulo-atrasa-tambem-salarios-em-carteira-e-nao-da-previsao-de-pagamento-aos-jogadores.ghtml,https://ge.globo.com/sp/santos-e-regiao/futebol/times/santos/noticia/2026/09/09/santos-2x0-atletico-mg-assista-aos-melhores-momentos.ghtml,https://ge.globo.com/futebol/times/botafogo/noticia/2026/09/10/al-ahli-recusa-investidas-por-matheus-goncalves-e-frusta-botafogo.ghtml,https://ge.globo.com/futebol/futebol-internacional/noticia/2026/09/10/de-paul-e-lewandowski-batem-boca-e-trocam-empurroes-na-mls-veja-video.ghtml,https://ge.globo.com/futebol/times/corinthians/noticia/2026/09/10/diniz-elogia-mudanca-de-postura-do-corinthians-na-libertadores-e-o-que-a-torcida-merece.ghtml,https://ge.globo.com/pr/futebol/brasileirao-serie-a/noticia/2026/09/10/athletico-e-coritiba-voltam-a-ter-jogadores-convocados-a-selecao-juntos-depois-de-85-anos.ghtml,https://ge.globo.com/sc/futebol/times/figueirense/noticia/2026/09/10/anderson-conceicao-ganha-espaco-no-figueirense-e-mira-reacao-na-copa-sc.ghtml,https://ge.globo.com/futebol/futebol-internacional/noticia/2026/09/09/chuva-atinge-tribuna-de-imprensa-do-camp-nou-durante-jogo-do-barcelona-na-champions-veja.ghtml,https://ge.globo.com/futebol/times/botafogo/noticia/2026/09/10/botafogo-anuncia-contratacao-de-ziyech.ghtml,https://ge.globo.com/futebol/futebol-internacional/noticia/2026/09/10/manchester-united-x-sabah-na-champions-league-onde-assistir-ao-vivo-e-horario.ghtml,https://ge.globo.com/futebol/futebol-internacional/noticia/2026/09/10/deco-nega-que-barcelona-tenha-pedido-a-julian-alvarez-para-forcar-saida-do-atletico.ghtml,https://ge.globo.com/futebol/times/palmeiras/noticia/2026/09/10/analise-palmeiras-cria-mais-para-vencer-e-melhora-mas-vantagem-minima-no-placar-ainda-preocupa.ghtml,https://ge.globo.com/sp/vale-do-paraiba-regiao/futebol/times/bragantino/noticia/2026/09/09/bragantino-goleia-cruzeiro-por-8-a-1-pelo-brasileirao-sub-17.ghtml,https://ge.globo.com/futebol/times/fluminense/noticia/2026/09/10/auxiliar-do-fluminense-viraliza-com-gesto-para-chamar-jogadores-no-aquecimento-veja.ghtml,https://ge.globo.com/futebol/times/flamengo/noticia/2026/09/09/zico-opina-sobre-convocacao-e-elogia-pedro-do-flamengo-melhor-do-brasil.ghtml,https://ge.globo.com/rj/sul-do-rio-costa-verde/futebol/times/volta-redonda/noticia/2026/09/10/volta-redonda-chega-a-cinco-jogadores-emprestados-a-times-da-serie-b.ghtml,https://ge.globo.com/futebol/times/flamengo/noticia/2026/09/10/flamengo-busca-contra-o-independiente-del-valle-sequencia-inedita-de-vitorias-na-altitude.ghtml,https://ge.globo.com/futebol/times/vasco/noticia/2026/09/09/estafe-de-richarlison-entrara-com-pedido-de-rescisao-com-tottenham-para-assinar-com-o-vasco.ghtml,https://ge.globo.com/futebol/futebol-internacional/futebol-ingles/copa-da-liga-inglesa/noticia/2026/09/09/com-estevao-de-titular-chelsea-vence-de-virada-e-avanca-na-copa-da-liga-inglesa.ghtml,https://ge.globo.com/futebol/times/sao-paulo/noticia/2026/09/09/quem-foram-os-destaques-do-sao-paulo-no-mundial-sub-17.ghtml,https://ge.globo.com/futebol/times/sao-paulo/noticia/2026/09/10/luciano-e-diagnosticado-com-edema-na-coxa-e-deve-desfalcar-o-sao-paulo-no-choque-rei.ghtml,https://ge.globo.com/futebol/times/atletico-mg/noticia/2026/09/09/scarpa-ativa-modo-sincero-em-derrota-do-atletico-mg-para-o-santos-ficou-barato.ghtml,https://ge.globo.com/sc/futebol/times/avai/noticia/2026/09/10/avai-parabeniza-os-50-anos-de-guga-kuerten-torcedor-simbolo-do-clube.ghtml,https://ge.globo.com/futebol/times/atletico-mg/noticia/2026/09/09/dominguez-reconhece-erros-do-atletico-mg-mas-ve-vaga-na-semi-em-aberto-com-vida.ghtml,https://ge.globo.com/futebol/times/vasco/noticia/2026/09/10/tottenham-recusa-primeira-proposta-do-vasco-que-segue-negociacao-para-ter-richarlison.ghtml,https://ge.globo.com/futebol/times/flamengo/noticia/2026/09/10/independiente-del-valle-x-flamengo-onde-assistir-ao-vivo-horario-e-escalacoes.ghtml,https://ge.globo.com/pr/futebol/brasileirao-serie-a/noticia/2026/09/10/coritiba-x-athletico-athletiba-ja-tem-mais-de-30-mil-ingressos-ocupados-no-couto-pereira.ghtml,https://ge.globo.com/futebol/times/vasco/noticia/2026/09/09/alan-lescano-e-regularizado-no-bid-e-pode-estrear-pelo-vasco.ghtml,https://ge.globo.com/futebol/futebol-internacional/noticia/2026/09/10/ex-atletico-mg-alisson-estreia-na-champions-pelo-shakhtar-donetsk.ghtml,https://ge.globo.com/futebol/futebol-internacional/noticia/2026/09/09/cristiano-ronaldo-marca-em-vitoria-do-al-nassr-e-fica-a-21-gols-do-milesimo.ghtml,https://ge.globo.com/futebol/times/cruzeiro/noticia/2026/09/09/justica-condena-cruzeiro-a-indenizar-jogadora-apos-grave-lesao-entenda-o-caso.ghtml,https://ge.globo.com/rs/futebol/copa-do-brasil/noticia/2026/09/10/sorteio-dos-mandos-da-semifinal-da-copa-do-brasil-2026-veja-onde-assistir-ao-vivo.ghtml,https://ge.globo.com/futebol/times/palmeiras/noticia/2026/09/09/abel-admite-erro-em-entrevista-e-manda-recado-a-torcida-ninguem-e-maior-que-o-palmeiras.ghtml,https://ge.globo.com/futebol/times/atletico-mg/noticia/2026/09/10/atletico-mg-x-cruzeiro-alexsander-e-suspenso-por-ofensas-a-kaio-jorge-em-sala-antidoping.ghtml,https://ge.globo.com/futebol/times/atletico-mg/noticia/2026/09/10/meia-do-atletico-mg-presenteia-neymar-e-manda-recado-to-bolado-contigo.ghtml,https://ge.globo.com/futebol/futebol-internacional/noticia/2026/09/10/liverpool-lidera-ranking-de-elencos-mais-caros-do-mundo-veja-lista.ghtml,https://ge.globo.com/futebol/times/vasco/noticia/2026/09/10/admar-mantem-esperanca-na-contratacao-de-richarlison-viria-mudar-o-patamar-do-vasco.ghtml,https://ge.globo.com/futebol/copa-do-brasil/noticia/2026/09/09/final-unica-da-copa-do-brasil-2026-sera-em-brasilia.ghtml,https://ge.globo.com/futebol/times/corinthians/noticia/2026/09/09/matheuzinho-hugo-e-bidon-festejam-convocacao-nunca-imaginei-que-viveria-esse-momento.ghtml,https://ge.globo.com/futebol/futebol-feminino/noticia/2026/09/10/manchester-city-lanca-identidade-visual-exclusiva-para-o-time-feminino.ghtml,https://ge.globo.com/futebol/copa-do-brasil/noticia/2026/09/10/final-unica-da-copa-do-brasil-veja-data-e-local-do-jogo.ghtml,https://ge.globo.com/futebol/times/sao-paulo/noticia/2026/09/10/do-impeachment-a-votacao-pela-expulsao-a-crise-que-levou-casares-a-novo-julgamento-no-sao-paulo.ghtml,https://ge.globo.com/futebol/times/corinthians/noticia/2026/09/10/garro-vira-lider-de-assistencias-na-libertadores-e-ganha-elogio-de-diniz-trabalho-muito-positivo.ghtml,https://ge.globo.com/futebol/futebol-internacional/noticia/2026/09/10/ex-holanda-deixa-o-futebol-por-problemas-de-saude-nao-posso-mais-suportar-esta-vida.ghtml
https://ge.globo.com/sc/futebol/noticia/2026/09/09/barra-elimina-o-internacional-na-primeira-fase-da-copa-do-brasil-sub-20.ghtml,1.0000000000000002,0.03266634738490223,0.04235531856880819,0.04456307095476488,0.5242806016087116,0.027939101155353724,0.050330173267414485,0.11441028621968717,0.03928724771881959,0.018109169112427492,0.043546766866066774,0.034976800020445974,0.2718491121385336,0.02832623220199749,0.03234467162074676,0.02867083403543605,0.06723195495407347,0.021075946247598686,0.01570933712281482,0.01155116771127036,0.028437611185974855,0.029065532658453498,0.03189161449026321,0.0934336374810629,0.03452320517578568,0.09988930687250329,0.020325918154549483,0.05984367316883373,0.03352247780369148,0.061190748287619924,0.06385358500084036,0.07679528218590118,0.04016889214341402,0.06328187712758672,0.02597831802468087,0.023119114104874088,0.026703463106206648,0.017634877186817034,0.035040154075692616,0.07478857093839121,0.033649530249086214,0.05694169329267313,0.04574336776136545,0.030423250265463674,0.04877463185177299,0.10997299496794787,0.03181650150721073,0.04630589973289419,0.005042559870845492,0.05943138886430093,0.031724164765104715,0.018010150843342346,0.023247634437224145,0.033149372537612735,0.0734974275287735,0.01812398688415045,0.014721794075189617,0.06103705735721375,0.012200560443253863,0.014699302158375352,0.03204263954244697,0.03567125661702806,0.1274118966387971,0.01309395234681792,0.025014947937403886,0.08403672567962714,0.025996658414841632,0.043375121193336176,0.047336318080337426,0.037096385041384454,0.06062948627381541,0.05854678303390358,0.08496596639575446,0.008714877572633027,0.06059889240743784,0.07670382503191558,0.09190956055908855,0.016078655228961264,0.02446313696506769,0.02583414717834304,0.022119775429651548,0.036273732479336254,0.02645074071228418,0.014939841092441548,0.04593257181321636,0.055250704011882104,0.02310408846998301,0.17584135390795172,0.03917945653536607,0.029236917412033412,0.033401100024230995,0.03252075946297854,0.06233645638837352,0.14522441457395985,0.0697442368743474,0.03210786407652078,0.19569243589385268,0.013202965536757824,0.039349305356325116,0.03822293105271185
https://ge.globo.com/futebol/times/corinthians/noticia/2026/09/10/diniz-elogia-corinthians-mas-pede-atencao-com-o-estudiantes-na-volta-sabe-jogar-fora-de-casa.ghtml,0.03266634738490223,1.0000000000000004,0.0362265975214947,0.02985196970580166,0.027489373086115577,0.06500942267667698,0.06353407054006985,0.06721048340118767,0.0988138583730375,0.0328280085054503,0.057545847976974075,0.4298583809807399,0.07327040603667212,0.044143794447236706,0.15781297019767018,0.06047814102000744,0.1778194427146216,0.14732979130815435,0.029782557493586544,0.04300084674645208,0.05369834161326218,0.05519708339038123,0.2770752183253077,0.12771170909945473,0.08240625895424737,0.030727055499119475,0.05055392952063477,0.1287177698404544,0.12483272224619417,0.10985750317615951,0.06554986754142422,0.10277054887980995,0.01926989133950396,0.06087966557201666,0.3610274415158418,0.019978271754952995,0.0662939424212661,0.03958165317707719,0.033005714714461065,0.10694446395258855,0.4884786909963124,0.04852565001180036,0.012461965308179949,0.06388725023963454,0.06687358570039297,0.05703190029983776,0.08168546999579364,0.057488837641542855,0.02046618078476464,0.4019886489570125,0.06922696849785612,0.03306390628919285,0.054557546007227675,0.018835852271607313,0.050956757480962935,0.009536150863221246,0.010162558624503954,0.1148231609610617,0.010183122147273103,0.04476262318468863,0.4028155700456761,0.024384757088503017,0.08266848233790854,0.02854068502070546,0.01802017359721559,0.04319788980795002,0.019504244947995235,0.13502996945099768,0.0567734650485972,0.06831262005433886,0.08297589964320515,0.037939594364520504,0.16820831181152357,0.023206767184252016,0.06930568120139653,0.05070990150122766,0.04038414990376601,0.09711389296339171,0.014313733235582809,0.09844863155148603,0.023693590834342824,0.16173747402831226,0.03308945169215022,0.02548117820700917,0.061172493387607454,0.059896570762729064,0.02386170679959483,0.048529899650130985,0.09018553278883389,0.062498142361247656,0.07488733667904049,0.019594830482382246,0.047416426845820286,0.05342482644475008,0.15309687018884255,0.049966955640193635,0.06807862611301206,0.018451194734735422,0.44050100860121116,0.010362471398385722
https://ge.globo.com/futebol/times/cruzeiro/noticia/2026/09/09/nem-fabio-nem-rafael-veja-ultimo-goleiro-do-cruzeiro-convocado-para-selecao-antes-de-otavio.ghtml,0.04235531856880819,0.0362265975214947,1.0,0.033849660797255064,0.02922036471696026,0.04079836105518782,0.021326174307969438,0.05443146484023093,0.03712902638080406,0.03125197367015001,0.018939715394850377,0.036894262762585596,0.05132857614992455,0.04483002530137065,0.04522679654072403,0.02331788963333516,0.06514878791457837,0.057760801876051336,0.01655920407188416,0.036644643645321565,0.03979641473893162,0.11019163524773049,0.011715791012729048,0.0809216254098367,0.04496200534075466,0.10816988503404527,0.08797834618775348,0.08462221495144864,0.02669102310005329,0.09629878786402181,0.05739881533048165,0.05278044900242256,0.019299556574967604,0.05559142414008493,0.040834827260521366,0.007874037746805732,0.036373726466119256,0.04061216806754662,0.029358717024470352,0.03728922567949547,0.044816125869814635,0.14523973306712973,0.026556587518461856,0.20325759673849492,0.018827597081679227,0.08000527817119427,0.03867973308742167,0.00970799176849224,0.03620296924009461,0.014300514851166691,0.04427167829593533,0.04502076328928759,0.19408644879518702,0.12441700844274062,0.07727777938373022,0.02004769797631044,0.021605397324876763,0.022491900126328047,0.029675398951053054,0.03281787761526733,0.024509154716837758,0.17389767596516062,0.05449411203267752,0.0368664148369763,0.035902391042523865,0.030697889095790337,0.012485611340785609,0.05404203339397013,0.15111623462808288,0.018591222429236606,0.14503484162431854,0.03030209068748499,0.07355055312768392,0.03083766513806982,0.05662920067713264,0.05584583343682624,0.028474237249302828,0.0260918122354023,0.01730566543529033,0.03158450609433231,0.03632019211068539,0.06981877008419124,0.021149997709561164,0.05515422721993113,0.04984170654978864,0.04420802756573208,0.1937938931743886,0.05133455905344239,0.03416444005090468,0.08407662140798816,0.027606487905542633,0.03126771453550398,0.04011115609106115,0.051775918845940364,0.18136672242867052,0.026168592233768394,0.06319296362471064,0.007318356658254263,0.03844427109588382,0.043689495791170284
https://ge.globo.com/futebol/times/sao-paulo/noticia/2026/09/09/nicolas-passa-por-cirurgia-e-deve-ficar-no-minimo-tres-meses-afastado-do-sao-paulo.ghtml,0.04456307095476488,0.02985196970580166,0.033849660797255064,1.0000000000000002,0.02199576612351694,0.024512766195899253,0.02621675502466666,0.14374828644502188,0.08165336457930099,0.02159361838064681,0.03833990233098628,0.0342408861079311,0.004887982140941366,0.02846339592859787,0.026238348601672214,0.034128819746641975,0.02777407229754163,0.03702459808353406,0.027855061660412277,0.06867900238584691,0.030070316931145535,0.034484299906455844,0.023946249411862422,0.04152089963674732,0.030267736394022877,0.02114763134078959,0.025138208746513773,0.03823586824210234,0.02873600452338406,0.0459537367167074,0.04364160347665854,0.016793040165249504,0.05119466522499169,0.05524394676396533,0.042431374191112536,0.12299622607869072,0.06161622630945117,0.0484286479036915,0.03532970601278178,0.026576619383892747,0.02331536896907993,0.043497434381683596,0.05600173929193722,0.040344785847791505,0.024430454459724915,0.04616991809871204,0.023714734027592676,0.014233548599915595,0.007453891050810228,0.013212827541854225,0.028905015304804722,0.03230420767389141,0.02369276860373085,0.04345776900584254,0.02946365039872099,0.009685709990530873,0.2164620979031741,0.008457752633302063,0.021585398752992525,0.01831648124349909,0.008892687051893224,0.02624887863799189,0.051140592404274446,0.012255126777485529,0.02689565423245193,0.041961416958380515,0.00749832678359472,0.03367328009724671,0.010693525413943054,0.047845309805430794,0.028226707509099586,0.03170241257664717,0.04449322391328368,0.03931992739800448,0.015818148575807385,0.2762098141840487,0.3247201155567034,0.0055186136944643215,0.008421566644045614,0.0326169405640081,0.025628208310198367,0.03177300378387225,0.007712277962270378,0.02232103324304485,0.027906397329119318,0.019699402365186674,0.07502471644056251,0.02708743508332822,0.0412268745966373,0.009613237854753882,0.01044367103236237,0.0073057439411092304,0.04009902997156137,0.0182834387600991,0.014849279842797951,0.009683891354981794,0.034105612088271856,0.09751539403818998,0.040302896134425455,0.0376492969316247
https://ge.globo.com/sc/futebol/noticia/2026/09/09/criciuma-bate-o-cascavel-e-garante-classificacao-na-copa-do-brasil-sub-20.ghtml,0.5242806016087116,0.027489373086115577,0.02922036471696026,0.02199576612351694,1.0000000000000002,0.03671421902092437,0.029747847194710714,0.11080540640743594,0.030413238740367006,0.011855287851035266,0.03592749725534049,0.017866809228965053,0.27649849517954117,0.050232600987961264,0.024496092525921977,0.0301792829839984,0.05612122278260859,0.019626868923301184,0.015191106464855948,0.012506204350683362,0.019220107596772448,0.031638566025714174,0.012809411122838883,0.06682309209599906,0.02940658382955203,0.06047374586464374,0.009591244780388298,0.039736505548233075,0.021482406949889607,0.05303056434262597,0.04373065479826084,0.05064196509990689,0.028476865768528727,0.03906068038475467,0.0365081588777793,0.01982925648829912,0.031003226586607077,0.03357554283043179,0.04285408484966559,0.06768750522963539,0.013364114695574783,0.051514094301903866,0.0366976449338251,0.020467370921685445,0.06916488170910104,0.04325078272965017,0.021944999431885683,0.02208084756770041,0.004104198811863317,0.044369392576093895,0.040196820711503954,0.007246310209717987,0.03344671362735662,0.02688583815164711,0.04448291590137035,0.015354926464283864,0.0027342684329269133,0.04486125433125069,0.0035621144942727706,0.014600346643448845,0.016731209927999632,0.028247066384983748,0.09170439580856948,0.026130492349877583,0.023228775732483265,0.08858660683029936,0.020682712143069302,0.02513039742380045,0.0697673960098885,0.02723783447560008,0.04810968276647323,0.027525058154982966,0.07185254590969745,0.006297330899812513,0.04521923684182414,0.07397153926805233,0.04023738454304609,0.025436848875947975,0.01279858475699499,0.0194925339201985,0.010910818941173057,0.03187854720209578,0.025365760453865006,0.01487107650094309,0.04167020151847241,0.053912001194448764,0.006904153881588363,0.14245013549823654,0.02617406687821081,0.021805826146200497,0.023725182154761115,0.020881155209153474,0.048519005509534315,0.11399070283092758,0.05633886247981387,0.027578314211054236,0.1396896184837238,0.008270656324362153,0.05168632116378517,0.02770978333734883
https://ge.globo.com/futebol/futebol-internacional/noticia/2026/09/10/bayern-de-munique-x-bodoglimt-na-champions-league-onde-assistir-ao-vivo-e-horario.ghtml,0.027939101155353724,0.06500942267667698,0.04079836105518782,0.024512766195899253,0.03671421902092437,1.0000000000000004,0.03411543052860047,0.04020676054898589,0.052010589118601194,0.033709658440870614,0.11503588890817293,0.062295738864470956,0.035560306827611736,0.09180348074457455,0.02346751585289194,0.006148418373120893,0.04886482276622429,0.06616609135028112,0.020874942385710533,0.030728237209404548,0.08768778062527019,0.03730648634119663,0.0295480054346515,0.05542253578140036,0.02963272266431016,0.016662006275547123,0.056704889971486705,0.0342285977174455,0.028380459111145628,0.04902570514458232,0.036676196629948095,0.10424204580244577,0.026738198065328806,0.12428993032622805,0.06936819118207395,0.007455656062109843,0.033613804750350834,0.028743651581792797,0.10024538668013466,0.047134600952426914,0.023917014656649218,0.025247897632566338,0.011508700676354459,0.030958468609473565,0.04095639784990812,0.03436843677336724,0.0376604710018295,0.04608674622056887,0.021514689069487367,0.03180558187730594,0.07701934473229256,0.06477672263613543,0.02610552706878312,0.030769428344503382,0.01713420834207342,0.01917677564954633,0.019078278205658605,0.03589845627242343,0.019662424602526457,0.0346646914619243,0.06124191914316539,0.028077118769405534,0.05052425526696166,0.04611433348650966,0.023948104389109885,0.1696981910653057,0.05590657603769782,0.041281042311570156,0.05855118425691948,0.05701987442378691,0.019090481704736185,0.030394683789963916,0.06074460120703911,0.04582888868350529,0.05154507929370057,0.028818760072480833,0.01599164678486599,0.05045005234961042,0.014805366811616039,0.0673159165944924,0.035433703864819546,0.06086137177129665,0.02946768842909306,0.03898023048054252,0.08405514776649795,0.03455192875552037,0.008963016826054866,0.030239156390210985,0.051904878697851396,0.015232051264372007,0.028644385383337134,0.058162361892593134,0.04464879796946844,0.02742644908698983,0.020831377781298125,0.052660545921737,0.05293088602901139,0.02018875189167067,0.04147589630912487,0.020741309673471757
https://ge.globo.com/futebol/times/atletico-mg/noticia/2026/09/10/em-bate-boca-com-neymar-torcedor-do-atletico-mg-avisa-vai-ter-jogo-de-volta-veja-discussao.ghtml,0.050330173267414485,0.06353407054006985,0.021326174307969438,0.02621675502466666,0.029747847194710714,0.03411543052860047,1.0,0.029183094929008887,0.09115813160077316,0.009072551767685873,0.029694557093046227,0.05128538885451909,0.03594628598575737,0.017148862003337054,0.062162812966253235,0.02354000731940179,0.039505806431716035,0.12149932635703949,0.00885851291930401,0.1291297392016874,0.012769096294577228,0.02269098617679163,0.05454789448777709,0.04934077481374275,0.00838638339330973,0.01328870563951694,0.016607281107515907,0.06347017899751821,0.013583204879909064,0.04535222563674044,0.040311333455636034,0.024423749187004278,0.02190969443690566,0.03966171346614091,0.037838120173996445,0.007751471002044026,0.019523240817998697,0.015140933615741071,0.010887323483197285,0.05225098736586143,0.0634039037866771,0.061029147792793476,0.019563811143693596,0.02427945693315705,0.023374252348876554,0.02879788881200161,0.02709988398283355,0.011709885491714334,0.016669826005737277,0.04005410788029323,0.013308658178368887,0.03981555670635807,0.01957918643912346,0.01815113650027962,0.025384413335361285,0.019397422293120692,0.005114584086203368,0.10293116466748478,0.00562053529305857,0.02304413933086644,0.06735521085600844,0.024739236563012978,0.037114533238897136,0.018217475033338586,0.018963225059509013,0.01775639340393719,0.02827207105802384,0.05620564095867154,0.02264339998347562,0.02132570040547504,0.028618929094418627,0.025181986373608092,0.0364509619566974,0.032869237997667285,0.030267387561242302,0.026000465172544576,0.025900016206576202,0.10357712939832577,0.009447761793424835,0.09069685506013088,0.03065903512554921,0.05203888468589182,0.10016585849728485,0.006163702676275016,0.012120162525282438,0.026415293887310787,0.01791425317844335,0.052106344630999474,0.04519979145247321,0.06228981897393138,0.48482620585980424,0.020706544033366824,0.0385130518376496,0.02945389631823423,0.03022820008547618,0.03726200147932246,0.0674790807319369,0.014150767985000605,0.0407159665956245,0.0077755205606259495
https://ge.globo.com/ms/futebol/copa-do-brasil-sub-20/noticia/2026/09/09/sao-paulo-x-santo-antonio-ms-na-copa-do-brasil-sub-20-onde-assistir-ao-vivo-e-horario.ghtml,0.11441028621968717,0.06721048340118767,0.05443146484023093,0.14374828644502188,0.11080540640743594,0.04020676054898589,0.029183094929008887,1.0000000000000018,0.039481443828827505,0.012528225819050925,0.03015982180884363,0.042718720525206096,0.09319441792411146,0.03672897223456604,0.025709740745534084,0.012877869960798155,0.038440634639133706,0.050095404959935905,0.0212091849161531,0.01838663058658655,0.03553083502347991,0.049176732731458464,0.016085650175831523,0.053577892984191855,0.015496279180494623,0.0488766466026542,0.04198928546468413,0.04516683564589258,0.01641897547175942,0.04548458999741246,0.047648981085334274,0.05771378160354058,0.03239304837200994,0.04185242741752242,0.039693437049863965,0.10544459651507988,0.044270730125113344,0.04119057621729578,0.020548291818549853,0.04077865549311469,0.05502603369657923,0.06983455302499406,0.03979362235964634,0.06249386362254342,0.02241555017949949,0.04394283670241248,0.036701283946926025,0.011846739384472931,0.010446607129973518,0.029126249666320034,0.02184615155774639,0.023816227075398703,0.03824418727651936,0.05789529807593191,0.026750962031532398,0.018626601155093066,0.09619898458053358,0.044428440390286414,0.021629258508605517,0.0034514279687158905,0.05099078092158911,0.048026763786971564,0.051440960415244916,0.01937848017432,0.015341869435463229,0.04716812867986395,0.031461368985207995,0.03667315213103638,0.0533613477094877,0.037458254305838365,0.08063883896981475,0.03804064173896961,0.04786396286367095,0.014843157240941762,0.04973711204405615,0.16882804665767145,0.12056253677082608,0.0566177402598414,0.006326112268101031,0.05346642010014602,0.017105433311531124,0.023963786691299324,0.028466428402567776,0.028592717138638875,0.05423411916657808,0.01947529377035321,0.008862786504633926,0.10056680997620043,0.05153299482848027,0.03080351325001672,0.019548113240211253,0.023256266964487737,0.045092570766706655,0.10118057218147326,0.0671724514270669,0.04620215210547163,0.12251430721440894,0.06862918526120286,0.03879347629982302,0.027610815028540826
https://ge.globo.com/futebol/times/fluminense/noticia/2026/09/10/cano-tem-suspeita-de-lesao-e-vira-duvida-no-fluminense.ghtml,0.03928724771881959,0.0988138583730375,0.03712902638080406,0.08165336457930099,0.030413238740367006,0.052010589118601194,0.09115813160077316,0.039481443828827505,1.0000000000000004,0.02482797549372384,0.03644276321338149,0.09100396617317727,0.049439390620897944,0.05901837927706569,0.09482755232447106,0.0643944779228547,0.06717309785213367,0.053934797167413805,0.02697830138579584,0.07316454477378727,0.044375136575181516,0.024624816402592425,0.044015736380226496,0.1717686820306327,0.05462979048743749,0.014631309491293796,0.06016097438052655,0.0748915431156501,0.04160018902165339,0.09624960419954655,0.1755764582599484,0.06618573624060456,0.02220091240089054,0.059260775608082045,0.11647789733739898,0.012793603856238844,0.08762435985854025,0.044829867360470566,0.07881564439672938,0.10697124680988022,0.06513922789528936,0.05271884275545893,0.013501998580582398,0.049718794941019814,0.032858528720797926,0.04251630035282579,0.06973246879799719,0.03439774510149787,0.01273723109464587,0.08951223364998323,0.032124147125927385,0.045255802827851556,0.04095207940321,0.03031344825655547,0.133188250453231,0.016251063845751534,0.04612296756772195,0.04847480419527161,0.014311400143170196,0.019089674201574123,0.08712205540319187,0.03783857952235118,0.07413923290857678,0.03685587903694452,0.03694174075350403,0.06413118349275203,0.029514655377919405,0.07874549982022454,0.04676051514526756,0.16324058518307513,0.04541817604025791,0.0377435206361206,0.08245980556494964,0.040471877532098625,0.038467070662266234,0.0369915002270478,0.07663126244779056,0.02176904923609,0.0195516452977709,0.051963503740420185,0.04079854256876267,0.09995150920741318,0.052059051289891245,0.022147348981516116,0.037150786111514914,0.042221003456800923,0.03987853869510402,0.027321731390384713,0.07059086353665961,0.021868916439030363,0.06955319619595489,0.01820485657934713,0.05595061812868509,0.03809564530324404,0.033508701255806114,0.008742646769416017,0.06263402920217953,0.012651044843946717,0.10923600318857159,0.025205374813035624
https://ge.globo.com/futebol/futebol-internacional/noticia/2026/09/10/haaland-se-rende-a-jovem-de-18-anos-apontado-como-novo-rodri-do-city-uma-joia.ghtml,0.018109169112427492,0.0328280085054503,0.03125197367015001,0.02159361838064681,0.011855287851035266,0.033709658440870614,0.009072551767685873,0.012528225819050925,0.02482797549372384,1.0000000000000002,0.0534811243493492,0.028773565537964924,0.009445090243449288,0.07667893409123133,0.014231571668779102,0.027629092824318788,0.026992638413133357,0.017979306796289302,0.0203178627972636,0.039131786077838654,0.03540588999789841,0.027981022393513556,0.007024945748284633,0.02511570512408604,0.029996946669781338,0.029324506020250742,0.04900685203927696,0.05151529200771246,0.038365586865521724,0.023908866710860063,0.03410829493879458,0.0929693650568002,0.025206807731493145,0.08366873492016294,0.034015287254342455,0.023681719295474128,0.027148111029258917,0.0328488226848149,0.04841213849740084,0.020557555164483533,0.03136089346536658,0.037205583290581386,0.01554401881532865,0.021223282143862904,0.023602944797484187,0.05661483754731834,0.032106490216082285,0.046472010328480716,0.054958482182878965,0.011853598570767164,0.052809189966642904,0.15613622618737474,0.040768312106490276,0.04104470104064267,0.02828379837323587,0.03061521134509202,0.028334064039699017,0.008464546343746486,0.08347086913109009,0.01691917549141934,0.024671990533030298,0.028038053237271925,0.05244571108171552,0.05273723249628119,0.05453843911082337,0.11337010393461472,0.07767361686646271,0.028058416607165945,0.017906280513784935,0.020096087504092086,0.025564068084901366,0.01809229245305583,0.03605713641538838,0.041911687470315984,0.021262723323817574,0.031136047697606074,0.016467302358104126,0.005292343400830156,0.006742599800034128,0.022011745734085243,0.05541181218712423,0.018954258444283386,0.03131958019050358,0.0663179439489033,0.049941383847021896,0.01615033111593915,0.011688216194723539,0.0594467520764229,0.03898895678063816,0.02629342914707699,0.006744335665510956,0.13396783245471414,0.039769754079680475,0.01741050293988485,0.0307566731416433,0.20857370215006985,0.009283448927800428,0.04902762127546086,0.021881978430257316,0.023416691653741172
https://ge.globo.com/futebol/futebol-internacional/futebol-espanhol/noticia/2026/09/10/capitao-do-barcelona-raphinha-revela-conexao-especial-com-lamine-yamal-sei-quando-ele-sai-da-partida.ghtml,0.043546766866066774,0.057545847976974075,0.018939715394850377,0.03833990233098628,0.03592749725534049,0.11503588890817293,0.029694557093046227,0.03015982180884363,0.03644276321338149,0.0534811243493492,1.0,0.04946583467253533,0.03033229686070436,0.5008247313036468,0.012051888348734307,0.008173092471637654,0.046825752361523885,0.04363924371425801,0.009630354533583064,0.05187396744783178,0.06134676359525927,0.025372257554741866,0.0227201593454658,0.08322235855658185,0.03548499990272075,0.03995696552833049,0.05443798924583668,0.06795151329248139,0.029852898357569525,0.08329603469677731,0.040090912039159085,0.25430565236314434,0.01235605675904447,0.09202204634457148,0.053300916219528545,0.010474406428064333,0.03558657556177806,0.03385434232305656,0.4160191644573561,0.04454583143584669,0.02282931404740003,0.023679139564960056,0.0033504217141905384,0.025586627980459353,0.07264122036639464,0.04780831253949702,0.05668015112118848,0.039282161343566734,0.034980546321046066,0.02699526785755833,0.08696103821998298,0.03411097759871477,0.0534905509198935,0.02388216583162189,0.0334155663960448,0.014869439925394677,0.01362541412729653,0.045213549994896726,0.013315254658824691,0.03131964484988694,0.037468550630339215,0.02573537587146671,0.06940073252787902,0.2590567864411515,0.01739293107213749,0.08339694442441088,0.1528375798867053,0.05653741414074079,0.05065658226491039,0.03551759570958609,0.027317396647375765,0.01886168683163802,0.08338851609905838,0.022798211253397295,0.07460222153002981,0.0483929377176328,0.025889833739407443,0.032371825989439676,0.008745433968675435,0.06377252622370991,0.02374670800377001,0.03857821229184802,0.015330559339168333,0.03241174262659826,0.08172775591302349,0.0720950682826303,0.008509208942736358,0.01713715025751314,0.06018640476379448,0.022197060282286928,0.02284897356602841,0.0108663849652035,0.029825495806453776,0.010102783726358268,0.04463590924769724,0.038394175683348894,0.03643871825379894,0.013443787211600895,0.06217169098041366,0.045417134853821206
https://ge.globo.com/futebol/times/corinthians/noticia/2026/09/10/analise-corinthians-volta-vivo-com-empate-em-jogo-que-pareceu-mais-dificil-do-que-foi.ghtml,0.034976800020445974,0.4298583809807399,0.036894262762585596,0.0342408861079311,0.017866809228965053,0.062295738864470956,0.05128538885451909,0.042718720525206096,0.09100396617317727,0.028773565537964924,0.04946583467253533,0.9999999999999997,0.0303566089377761,0.03892486372691162,0.04851984628460348,0.07519904536481337,0.10438520477806675,0.1758228431900324,0.00982227483768434,0.03971323323678322,0.03505706321310606,0.023299218162917353,0.27337912190573843,0.09844555048374819,0.05602199639883101,0.01002847907055639,0.02679210975243743,0.07742511511770242,0.031229224974361418,0.06411722171476261,0.04594401167498411,0.0700950696100799,0.01532312815394193,0.04660315541766804,0.3935675355345263,0.022030383104543406,0.04704359007711156,0.030170950023643544,0.037034372555267585,0.10759470797882784,0.37087220385290903,0.04472314856060623,0.014108089938449081,0.006889175337968876,0.04617646750175649,0.04032698429905582,0.06804860539124835,0.035261046180108314,0.029528712519723145,0.35315993809078094,0.0435818565012479,0.042598765785655544,0.03625613062629788,0.022587606474957552,0.03517873088511899,0.01133774555564747,0.021789161372444264,0.04176564586983884,0.008744268629332648,0.05189959335163546,0.3676621450129761,0.02107331752491033,0.04904832773498338,0.033793703257375664,0.01242347734991947,0.04214772570814272,0.035015655872006196,0.12914013382612005,0.0613050296079446,0.06108539467143168,0.01967374833500435,0.04444720184454811,0.07041539974367142,0.026522469317756786,0.09184244454397848,0.057734327851859245,0.042076765990274,0.08974620818229491,0.018066906964881113,0.09335924766459108,0.014729355210582978,0.07566298875468247,0.03467541044933205,0.007240980971101919,0.04437727071401186,0.05570381767231993,0.03220923709366511,0.03305487523191227,0.0786078308223914,0.05367078849374111,0.06377447085777217,0.01225129009091761,0.04068276115846402,0.04264120804716159,0.2030932002571103,0.028216871488475796,0.055379003584176696,0.02219389489866765,0.3639762318507385,0.01151971070537554
https://ge.globo.com/sc/futebol/noticia/2026/09/10/operario-pr-supera-a-chapecoense-nos-penaltis-e-avanca-na-copa-do-brasil-sub-20.ghtml,0.2718491121385336,0.07327040603667212,0.05132857614992455,0.004887982140941366,0.27649849517954117,0.035560306827611736,0.03594628598575737,0.09319441792411146,0.049439390620897944,0.009445090243449288,0.03033229686070436,0.0303566089377761,1.0000000000000002,0.03773643940229966,0.036439429602607404,0.00658938647241328,0.04422474009630629,0.016119050370757608,0.023490480633420543,0.019361978121299903,0.021022130404552142,0.028032758537420335,0.017906897718353524,0.07585596138597905,0.02294403240532629,0.051893311184120224,0.02049904851096437,0.0411829632129524,0.021658215727660957,0.04490920706216569,0.018090307184180855,0.04294349573133249,0.062929854776589,0.03919030115646701,0.04586390881823055,0.011996128916546138,0.030668366657558142,0.016552242113564954,0.04350911852353858,0.05243102377728277,0.01536563521465729,0.047179306617017254,0.0357190457453454,0.044748158677825854,0.05923356603459219,0.09275349018747604,0.02375082178109937,0.02081376499491336,0.0030969355955396674,0.03575997977695704,0.017588866140475338,0.013385188573601482,0.03105039171008881,0.04415749384465374,0.030834698074154725,0.020489238188816216,0.020161950333681507,0.0673507927346285,0.024187748148761092,0.021476719973444695,0.061746417085325495,0.04484758699837232,0.07959139524009058,0.018078294236364784,0.023218694595510965,0.04137746348719428,0.021941099413958134,0.049164710830325094,0.048169845795906066,0.018895855213489264,0.07316591877806566,0.021044367747593593,0.0640096166573854,0.00853226374308729,0.05734977348141812,0.04394850668756129,0.015626900032567524,0.04317698376969359,0.031190124842599126,0.02761199538504392,0.013828247631774017,0.040000445651892674,0.050553381911505275,0.029364403987565166,0.03703411299722462,0.029661348994192753,0.008369943374335734,0.2508643880831797,0.03407895948755649,0.035391441127579415,0.03185724702959785,0.013092853147042578,0.08515042884912509,0.22971139953776015,0.047686648598019035,0.02791372292277026,0.2937247417301851,0.009585640246063384,0.04784457677492178,0.040415618710493297
https://ge.globo.com/futebol/futebol-internacional/futebol-espanhol/times/barcelona/noticia/2026/09/10/raphinha-tem-inicio-mais-goleador-no-barcelona-em-quase-70-anos.ghtml,0.02832623220199749,0.044143794447236706,0.04483002530137065,0.02846339592859787,0.050232600987961264,0.09180348074457455,0.017148862003337054,0.03672897223456604,0.05901837927706569,0.07667893409123133,0.5008247313036468,0.03892486372691162,0.03773643940229966,1.0,0.008450299378677788,0.023784609306443456,0.0495683073562799,0.023702425216658586,0.01552524443640795,0.03909906363802513,0.056301174312171146,0.029281376425392032,0.00854640818158539,0.05538264557159621,0.07069046486060682,0.04462543955348451,0.03302981914417086,0.05500193210697484,0.02866659931729606,0.124957595916879,0.0358974340695604,0.28602090197411933,0.028882302529436805,0.12189159646031177,0.03600491450907266,0.01501201662916828,0.023410140179554298,0.041516872964157014,0.4908822229828753,0.0345553647620319,0.02128781758898034,0.023926467153179056,0.03530884681930286,0.02773999727582584,0.10545353334234595,0.09108325237866229,0.0954962253230266,0.02365260005045699,0.018685898019643987,0.017505595658106655,0.06269857235875875,0.055202980016567364,0.11985859847345977,0.04446859874959987,0.024533711158200674,0.0151880408805318,0.01417762610602261,0.0642232886418133,0.02837715875067963,0.07828147716053666,0.03373744478852777,0.04190515421292026,0.05383032685137011,0.24365414381175093,0.045001271521501726,0.11189512430057488,0.18926784286953907,0.05102516764854201,0.0297559571062858,0.026678859936733253,0.030752070471602513,0.03831193377101222,0.07901795459911053,0.046398657607978254,0.0703609162011283,0.06852819430508253,0.010619430263557517,0.05792790537558305,0.016732774329090063,0.057375507471027855,0.037740458014529736,0.046251629831806106,0.02154069724583125,0.0560367623549246,0.12721075730706632,0.12759565607089987,0.009714622287808046,0.017573939238601052,0.05641359889135246,0.02834064889514988,0.0420027189116409,0.06908372209959011,0.0375812844662131,0.006465239978506485,0.01516341067048407,0.04182777926282458,0.04424721106949657,0.01575344708684715,0.08897838371884478,0.04503062923103233
https://ge.globo.com/futebol/times/flamengo/noticia/2026/09/09/escalacao-do-flamengo-jardim-avalia-desgaste-e-prepara-equipe-para-encarar-o-del-valle-na-altitude.ghtml,0.03234467162074676,0.15781297019767018,0.04522679654072403,0.026238348601672214,0.024496092525921977,0.02346751585289194,0.062162812966253235,0.025709740745534084,0.09482755232447106,0.014231571668779102,0.012051888348734307,0.04851984628460348,0.036439429602607404,0.008450299378677788,0.9999999999999996,0.04152682525527572,0.25448241229324775,0.03908434409816894,0.01532415913116877,0.043119676378659356,0.020490054607293195,0.01801151737557928,0.048985014827048805,0.06566657464080215,0.021589658697075884,0.030730604528624708,0.02073253984260683,0.04002434079229284,0.3016440327009327,0.1988437639388115,0.03866822354788322,0.0244883291123655,0.02056296077492582,0.0316160542195818,0.06598810923997604,0.01264598705962754,0.048217772246792336,0.023209176517179637,0.015397579395556669,0.08569585570539809,0.140143546204915,0.02129962545131651,0.02710583235035975,0.09792994957203202,0.010649878760802506,0.02539257574333825,0.02851986801916244,0.031346214567077896,0.014800755836521988,0.05328936555494329,0.027274966581023095,0.05644007090137561,0.010484247030417965,0.02625915776214597,0.014081414878305349,0.011026689985664362,0.010547799415775312,0.05337142282701253,0.02133188990869371,0.010247123512288209,0.06418233733452855,0.039015792944830055,0.02951681462242348,0.024752198951158905,0.01883733834268871,0.05293386035706534,0.008066702826051852,0.060966460103752854,0.023985951995769892,0.04167688846180081,0.05892566513304715,0.0171685043044198,0.30847698212417146,0.018937072045189053,0.024226936460550016,0.03047010102887622,0.03580525986627632,0.04103736010134169,0.005466286668244015,0.0374616638258671,0.03513392787988835,0.5564887922421059,0.029775539565718965,0.04115946854635055,0.026569682053641748,0.01767866355911646,0.03354940976889551,0.07764949804412194,0.042838083830494,0.015089912583556292,0.06764039068847166,0.009311092551472708,0.031965253646213505,0.06443108000904497,0.0389593188208411,0.013080784883356587,0.0729264914002648,0.015467389100005483,0.058651202283380735,0.010021607580323015
https://ge.globo.com/futebol/selecao-brasileira/noticia/2026/09/09/portuguesa-anuncia-a-contratacao-do-atacante-romarinho-ex-corinthians.ghtml,0.02867083403543605,0.06047814102000744,0.02331788963333516,0.034128819746641975,0.0301792829839984,0.006148418373120893,0.02354000731940179,0.012877869960798155,0.0643944779228547,0.027629092824318788,0.008173092471637654,0.07519904536481337,0.00658938647241328,0.023784609306443456,0.04152682525527572,0.9999999999999998,0.06014835666512408,0.0147180405344313,0.026081259250103364,0.030203246896380077,0.04091950239030577,0.02179306358040182,0.06780357737798556,0.06160319177724777,0.019664240625862705,0.01043960358602705,0.02162045511012092,0.034626022738535364,0.05031101286922812,0.07169992767611269,0.026920529112670663,0.03041521022132607,0.06920905821562316,0.038957477444903084,0.07482156804732559,0.014298208055672548,0.03766080849570291,0.05265649513999635,0.01451228760785387,0.038743591341757824,0.05976861261971207,0.028936564435095256,0.00903848148810743,0.017522238095560767,0.037149702520309025,0.016506627797183548,0.0390051852610613,0.02633955352170397,0.007592506261467172,0.07951822378989092,0.05042879127484179,0.042940605114462134,0.012334917219665379,0.014950065483019758,0.022720566903028244,0.009576505757927744,0.03630638515288286,0.021507677837253977,0.013790621148292579,0.010793116476749395,0.07843684989792654,0.015567583799092644,0.03802672198074149,0.0128934247803423,0.03989814331483668,0.02721000060245216,0.03299806879366332,0.029554255616208006,0.015954305883623638,0.022423702772085746,0.020557501879925198,0.04958036501668125,0.0251256924615893,0.03065865860973188,0.016853473638472827,0.057666124439971406,0.05525970253931624,0.009189367742615,0.013501067885449261,0.025797530754677757,0.036793336390172564,0.06238624619505175,0.02237087628735448,0.05790476904924222,0.023169706178595102,0.0359879345483308,0.032911969902153324,0.02108816712826573,0.038338621087896985,0.015260415724914368,0.025265392763597662,0.03696590141405329,0.03224966027054284,0.01910292803444796,0.054636320755009155,0.007433640542374824,0.026844816998917907,0.01568399846994989,0.07772679186557803,0.03876908206645964
https://ge.globo.com/futebol/times/flamengo/noticia/2026/09/10/olho-neles-del-valle-tem-cinco-remanescentes-de-time-campeao-contra-o-flamengo-saiba-quem-sao.ghtml,0.06723195495407347,0.1778194427146216,0.06514878791457837,0.02777407229754163,0.05612122278260859,0.04886482276622429,0.039505806431716035,0.038440634639133706,0.06717309785213367,0.026992638413133357,0.046825752361523885,0.10438520477806675,0.04422474009630629,0.0495683073562799,0.25448241229324775,0.06014835666512408,1.0,0.0500643565355385,0.019950410043130327,0.03876480249276967,0.06365535928618339,0.02389521214283433,0.07215919312013426,0.08170576642640198,0.044278503772382405,0.02808116453222364,0.03541662880845074,0.07100530167923316,0.2975056657331859,0.11879442668872965,0.07000276108997082,0.047377624691390195,0.021386889458029044,0.07666752688319574,0.10461899149973279,0.027594929104284117,0.053070605175055845,0.04081771425067054,0.03894439550635049,0.10129468126011351,0.15229295990905323,0.04677646541317889,0.012451220999154803,0.07088413663090952,0.030378332140404935,0.04815039190041334,0.06595537627607641,0.03764078130329888,0.017882559599360838,0.1086681213803316,0.06849772832790328,0.05659172658231535,0.050865347750750946,0.022431403853252357,0.06701434526663047,0.007641040690280623,0.02795483541505616,0.0574790892040743,0.018087929123891944,0.007735792260832993,0.10983117447276901,0.014524187610198486,0.040600920114649164,0.01458685916675671,0.030369409382252844,0.05093416570858752,0.02382411038931245,0.07808829314707538,0.04965623988731521,0.06055279570723643,0.042246229914584287,0.03865148847792855,0.2807519839705072,0.03441000470431177,0.031523032850314416,0.057670078021671095,0.021843211807642128,0.06994905506413124,0.0199406887521707,0.04471242082415122,0.03723435763433831,0.2382297960264843,0.012889546972528804,0.0464154948495809,0.04450576208263359,0.05233820916176823,0.04830276049348429,0.05039514475583639,0.057265205488837234,0.021833536797061674,0.05620102121101526,0.029133694990951926,0.04592452690121178,0.04052460104086812,0.048734557790018486,0.02230465438372136,0.05147164572979187,0.027306953364810455,0.10890148524701605,0.026437886648248112
https://ge.globo.com/futebol/times/atletico-mg/noticia/2026/09/10/analise-atletico-mg-desmorona-no-2o-tempo-e-se-complica-por-vaga-na-semi-da-sul-americana.ghtml,0.021075946247598686,0.14732979130815435,0.057760801876051336,0.03702459808353406,0.019626868923301184,0.06616609135028112,0.12149932635703949,0.050095404959935905,0.053934797167413805,0.017979306796289302,0.04363924371425801,0.1758228431900324,0.016119050370757608,0.023702425216658586,0.03908434409816894,0.0147180405344313,0.0500643565355385,1.0000000000000004,0.025026626836708858,0.04370429605411999,0.029038183266316773,0.04642727081058026,0.049772331608211276,0.1011355952682671,0.045772816390408616,0.02749125249011033,0.053808079839615296,0.07054638204563027,0.02999600186962377,0.05981978567933656,0.05363475980065065,0.0809304088442845,0.011679330688078228,0.059725822216765596,0.21553698605744312,0.014508974226577528,0.03895702203325131,0.041247557776668484,0.031883718084258744,0.047873939957714405,0.0841216084414191,0.04851464338688422,0.01798376996509505,0.03117806407116317,0.04943122435729999,0.03631749050601579,0.038493607593168264,0.036655289229093495,0.033211313293659034,0.06513394082645309,0.07165825557876743,0.03627423693458775,0.03156402081451461,0.03203603984071271,0.03452654046751749,0.00691105309183106,0.021658401012914504,0.1752574125121386,0.0117377365569263,0.056232080454303925,0.07335767515939186,0.020152745239554144,0.05845712373465003,0.028635762957982033,0.01250216558413889,0.05785866867445294,0.06807774269943423,0.12690066330555813,0.03762029421325652,0.06974559347437295,0.03319722639256143,0.024544864807325328,0.045254808514624593,0.03214540572894514,0.10447729134517197,0.03399183261651409,0.029061879839433747,0.18502091794037334,0.018078758659434688,0.32354517717939896,0.01705743375734466,0.07848243666420016,0.027045621816307527,0.019417818889257928,0.03564943873086618,0.06937709393138514,0.03238429455751488,0.025933980012146363,0.044046932284865614,0.11205424292039738,0.13617444165295703,0.03848854360710117,0.04610768033992527,0.01988656981589587,0.041730484156339065,0.043600726413542026,0.04054705494443564,0.014948409920989296,0.06878695989835293,0.01106040743496399
https://ge.globo.com/futebol/times/fluminense/noticia/2026/09/10/governo-multa-concessionaria-por-gestao-do-maracana-fla-flu-recorre.ghtml,0.01570933712281482,0.029782557493586544,0.01655920407188416,0.027855061660412277,0.015191106464855948,0.020874942385710533,0.00885851291930401,0.0212091849161531,0.02697830138579584,0.0203178627972636,0.009630354533583064,0.00982227483768434,0.023490480633420543,0.01552524443640795,0.01532415913116877,0.026081259250103364,0.019950410043130327,0.025026626836708858,1.0,0.023334084518403287,0.019712861698468715,0.027056934496961026,0.03308416987924279,0.018343198438462462,0.01337861262664456,0.019703168368346093,0.03124629887849817,0.01850957077077462,0.031926571657798795,0.035353672870408324,0.02285608471101404,0.02235280428997424,0.022953317548505766,0.03836890881201598,0.027593809292027864,0.07566619226191895,0.017007232198754853,0.030256200411357678,0.013147248390493577,0.022044172648929796,0.032760956105376556,0.01590870954440651,0.01272062919617126,0.04919434260698144,0.011748376247200994,0.033168797214277936,0.030129466028908775,0.044093263730353355,0.011004641493718064,0.043609806906141364,0.028787083748132568,0.028512563413776962,0.01266939368306611,0.03260371709314678,0.04189360726540311,0.02848620532433389,0.04386220028951446,0.013902310005770413,0.019927199707622516,0.011262290930585797,0.02875365143453014,0.026955987770756203,0.03535825772079535,0.03829877196841123,0.02870906708670824,0.01480654877817433,0.013898046683100166,0.01558022081356247,0.007374326189839151,0.02034830330025309,0.03621581389279701,0.0029098781372685224,0.04469833622605827,0.026939797821855946,0.009739548430722495,0.03036686015829013,0.018983372202897492,0.03444970402861445,0.0106180232491695,0.019346370416334822,0.026361681403203677,0.027641630404783495,0.03244771022834055,0.029946608459437793,0.015703055446376075,0.012668776470055508,0.04193285526522921,0.07283137372829479,0.021617983291854048,0.03582288437775615,0.010650401484959073,0.03130929814342456,0.03881748872341704,0.0676668703030554,0.032652156695427925,0.01829844227263633,0.025052783880182984,0.07432908426093295,0.015772527637599208,0.03884234293042402
https://ge.globo.com/futebol/times/palmeiras/noticia/2026/09/09/leila-defende-paulinho-e-reforca-apoio-a-abel-no-palmeiras-incontestavel.ghtml,0.01155116771127036,0.04300084674645208,0.036644643645321565,0.06867900238584691,0.012506204350683362,0.030728237209404548,0.1291297392016874,0.01838663058658655,0.07316454477378727,0.039131786077838654,0.05187396744783178,0.03971323323678322,0.019361978121299903,0.03909906363802513,0.043119676378659356,0.030203246896380077,0.03876480249276967,0.04370429605411999,0.023334084518403287,1.0000000000000004,0.21819426212595672,0.041380223889089365,0.02997826585819444,0.05267222135629636,0.050622901258525185,0.038565202944165544,0.27916534551985456,0.24176483785762076,0.03997679089143969,0.05636929196267644,0.04096814536627148,0.028220277000359294,0.03596005276192129,0.07177265367852,0.03968265715477896,0.029232269819416592,0.22036498116834405,0.03212259488544353,0.020752631140998564,0.1369917024212303,0.01901179557555217,0.04427798087882066,0.02113698394552673,0.04205783258360282,0.02167314883184312,0.045769225602725304,0.2146445805180185,0.06099452161433424,0.016670280140924303,0.04278986624105467,0.07095370677225846,0.06284775824635815,0.057365958706329934,0.03655123262456253,0.021715394011313782,0.03411883693019701,0.05055151660779387,0.023772385353400143,0.03235622802521417,0.009684290178852382,0.049893675250762964,0.031199618616750323,0.06679664737520807,0.012599332342031005,0.05037981888505487,0.020749866037642305,0.042789597329249474,0.19194233743623315,0.046631865048689096,0.03943201209615398,0.04826938807162748,0.009297703228677857,0.09603017261189527,0.03023270307645014,0.013548990224170306,0.04781231197583617,0.05776707642540559,0.01172903241535781,0.03569089950303412,0.04994494960344077,0.04217243613705872,0.06831446160838255,0.039165026378512144,0.04136012621114983,0.07088178880906462,0.02859913176662411,0.06377501808107489,0.03594319374652456,0.33493947171818644,0.026368393196148667,0.1114662147782049,0.02305378756152707,0.07130825917381632,0.04335592657268154,0.05694029728365324,0.02841934052712341,0.04915824361533712,0.036021116997456484,0.03838746474633329,0.038897438186663934
https://ge.globo.com/futebol/times/palmeiras/noticia/2026/09/10/abel-critica-regra-do-limite-de-jogos-para-mudar-de-clube-no-brasileirao-voces-acham-justo.ghtml,0.028437611185974855,0.05369834161326218,0.03979641473893162,0.030070316931145535,0.019220107596772448,0.08768778062527019,0.012769096294577228,0.03553083502347991,0.044375136575181516,0.03540588999789841,0.06134676359525927,0.03505706321310606,0.021022130404552142,0.056301174312171146,0.020490054607293195,0.04091950239030577,0.06365535928618339,0.029038183266316773,0.019712861698468715,0.21819426212595672,0.9999999999999957,0.06903551633586823,0.012102717592668162,0.05562244759959194,0.03840604514053691,0.06466795893401031,0.3372638052835729,0.20040068440922576,0.05530324050416186,0.09454444766282824,0.03349723295157373,0.05510602158112403,0.028118684241735283,0.11323248299442813,0.031432165163077765,0.014451566497923679,0.18312806477452742,0.03329259350153812,0.06598847326576442,0.09683503752913267,0.020337557480413535,0.05891511660859258,0.008353573841911653,0.07292660069295959,0.03346340408028172,0.041476188904567036,0.1925214620003471,0.10298277913895912,0.021760351624258115,0.062354836239892186,0.10184676221796145,0.07091648783624617,0.026736889364029407,0.04089326155166973,0.0291484099357091,0.025328006275069533,0.0478547757056252,0.014846620336782867,0.023629170829249972,0.014201947107126677,0.08614373011323838,0.049474521771026195,0.08165312357710451,0.018219497195349443,0.022723860091990275,0.07137754275297625,0.06271155934807342,0.15609160290063454,0.048197238296826754,0.038670047484925134,0.07636994019682769,0.03388040189195608,0.05694736314845185,0.02250232553114369,0.029202922571196433,0.048052860110206874,0.046533613968090914,0.011898153154113906,0.029728716957404196,0.05754362285948102,0.04749874370970471,0.05464121373113381,0.02770888167062128,0.02207927725958945,0.08336691421083328,0.028746972819681922,0.026160733995717174,0.045859295983380226,0.2866554144710557,0.018779228393398167,0.019428611386041933,0.06717986112473975,0.06384184225910546,0.03640718923746473,0.03298902429344539,0.047774346001860604,0.062087487376776634,0.020814443155352177,0.041291337116130096,0.029566020828869038
https://ge.globo.com/sp/ribeirao-preto-e-regiao/futebol/noticia/2026/09/09/pai-de-jair-cunha-se-emociona-com-filho-na-selecao-brasileira-ficha-nao-cai.ghtml,0.029065532658453498,0.05519708339038123,0.11019163524773049,0.034484299906455844,0.031638566025714174,0.03730648634119663,0.02269098617679163,0.049176732731458464,0.024624816402592425,0.027981022393513556,0.025372257554741866,0.023299218162917353,0.028032758537420335,0.029281376425392032,0.01801151737557928,0.02179306358040182,0.02389521214283433,0.04642727081058026,0.027056934496961026,0.041380223889089365,0.06903551633586823,1.000000000000001,0.011300335172678984,0.08036331476744263,0.03957094189923152,0.157023540179488,0.11201962611103264,0.10177844463878843,0.04242220267986393,0.07586585166611465,0.0643989541292726,0.025064475249831953,0.02268273567311742,0.07541618661787193,0.034928362028443814,0.017109078436549553,0.02779879191582238,0.026360994880278203,0.027847900727193464,0.02534600146703875,0.046395325353358774,0.11958327800002543,0.05132807755703578,0.15470744503017944,0.017366054186861785,0.029666281180514766,0.03799797565315248,0.05930413670083645,0.024526997783615674,0.06536999498532615,0.05768810959607036,0.04630948488334607,0.015725467988878132,0.6277176375379929,0.030837297684847505,0.02311999267254509,0.035377310412969654,0.031419675804973346,0.0626354351152617,0.005631758104001371,0.03577696927415221,0.12544353388993806,0.09002480203021257,0.010367458701180958,0.06691051466180484,0.05666151455419853,0.038212275597403436,0.03805025311271794,0.04944196102668993,0.03536102259014344,0.14680162293597449,0.013484370558616208,0.051075173596072866,0.0286117894488445,0.03686844636517837,0.054232506744222315,0.03367243523691026,0.013459805379654225,0.028841566191316337,0.04191755331938295,0.02864211629190706,0.02987562238871396,0.019993442780521984,0.041540314619449896,0.08268242506738496,0.03311875155238036,0.023328903287597,0.03942283243233554,0.0479050034791035,0.03291666033824678,0.033412509821526194,0.04293229779683365,0.050009451678855954,0.0364635789300984,0.15032792887313565,0.045641182209835617,0.03035260530743874,0.016799605249046525,0.034661175878751234,0.05041405863616723
https://ge.globo.com/futebol/times/corinthians/noticia/2026/09/10/estudiantes-alega-ato-obsceno-e-pede-suspensao-de-memphis-no-jogo-de-volta-contra-o-corinthians.ghtml,0.03189161449026321,0.2770752183253077,0.011715791012729048,0.023946249411862422,0.012809411122838883,0.0295480054346515,0.05454789448777709,0.016085650175831523,0.044015736380226496,0.007024945748284633,0.0227201593454658,0.27337912190573843,0.017906897718353524,0.00854640818158539,0.048985014827048805,0.06780357737798556,0.07215919312013426,0.049772331608211276,0.03308416987924279,0.02997826585819444,0.012102717592668162,0.011300335172678984,1.0000000000000002,0.04849217001459535,0.03589608788448567,0.013187191119063095,0.005679009760471388,0.055194668268591734,0.01845638337822808,0.027211062715321605,0.027944928906084607,0.03265134851948029,0.017162027233502488,0.03345351940835795,0.2281360261386556,0.027057381353736414,0.06496162088093849,0.025364275219688648,0.008478822348307597,0.11490988657747671,0.24324968515903345,0.01666815390141996,0.016968277722814763,0.01639110163837887,0.0426482574110227,0.021355885214182913,0.033567003365565284,0.017442018153746252,0.01920907916384223,0.25809681548116464,0.023392994147167917,0.02145495517692195,0.019931116010137424,0.008525647206576815,0.028843444616366627,0.0399314490941627,0.03533438198456343,0.04211763933601788,0.00507423102923168,0.007952860838555561,0.2953189352702429,0.014838366931986164,0.023660455514683227,0.006982272254965595,0.009164321660916226,0.022663823238511467,0.009964852755604079,0.06695708118259251,0.025651391394180274,0.0450144886977315,0.013817083346196985,0.031200838897594684,0.04579072995995845,0.0242696043723787,0.027445594152636362,0.041034320189729384,0.04172489301050534,0.04377267128978838,0.008189508992245942,0.05273355975701588,0.020863866086891725,0.09331315338375537,0.050366334588705236,0.011773359197442327,0.01881779427751522,0.022243665749596447,0.03222587640086597,0.028266946627072215,0.05195597513153205,0.06163552809926932,0.042306920227520646,0.009804429930840469,0.03334571780535172,0.035052119194660315,0.10080887470278467,0.01897384571658799,0.05038293465404003,0.01921512910570428,0.2568950090833875,0.023747994471997637
https://ge.globo.com/futebol/times/fluminense/noticia/2026/09/10/nonato-alcanca-estatistica-rara-no-fluminense-com-gol-na-libertadores.ghtml,0.0934336374810629,0.12771170909945473,0.0809216254098367,0.04152089963674732,0.06682309209599906,0.05542253578140036,0.04934077481374275,0.053577892984191855,0.1717686820306327,0.02511570512408604,0.08322235855658185,0.09844555048374819,0.07585596138597905,0.05538264557159621,0.06566657464080215,0.06160319177724777,0.08170576642640198,0.1011355952682671,0.018343198438462462,0.05267222135629636,0.05562244759959194,0.08036331476744263,0.04849217001459535,1.0,0.07927816158853453,0.046193978574188624,0.05454974707789509,0.11309114385734385,0.05472883166924422,0.11965649169125368,0.2116546176729003,0.08998310884608021,0.02569416115731145,0.08362819700599745,0.08835055650917897,0.024047087161623418,0.061186952440529734,0.04604463229972708,0.05276519277811745,0.08563086408804083,0.0405826256947912,0.11093815141655293,0.023187321789559127,0.043478778834623165,0.06619507550048373,0.11959740139195678,0.07397150079338666,0.06181191604315726,0.022525738694617627,0.0955405655637099,0.06905036260207092,0.07943262238201113,0.07778944335196158,0.05293569246138887,0.23481092612975263,0.03599004684301352,0.04492222700274815,0.09094820405637698,0.036976885456194396,0.024397313863387504,0.09518607654042766,0.0543758692069507,0.11447924054553817,0.034847562740983065,0.04702867296512023,0.055531531918557135,0.021233498324534823,0.10529679739884282,0.07728248166501099,0.1832269400005278,0.05307984807046993,0.05441661401694474,0.08067503395185974,0.05664540896783507,0.09056123569284988,0.07421074898128477,0.047202296361821244,0.0700628148165515,0.03106643407913327,0.11256397844191236,0.045961095687387224,0.09378641605451672,0.044023294197568875,0.06282104086574503,0.07503779162443863,0.10188146101966783,0.026015267298079143,0.07667047299604787,0.056615615228491796,0.06182714793577426,0.06823504771614132,0.0237616293564134,0.09534963674454872,0.06133386296577748,0.0894110893297852,0.0526886512840915,0.09263221674166909,0.02706559762406948,0.12029641866510034,0.0384606563972872
https://ge.globo.com/futebol/times/botafogo/noticia/2026/09/10/medina-de-10-entenda-como-botafogo-pode-usar-o-jogador-como-opcao-a-montoro.ghtml,0.03452320517578568,0.08240625895424737,0.04496200534075466,0.030267736394022877,0.02940658382955203,0.02963272266431016,0.00838638339330973,0.015496279180494623,0.05462979048743749,0.029996946669781338,0.03548499990272075,0.05602199639883101,0.02294403240532629,0.07069046486060682,0.021589658697075884,0.019664240625862705,0.044278503772382405,0.045772816390408616,0.01337861262664456,0.050622901258525185,0.03840604514053691,0.03957094189923152,0.03589608788448567,0.07927816158853453,1.0000000000000002,0.014498548930679882,0.10394152898417269,0.06175916587528368,0.029445964690730318,0.053370955676879106,0.03838437645777469,0.0548940897205302,0.016011655971833252,0.04444386453006259,0.0778687191716483,0.015206097453306115,0.05802340225013794,0.09082244790230878,0.04318175047594909,0.032561278457361745,0.0338095054331177,0.21376159194741592,0.011615534129216034,0.01465271623314274,0.048319467100051396,0.05319648750915395,0.061790632107394355,0.02884066141652545,0.012125694935826095,0.051169184137607904,0.10460553414242293,0.0459281690145924,0.031188704199380073,0.05755798736356371,0.030323012900968057,0.007361844472288884,0.018330114080973403,0.03618064718154725,0.19516110956889218,0.01894531523828653,0.06457886008589135,0.019397025231756973,0.04048590646335251,0.014880468200561285,0.20052773655208397,0.034378670907927865,0.04144590522372585,0.07283669191257963,0.06476688541572323,0.03296445280429097,0.018108544401796264,0.03819929117832219,0.04106079228009981,0.04946503114762243,0.02503685894834396,0.04565189315089397,0.03598611830268347,0.017624691700310814,0.01880249643287362,0.05293312515868333,0.04589571110605047,0.0563527748864358,0.011809773304719481,0.10727503847361348,0.03405418744211365,0.035658459569952075,0.011070074605515106,0.019401309602827998,0.06652938631531868,0.03863047538550581,0.03780997160896154,0.027236812525686264,0.051824594196587664,0.012062667566000582,0.013176742741311191,0.013266688524115887,0.021985015350919665,0.013527458156029291,0.0616961434712278,0.011550569382206007
https://ge.globo.com/futebol/futebol-internacional/noticia/2026/09/10/imprensa-internacional-repercute-revolucao-de-ancelotti-na-selecao-nova-era.ghtml,0.09988930687250329,0.030727055499119475,0.10816988503404527,0.02114763134078959,0.06047374586464374,0.016662006275547123,0.01328870563951694,0.0488766466026542,0.014631309491293796,0.029324506020250742,0.03995696552833049,0.01002847907055639,0.051893311184120224,0.04462543955348451,0.030730604528624708,0.01043960358602705,0.02808116453222364,0.02749125249011033,0.019703168368346093,0.038565202944165544,0.06466795893401031,0.157023540179488,0.013187191119063095,0.046193978574188624,0.014498548930679882,1.0,0.13588479942439968,0.09202383083269756,0.13727014642593133,0.14130693110627107,0.032753135212901616,0.02637158543600278,0.042442562212288176,0.06312824190198804,0.03222256299725146,0.012024315626168715,0.012531089014087862,0.02204452039417197,0.03829121630718882,0.009434496262393809,0.0390701935205924,0.13698132172478386,0.03980402656173262,0.2321689454010551,0.019325207474760277,0.03355813105086802,0.018077971944693426,0.01600938763323991,0.07388125437005379,0.012759836068262273,0.029387033278733318,0.018823299131380315,0.01153536956237822,0.11000410162275764,0.03235163281828353,0.036983592997294826,0.021844600796078233,0.01987340529625682,0.005044370834479195,0.016414154314646812,0.03498326101994333,0.12662397294395106,0.040043368701414325,0.03486226687765617,0.01660634095438808,0.024151108020073125,0.019314855513233392,0.022573994834724966,0.026126580770524165,0.031615734901402494,0.16662909445825985,0.01503252717595659,0.04572717148810894,0.007945132526967118,0.0509106758644861,0.0665977757192919,0.019165112575415245,0.009234951190579687,0.011744135122785796,0.03205037701027549,0.015990920779526255,0.03829092676376758,0.022750547759024978,0.01613049963410303,0.01660522563183498,0.02203030071578996,0.010910862455422552,0.06648195507304555,0.015210117629165663,0.011105625022392278,0.021680298559636157,0.047086469325521026,0.030500851849509687,0.05776761999486611,0.13479837800552547,0.037312959743380905,0.0712827401375454,0.009747368841663993,0.01908707031088753,0.04581657120221166
https://ge.globo.com/futebol/times/palmeiras/noticia/2026/09/10/abel-diz-ficar-triste-sem-atletas-do-palmeiras-na-selecao-mas-valoriza-base-e-conversa-com-ancelotti.ghtml,0.020325918154549483,0.05055392952063477,0.08797834618775348,0.025138208746513773,0.009591244780388298,0.056704889971486705,0.016607281107515907,0.04198928546468413,0.06016097438052655,0.04900685203927696,0.05443798924583668,0.02679210975243743,0.02049904851096437,0.03302981914417086,0.02073253984260683,0.02162045511012092,0.03541662880845074,0.053808079839615296,0.03124629887849817,0.27916534551985456,0.3372638052835729,0.11201962611103264,0.005679009760471388,0.05454974707789509,0.10394152898417269,0.13588479942439968,1.0000000000000002,0.2630119669344737,0.06644494994051078,0.08097059331199839,0.04920393672347962,0.02815969161276542,0.03692990071343541,0.07505362760750679,0.0363431767686106,0.02977470038414247,0.22359163289808107,0.03181883288708501,0.03949510230914802,0.11894714775108284,0.04266383234379094,0.17961827371552558,0.01663461372642016,0.09374029625030042,0.017932515625238295,0.04992783286060265,0.23155663247916497,0.06683744915588737,0.035496041033186876,0.0332007998773437,0.09709452948776837,0.06255268177170299,0.010589576136459833,0.10717196016357845,0.04838280460038856,0.02103684292816757,0.0670260118627258,0.047774938381307516,0.08704524853773798,0.018657490247351072,0.05504073698926987,0.07586850271667708,0.049330826161767594,0.02871781974221569,0.08632899014192452,0.03232908234978225,0.06284313789813006,0.2242789248094659,0.0520112759452049,0.029033735402878583,0.09829436309781027,0.017981761901432403,0.06907722717322184,0.02438128875695446,0.04511152454439553,0.06399542374359606,0.07236250682347808,0.020740778133598824,0.022677751329167693,0.05906642096903995,0.032547678190533016,0.05695996238674813,0.03442089473247883,0.036442183655105154,0.047452049005686885,0.02535506830021393,0.02870644501877642,0.03369474682677038,0.3490297426343739,0.04638489700705047,0.033798365952228064,0.03046419953326984,0.07071751493904552,0.047302408380671006,0.06578349340971079,0.04722150632321274,0.05476312347003526,0.023742798295598232,0.03935200607607574,0.026476675170431313
https://ge.globo.com/futebol/times/palmeiras/noticia/2026/09/10/giay-exalta-abel-por-boa-fase-no-palmeiras-e-sonha-com-chance-na-argentina-todo-jogador-quer.ghtml,0.05984367316883373,0.1287177698404544,0.08462221495144864,0.03823586824210234,0.039736505548233075,0.0342285977174455,0.06347017899751821,0.04516683564589258,0.0748915431156501,0.05151529200771246,0.06795151329248139,0.07742511511770242,0.0411829632129524,0.05500193210697484,0.04002434079229284,0.034626022738535364,0.07100530167923316,0.07054638204563027,0.01850957077077462,0.24176483785762076,0.20040068440922576,0.10177844463878843,0.055194668268591734,0.11309114385734385,0.06175916587528368,0.09202383083269756,0.2630119669344737,1.0000000000000002,0.040174728367285355,0.12881411966368583,0.06949477637646949,0.08462189681689729,0.025612180968139185,0.05060631062139172,0.10471124078927058,0.011371213690408865,0.252344818057938,0.026728536510893266,0.056753860951537546,0.1622727089234381,0.07364443088746905,0.12270591450810993,0.011641190756230869,0.13091679456657238,0.042534611143786004,0.06279090914391956,0.3049159459217578,0.04619430344964752,0.02168620939535557,0.07231343318429063,0.1115506946227639,0.0596799087530091,0.04954375038715604,0.08025496613649295,0.07855613145486433,0.03237332349267135,0.03228250314986854,0.0779037766546501,0.020618646479620747,0.016267262432537354,0.12350696881374976,0.07356697638157904,0.048607413710735306,0.020975311114041717,0.035603585751413834,0.02277639451034734,0.02287292308358204,0.3547312268314453,0.04063884782199705,0.0358950908698569,0.09114218722586363,0.025703955090570614,0.08495320889056451,0.03537161054919277,0.06090573890738584,0.07463479186790846,0.0651381442663617,0.039770553659001014,0.02107781810459571,0.046003706925633714,0.06130692787117481,0.10584461252437956,0.03092317281958995,0.027137455127574178,0.07654135328693988,0.07879652267626236,0.027686016607880067,0.07821042474136126,0.34958474370454656,0.04019377362285322,0.034872047396008785,0.030736903675073843,0.08264626462696344,0.06325696932674502,0.11920521310496372,0.03934581153642659,0.08243654557529215,0.02285513389279486,0.12081064190176628,0.04808333677898664
https://ge.globo.com/futebol/futebol-internacional/noticia/2026/09/10/rival-do-flamengo-na-libertadores-e-destaque-em-jornal-espanhol-revoluciona-a-america-do-sul.ghtml,0.03352247780369148,0.12483272224619417,0.02669102310005329,0.02873600452338406,0.021482406949889607,0.028380459111145628,0.013583204879909064,0.01641897547175942,0.04160018902165339,0.038365586865521724,0.029852898357569525,0.031229224974361418,0.021658215727660957,0.02866659931729606,0.3016440327009327,0.05031101286922812,0.2975056657331859,0.02999600186962377,0.031926571657798795,0.03997679089143969,0.05530324050416186,0.04242220267986393,0.01845638337822808,0.05472883166924422,0.029445964690730318,0.13727014642593133,0.06644494994051078,0.040174728367285355,1.0000000000000007,0.133952798201799,0.028797368151246873,0.03179040517317578,0.03820638230720315,0.1300779387064815,0.03920637390776441,0.02878259213350975,0.04352476578738777,0.02102433712671528,0.01842005528586762,0.049215426344241156,0.1228736444104141,0.03412418729163676,0.037375052051652945,0.06296932146989673,0.016389601990620284,0.034549699516129455,0.04587608859263037,0.04939984906934911,0.04258229763994674,0.05805557546917873,0.03580038162907895,0.03384294676519954,0.0021947576219830305,0.028313264197424522,0.041808338161282266,0.01675448470759358,0.04527679830340463,0.00803881880481421,0.020914676926774504,0.010928665308937727,0.053457604018550535,0.034971334597547414,0.05589272117445103,0.022442127120460672,0.03041200387353759,0.036278648722654655,0.02490820147778497,0.0539984363866689,0.028721353711774703,0.036124673604896615,0.04894816376895493,0.017674461750527816,0.2503886636303999,0.01608178089813014,0.02037017255058588,0.03401612524068083,0.01726008396049442,0.01055607576001611,0.02473930074368265,0.01400483577374724,0.032832814205661254,0.22863028400030977,0.017424559788907005,0.03009635807195284,0.022962491353988607,0.017268003310675222,0.022597183009705805,0.03887677095152772,0.02643427388558132,0.01515611481571097,0.02002079330221818,0.048713788225725294,0.02820015653607887,0.04160749567496097,0.026377706780959166,0.0454302180997377,0.0362301363512032,0.03482233126873727,0.03518308432166152,0.03282506290449123
https://ge.globo.com/futebol/times/flamengo/noticia/2026/09/10/samuel-lino-coroa-auge-pelo-flamengo-com-convocacao-e-esta-a-dois-gols-de-ano-mais-artilheiro.ghtml,0.061190748287619924,0.10985750317615951,0.09629878786402181,0.0459537367167074,0.05303056434262597,0.04902570514458232,0.04535222563674044,0.04548458999741246,0.09624960419954655,0.023908866710860063,0.08329603469677731,0.06411722171476261,0.04490920706216569,0.124957595916879,0.1988437639388115,0.07169992767611269,0.11879442668872965,0.05981978567933656,0.035353672870408324,0.05636929196267644,0.09454444766282824,0.07586585166611465,0.027211062715321605,0.11965649169125368,0.053370955676879106,0.14130693110627107,0.08097059331199839,0.12881411966368583,0.133952798201799,0.9999999999999978,0.05827588549037821,0.07481027237937678,0.05038690479078351,0.07612148913927706,0.06902709129927898,0.02347086276980201,0.040271156109026714,0.06537076723397478,0.08142264957416535,0.05910039440288687,0.08651313060158584,0.07388425379916048,0.021590626066803,0.36892122920854475,0.04263367783999906,0.08130786013935441,0.08585854929718431,0.03654278112501869,0.016690343843153432,0.053915883417776485,0.08824030893461428,0.06209461333996172,0.11116513499376719,0.06521243608572655,0.07346337709821542,0.03661563780048153,0.03252424362738401,0.05860956720081901,0.0461041554622781,0.03743088221935248,0.04291730275100529,0.06634662365899391,0.07842596505530308,0.02833609853811194,0.04002796102987831,0.06823512918084398,0.04328900940879428,0.06962365317190408,0.0714417886949751,0.041656735497111005,0.1686239805948098,0.03295040958755351,0.31501832051118184,0.051714731019417745,0.07234324987614893,0.0698693712998562,0.043227433949459854,0.05331210155784857,0.014542466448595987,0.06331420596551786,0.050688605355044616,0.16480202395107177,0.03378250188614478,0.06149895857912286,0.08659084184650251,0.07998381278286569,0.02456893701922302,0.05486615827839835,0.06064681759834543,0.045501974619035,0.046706352783868005,0.036796664213540754,0.06453777419054992,0.05547640044843649,0.08421576526923426,0.025286413335294623,0.06415419785288388,0.02873618406480243,0.09710563073680961,0.03965341246998296
https://ge.globo.com/futebol/times/fluminense/noticia/2026/09/10/millan-cresce-ao-lado-de-thiago-silva-e-acirra-disputa-por-vaga-na-defesa-do-fluminense.ghtml,0.06385358500084036,0.06554986754142422,0.05739881533048165,0.04364160347665854,0.04373065479826084,0.036676196629948095,0.040311333455636034,0.047648981085334274,0.1755764582599484,0.03410829493879458,0.040090912039159085,0.04594401167498411,0.018090307184180855,0.0358974340695604,0.03866822354788322,0.026920529112670663,0.07000276108997082,0.05363475980065065,0.02285608471101404,0.04096814536627148,0.03349723295157373,0.0643989541292726,0.027944928906084607,0.2116546176729003,0.03838437645777469,0.032753135212901616,0.04920393672347962,0.06949477637646949,0.028797368151246873,0.05827588549037821,1.0000000000000002,0.03977768645805573,0.012718359666594944,0.06487781781078258,0.09170146083551527,0.013891250172955144,0.059254116470281844,0.07249193888797019,0.04337018028059302,0.058170399645002126,0.0306446648405688,0.04260201727492836,0.011657993311640153,0.03861959279857625,0.03669229593779506,0.07601417969323351,0.03567607350040753,0.026382612845167838,0.020543294001331022,0.04095767007082168,0.07761708949039207,0.0488623572017517,0.03935832143532263,0.056106552544047665,0.21078837196137185,0.023370435103000815,0.028504971136708634,0.03847591329881468,0.06433915231020519,0.010060424319464469,0.04349851284594588,0.04714610622846788,0.06593382522002095,0.026283146288170432,0.03035695084063582,0.04962240404770399,0.017482868796029404,0.0705655930470011,0.06300476552067501,0.2111208707645468,0.04123761687288581,0.0215052058374625,0.06487531031979797,0.045763068874628984,0.047391236516926345,0.05024676362464425,0.03779463394807975,0.01677658366922011,0.0212978478458361,0.07469943497469345,0.0450621279206803,0.054608670166181365,0.011944727022580688,0.044290157177988246,0.032863261850922296,0.026442283678786017,0.013288612404504525,0.027161839615040123,0.03681088385683383,0.026373060046457796,0.021391315251274273,0.022384568413937544,0.050744153124256786,0.025608563983650058,0.05998337976719082,0.0222250271906404,0.04401583971974826,0.018275795422692125,0.07486562812907903,0.01568032070868728
https://ge.globo.com/futebol/futebol-internacional/futebol-espanhol/noticia/2026/09/10/gabriel-jesus-alcanca-rivaldo-em-lista-de-brasileiros-com-mais-gols-na-champions-league.ghtml,0.07679528218590118,0.10277054887980995,0.05278044900242256,0.016793040165249504,0.05064196509990689,0.10424204580244577,0.024423749187004278,0.05771378160354058,0.06618573624060456,0.0929693650568002,0.25430565236314434,0.0700950696100799,0.04294349573133249,0.28602090197411933,0.0244883291123655,0.03041521022132607,0.047377624691390195,0.0809304088442845,0.02235280428997424,0.028220277000359294,0.05510602158112403,0.025064475249831953,0.03265134851948029,0.08998310884608021,0.0548940897205302,0.02637158543600278,0.02815969161276542,0.08462189681689729,0.03179040517317578,0.07481027237937678,0.03977768645805573,0.999999999999998,0.021031724855257776,0.1478629890181879,0.11472646768559883,0.013836863014491056,0.03232947731252249,0.03380224815471562,0.21522166089655076,0.05407798077646482,0.0806517007690895,0.029631438624861763,0.013741727045422007,0.0593578073365186,0.06899800453325691,0.0532999351015347,0.07742705831823951,0.04256736688771065,0.009312029405354838,0.04192125497546499,0.06836678148932716,0.07006944777949883,0.06708798002313622,0.03084023581820516,0.0426221646274967,0.012571499095967394,0.013319803866129333,0.05828806747418198,0.030743101419923938,0.05970206972140468,0.04420950741676253,0.0250992271964568,0.06245911129529224,0.302836247687995,0.03956378042727548,0.11946917524632698,0.17652015843906466,0.08176679180299616,0.039107844602703154,0.02545101726737734,0.052451981056019774,0.07541839292218983,0.06338181690610004,0.031495171084190504,0.10300005195212415,0.06357907810279015,0.015075790780166675,0.034861930607765906,0.030975755144871442,0.04733968096583894,0.023257263337010215,0.04141348778646221,0.02105712964373428,0.04773587535124842,0.10750985466488869,0.0732883267399774,0.0158010268031118,0.04080184290162742,0.03441213525273605,0.019852405557832034,0.0361564718774721,0.05590241932952514,0.039537584796004284,0.04865599718870083,0.03144069225800548,0.06386777360777993,0.0482251657032178,0.013574241737519048,0.07116395507464378,0.0315921623851794
https://ge.globo.com/sc/futebol/times/avai/noticia/2026/09/10/avai-anuncia-a-contratacao-de-rildo-ex-gremio.ghtml,0.04016889214341402,0.01926989133950396,0.019299556574967604,0.05119466522499169,0.028476865768528727,0.026738198065328806,0.02190969443690566,0.03239304837200994,0.02220091240089054,0.025206807731493145,0.01235605675904447,0.01532312815394193,0.062929854776589,0.028882302529436805,0.02056296077492582,0.06920905821562316,0.021386889458029044,0.011679330688078228,0.022953317548505766,0.03596005276192129,0.028118684241735283,0.02268273567311742,0.017162027233502488,0.02569416115731145,0.016011655971833252,0.042442562212288176,0.03692990071343541,0.025612180968139185,0.03820638230720315,0.05038690479078351,0.012718359666594944,0.021031724855257776,0.9999999999999999,0.055039136143887675,0.024311793455949124,0.036402852124418295,0.022005742111223935,0.019528669271713626,0.012730164670016577,0.010016379694979136,0.019302175783768128,0.023749154309171433,0.025123882221115064,0.043955560956842776,0.07670181878245581,0.059598187675072925,0.03279126406791116,0.25634675000728685,0.008445886091356936,0.020235270247867563,0.033558946386906666,0.0492171279819934,0.012235008598394975,0.041822011443408455,0.05764067090447552,0.02619361085117264,0.081404027026148,0.005274402747492779,0.032186165046199255,0.013732734597364002,0.01960272173616004,0.03571939618450561,0.05165674354380257,0.011582313360505709,0.033135561189554415,0.025372932740112604,0.03710262695310216,0.009693755509660808,0.011730439324411809,0.029631914648057343,0.022465934365999713,0.0710845510042814,0.02684936888445351,0.03835229782040738,0.017498602848901913,0.08200678425977599,0.03186923747649911,0.0007903079508325163,0.18894997128262464,0.020543214158064815,0.038334319407931396,0.029699662186107825,0.023254476693790698,0.06262464373147086,0.017808119127720234,0.03407905932581347,0.03925084618460793,0.039624766639602606,0.023547510953870778,0.01679885199972341,0.010852002150709965,0.02362349755488274,0.03317920198484273,0.03904025497826825,0.01591917389471233,0.019455413055640622,0.05142877539826059,0.03029899239923114,0.021996276590021714,0.022468740318634703
https://ge.globo.com/futebol/futebol-internacional/liga-dos-campeoes/noticia/2026/09/10/da-falencia-na-4a-divisao-da-italia-ao-luxo-na-champions-entenda-o-projeto-que-transformou-o-como.ghtml,0.06328187712758672,0.06087966557201666,0.05559142414008493,0.05524394676396533,0.03906068038475467,0.12428993032622805,0.03966171346614091,0.04185242741752242,0.059260775608082045,0.08366873492016294,0.09202204634457148,0.04660315541766804,0.03919030115646701,0.12189159646031177,0.0316160542195818,0.038957477444903084,0.07666752688319574,0.059725822216765596,0.03836890881201598,0.07177265367852,0.11323248299442813,0.07541618661787193,0.03345351940835795,0.08362819700599745,0.04444386453006259,0.06312824190198804,0.07505362760750679,0.05060631062139172,0.1300779387064815,0.07612148913927706,0.06487781781078258,0.1478629890181879,0.055039136143887675,0.9999999999999999,0.052290001003956074,0.03840095070783584,0.042121051555311005,0.06545342330101854,0.08830991492873502,0.04850210558019741,0.03181452462686004,0.05948361880143671,0.05609262879815539,0.06437772933549347,0.04832453625963549,0.054488554356141417,0.06504306609576473,0.08258379787779613,0.027531890110399932,0.03978195159322983,0.09967776756257261,0.08341270884508925,0.03405157501974107,0.07182901353347136,0.04682625992179533,0.06338612636659184,0.0962433121346695,0.03178912590841759,0.06186912316421736,0.020106861189231558,0.05160015852669932,0.05424583424892901,0.08943738016232873,0.08798947815823197,0.06058481002679826,0.1495945016936252,0.06864430559531633,0.051278322763473404,0.05520161328579422,0.0568236676697283,0.08095187150341332,0.04479698467672681,0.08535925030059992,0.04518458032970695,0.07139915445665618,0.06781786187663906,0.03534751719154398,0.03172319885768409,0.04464685465593656,0.062109924774495846,0.07283614650682299,0.0691131632942961,0.06022074831968163,0.06600016813680172,0.11858044685291921,0.04122787697589381,0.04071872941527786,0.06144532507023683,0.08092539537094946,0.04469199464600655,0.02829341297142604,0.16228182854810064,0.06415412498743857,0.040506409032290885,0.04228374510203368,0.09037021075119386,0.06541664951206799,0.054762969876057284,0.04877769952630134,0.05436649254392443
https://ge.globo.com/futebol/times/corinthians/noticia/2026/09/09/atuacoes-do-corinthians-garro-da-assistencia-e-kaio-cesar-decide-na-libertadores-de-suas-notas.ghtml,0.02597831802468087,0.3610274415158418,0.040834827260521366,0.042431374191112536,0.0365081588777793,0.06936819118207395,0.037838120173996445,0.039693437049863965,0.11647789733739898,0.034015287254342455,0.053300916219528545,0.3935675355345263,0.04586390881823055,0.03600491450907266,0.06598810923997604,0.07482156804732559,0.10461899149973279,0.21553698605744312,0.027593809292027864,0.03968265715477896,0.031432165163077765,0.034928362028443814,0.2281360261386556,0.08835055650917897,0.0778687191716483,0.03222256299725146,0.0363431767686106,0.10471124078927058,0.03920637390776441,0.06902709129927898,0.09170146083551527,0.11472646768559883,0.024311793455949124,0.052290001003956074,0.9999999999999999,0.014098021132271684,0.06591309556023613,0.06009666503407652,0.04361753271012067,0.09437252032505808,0.2672514118621225,0.030658618031413724,0.015316111512433726,0.02878823244697345,0.04723236413110529,0.04661004402049401,0.09561100280169851,0.040342532636730384,0.043489572463810994,0.2318643331612713,0.058935754871814426,0.03362758593251072,0.06198626773634745,0.018392629666269165,0.04206441495594522,0.008585881156259509,0.019763301203143263,0.06621970159601652,0.014657504889067311,0.06764853944681787,0.2370410034434698,0.023284668617592996,0.06345864384521935,0.034951879010868055,0.01590937215936403,0.06312914830529678,0.013806151460097468,0.19533846174399427,0.052599316890077075,0.057855893884630395,0.04210432377040664,0.0425415864056001,0.057034982225401466,0.021239521535432567,0.1491863082873345,0.039616489954810256,0.03412427516940837,0.09318865018511832,0.025892151008672197,0.11054885800477948,0.01938447913744891,0.11915809790142379,0.027538775700070177,0.02005952353267742,0.04139988730079788,0.06768960022432997,0.0373727790971176,0.040764062199841675,0.048178306348785144,0.04108792532750945,0.04140703346692019,0.03944618368309239,0.025396587290885016,0.04436904783069132,0.1434520604377174,0.03924199732850327,0.04386483502041902,0.021620954576366203,0.23438159988671686,0.015266709881542205
https://ge.globo.com/futebol/times/sao-paulo/noticia/2026/09/10/investigado-pela-policia-julio-casares-e-expulso-do-sao-paulo.ghtml,0.023119114104874088,0.019978271754952995,0.007874037746805732,0.12299622607869072,0.01982925648829912,0.007455656062109843,0.007751471002044026,0.10544459651507988,0.012793603856238844,0.023681719295474128,0.010474406428064333,0.022030383104543406,0.011996128916546138,0.01501201662916828,0.01264598705962754,0.014298208055672548,0.027594929104284117,0.014508974226577528,0.07566619226191895,0.029232269819416592,0.014451566497923679,0.017109078436549553,0.027057381353736414,0.024047087161623418,0.015206097453306115,0.012024315626168715,0.02977470038414247,0.011371213690408865,0.02878259213350975,0.02347086276980201,0.013891250172955144,0.013836863014491056,0.036402852124418295,0.03840095070783584,0.014098021132271684,1.0000000000000004,0.0428033303249972,0.01443597426364302,0.005237246539339138,0.04391567511982799,0.03430950452700607,0.014769720303895388,0.03111496723013437,0.021058299454592845,0.01029156004525895,0.04074118905680428,0.019698459667518427,0.041609404384799584,0.004901928947223407,0.017118163053660762,0.01573329411137684,0.023972382513858612,0.007350387456362072,0.026168958640539988,0.023711669960522416,0.03602987076939867,0.18702761254999725,0.004500432893328219,0.024960708435727574,0.006272828731263099,0.016770055843788382,0.015011813845507364,0.023478849510406064,0.004899175413238593,0.02199230292036187,0.011681431408728262,0.021061678328459055,0.023097921197576286,0.021431745928784534,0.03585800025183741,0.01850108858644319,0.008099527635445893,0.03249349708446576,0.025081339282880866,0.006782332801604051,0.17009533732154536,0.09656258225134623,0.007431028200188104,0.010557136265724755,0.020138117107933562,0.011621289879069303,0.023458028771139727,0.032320093686129626,0.024322676650337785,0.010571396058692338,0.0107529116265577,0.03539616320832309,0.04663720346381658,0.025399406288151953,0.04962244655602411,0.009554114716919603,0.03927500229365902,0.025995710206024484,0.026971537814679012,0.018689818053647937,0.021626468510008632,0.029730020126866378,0.7514356325079153,0.009085823755297383,0.013080320739831801
https://ge.globo.com/futebol/times/palmeiras/noticia/2026/09/10/escalacao-palmeiras-inicia-preparacao-para-classico-contra-sao-paulo-com-desfalques-e-um-retorno.ghtml,0.026703463106206648,0.0662939424212661,0.036373726466119256,0.06161622630945117,0.031003226586607077,0.033613804750350834,0.019523240817998697,0.044270730125113344,0.08762435985854025,0.027148111029258917,0.03558657556177806,0.04704359007711156,0.030668366657558142,0.023410140179554298,0.048217772246792336,0.03766080849570291,0.053070605175055845,0.03895702203325131,0.017007232198754853,0.22036498116834405,0.18312806477452742,0.02779879191582238,0.06496162088093849,0.061186952440529734,0.05802340225013794,0.012531089014087862,0.22359163289808107,0.252344818057938,0.04352476578738777,0.040271156109026714,0.059254116470281844,0.03232947731252249,0.022005742111223935,0.042121051555311005,0.06591309556023613,0.0428033303249972,0.9999999999999997,0.021452567566044294,0.03837215203690169,0.26407756659394216,0.03550588356093011,0.06759619568194691,0.016924153722716415,0.04381329936824041,0.03183287908986247,0.04514542404530935,0.25983227677584136,0.02182369828008968,0.01164529513053551,0.06993794172684514,0.030073940309361676,0.031953033329154945,0.10712913341712813,0.029380712436463383,0.018188630749901888,0.012706792822329581,0.05145105856855941,0.04640837800826263,0.04570477346345042,0.0041528723673569115,0.06497736731866939,0.047606363612123295,0.07036867000717718,0.02469079477418644,0.03615412190266124,0.05301701549489108,0.014985173922566437,0.3599096680304402,0.050971618906483364,0.048490563054078555,0.022552712247871032,0.02926584112703576,0.06213553038542811,0.02169752834693427,0.028106682569982,0.09139830948840985,0.14493507813514436,0.008926026812805344,0.010284605448464719,0.04650599965261108,0.018439980759807025,0.1178738405334637,0.06038584966905391,0.06339759524299897,0.028678247285703194,0.029395794754158815,0.022414408092360616,0.04809238016657746,0.30598347370338436,0.0255712326738386,0.013063138829133207,0.018931186624232304,0.06971182399707429,0.040985075367179324,0.02920465770112958,0.01915572808934363,0.06756916663373205,0.028088151754546643,0.06258017422668584,0.013311045291703814
https://ge.globo.com/futebol/times/vasco/noticia/2026/09/10/versatilidade-bola-parada-e-finalizacao-como-lescano-pode-ajudar-pedro-emanuel-no-vasco.ghtml,0.017634877186817034,0.03958165317707719,0.04061216806754662,0.0484286479036915,0.03357554283043179,0.028743651581792797,0.015140933615741071,0.04119057621729578,0.044829867360470566,0.0328488226848149,0.03385434232305656,0.030170950023643544,0.016552242113564954,0.041516872964157014,0.023209176517179637,0.05265649513999635,0.04081771425067054,0.041247557776668484,0.030256200411357678,0.03212259488544353,0.03329259350153812,0.026360994880278203,0.025364275219688648,0.04604463229972708,0.09082244790230878,0.02204452039417197,0.03181883288708501,0.026728536510893266,0.02102433712671528,0.06537076723397478,0.07249193888797019,0.03380224815471562,0.019528669271713626,0.06545342330101854,0.06009666503407652,0.01443597426364302,0.021452567566044294,0.9999999999999996,0.038997785256488546,0.03967752174041718,0.01879481785406951,0.035850762415273525,0.006226182243836272,0.03370529814055675,0.030102826363010468,0.03891683674415035,0.028293383422879147,0.030818402610473555,0.016906014003600377,0.03446410681354084,0.40395829455232307,0.07962059274192465,0.05826522279096547,0.03464031353340532,0.02582427099165019,0.015519739698266007,0.038689468982398834,0.020868728492291072,0.1081118028330629,0.02083072081805142,0.038042879212275116,0.023513036615518665,0.03699886730947453,0.02157852594624942,0.05660699521434399,0.03457655995599381,0.024567485308639097,0.055413292049088785,0.04076007369506974,0.05585477919071755,0.017960886497523545,0.028508632948242654,0.06023638820770851,0.10119172977764307,0.06597745801119684,0.037062668017587994,0.06554068298954228,0.0503268941143844,0.011725529205895691,0.05008840551333749,0.08901232277216435,0.06398339641617354,0.022662584865135706,0.4855635812884331,0.02841466653556832,0.031342175816904225,0.020408046568424994,0.03309540839299999,0.03931408703847452,0.011787414963277947,0.027534456859621022,0.04779515444689244,0.10464086599240602,0.019122331055468303,0.019493976658177876,0.02627022087288572,0.036375152351476724,0.026441205108583037,0.05306421152538586,0.014486815650101216
https://ge.globo.com/futebol/futebol-internacional/futebol-espanhol/noticia/2026/09/09/raphinha-diz-que-ja-esperava-ausencia-na-lista-de-indicados-a-bola-de-ouro-nao-me-surpreendeu-nem-um-pouco.ghtml,0.035040154075692616,0.033005714714461065,0.029358717024470352,0.03532970601278178,0.04285408484966559,0.10024538668013466,0.010887323483197285,0.020548291818549853,0.07881564439672938,0.04841213849740084,0.4160191644573561,0.037034372555267585,0.04350911852353858,0.4908822229828753,0.015397579395556669,0.01451228760785387,0.03894439550635049,0.031883718084258744,0.013147248390493577,0.020752631140998564,0.06598847326576442,0.027847900727193464,0.008478822348307597,0.05276519277811745,0.04318175047594909,0.03829121630718882,0.03949510230914802,0.056753860951537546,0.01842005528586762,0.08142264957416535,0.04337018028059302,0.21522166089655076,0.012730164670016577,0.08830991492873502,0.04361753271012067,0.005237246539339138,0.03837215203690169,0.038997785256488546,1.0000000000000002,0.05186642755287819,0.023822874006566675,0.02005424665928777,0.0017444558283449501,0.026879869814713284,0.08899092989612523,0.058576665649884924,0.05693889804449667,0.023030494038840745,0.10062602130239173,0.03988541751179952,0.09479002953466467,0.06635435838956633,0.05934373581877757,0.026913811666336086,0.023656469746118503,0.008314369013865706,0.010516130294663974,0.04406074256347699,0.01228271897374616,0.042020547576720274,0.052472341738360004,0.0284876941386736,0.0589146767526306,0.2145849428970693,0.032967947680949114,0.11367656969929642,0.157914659977398,0.05166742119574682,0.05826156614752893,0.027678447255358903,0.03008787290659392,0.03504693148251403,0.0638551715259404,0.028655692337537734,0.07283869936771235,0.04095988703091056,0.023199325011715313,0.048596372807613565,0.006964484354863201,0.07591552683230429,0.023819143036303406,0.04340422939789117,0.019520436909148467,0.02834113324495169,0.07796472849832402,0.05780368885030455,0.009624877642474158,0.023612171407850435,0.06745774941334838,0.01688716205780364,0.02813639847884102,0.021758895090453204,0.030188446830892224,0.011982793725096749,0.025566790061988257,0.022614646628988627,0.03751294520899242,0.01419504158343073,0.07808095281636708,0.02671065366294753
https://ge.globo.com/futebol/times/palmeiras/noticia/2026/09/09/gomez-desfalca-o-palmeiras-contra-a-ldu-no-equador-pela-libertadores.ghtml,0.07478857093839121,0.10694446395258855,0.03728922567949547,0.026576619383892747,0.06768750522963539,0.047134600952426914,0.05225098736586143,0.04077865549311469,0.10697124680988022,0.020557555164483533,0.04454583143584669,0.10759470797882784,0.05243102377728277,0.0345553647620319,0.08569585570539809,0.038743591341757824,0.10129468126011351,0.047873939957714405,0.022044172648929796,0.1369917024212303,0.09683503752913267,0.02534600146703875,0.11490988657747671,0.08563086408804083,0.032561278457361745,0.009434496262393809,0.11894714775108284,0.1622727089234381,0.049215426344241156,0.05910039440288687,0.058170399645002126,0.05407798077646482,0.010016379694979136,0.04850210558019741,0.09437252032505808,0.04391567511982799,0.26407756659394216,0.03967752174041718,0.05186642755287819,1.0000000000000007,0.08869087866892136,0.03759918798842776,0.019402068019213695,0.030832999257389696,0.04533613010044839,0.04291965009377784,0.20315028789955883,0.028198213229313814,0.016064394593804703,0.07848109643081273,0.016984878365427766,0.026292492073254133,0.03727798933403722,0.02125022849073184,0.029216339722103492,0.035605516201314746,0.03203855234252791,0.050138769235719874,0.029880539320516056,0.031002070799287865,0.10064167234793052,0.034720054579268675,0.06179289412612819,0.017773308921910043,0.0247892385467432,0.06915366136999516,0.02912063939951455,0.23628965843246452,0.05933253511204763,0.04690132949857521,0.023897803548033072,0.053384300691612666,0.1302712920704936,0.016186189431257703,0.04033760044112447,0.060828129362116665,0.05717471491016664,0.05933111544183517,0.014874015543880893,0.05553198021671434,0.021364363477830894,0.115347985656899,0.0333668414105107,0.027056946546146224,0.0295065729339139,0.02588870079669612,0.03346623465841179,0.07319429602567458,0.2563389848695319,0.03773935615074053,0.050104417703410314,0.01935293512690281,0.0762080776814462,0.042181331807830874,0.040061720070547334,0.011663998841913593,0.08570147558720739,0.03043824857311451,0.07968870419694818,0.023052131486009465
https://ge.globo.com/futebol/times/corinthians/noticia/2026/09/09/estudiantes-x-corinthians-cotovelada-deixa-gabriel-paulista-com-galo-na-testa-veja-o-video.ghtml,0.033649530249086214,0.4884786909963124,0.044816125869814635,0.02331536896907993,0.013364114695574783,0.023917014656649218,0.0634039037866771,0.05502603369657923,0.06513922789528936,0.03136089346536658,0.02282931404740003,0.37087220385290903,0.01536563521465729,0.02128781758898034,0.140143546204915,0.05976861261971207,0.15229295990905323,0.0841216084414191,0.032760956105376556,0.01901179557555217,0.020337557480413535,0.046395325353358774,0.24324968515903345,0.0405826256947912,0.0338095054331177,0.0390701935205924,0.04266383234379094,0.07364443088746905,0.1228736444104141,0.08651313060158584,0.0306446648405688,0.0806517007690895,0.019302175783768128,0.03181452462686004,0.2672514118621225,0.03430950452700607,0.03550588356093011,0.01879481785406951,0.023822874006566675,0.08869087866892136,0.9999999999999997,0.022353558755035554,0.007329483747870081,0.07065210895941983,0.02380293227295409,0.0295004790375462,0.05626085600501217,0.024771001541998197,0.028400778903759152,0.2620049205899061,0.02102018157158857,0.033668924151049655,0.01854505686794592,0.03309440358041479,0.03272850593104338,0.019169996714789056,0.007397566301252152,0.06839334938401415,0.04597494921732238,0.02443688868823766,0.3070336433662831,0.039768559214265795,0.03129949622183724,0.02202292021242881,0.032789509260563975,0.03597008912824669,0.006715245692007311,0.06866913216470123,0.02882590993261618,0.032241964710661014,0.08080957888934948,0.036939811771133826,0.11594200848274867,0.023533382668459904,0.035977680766533585,0.03352700552642981,0.031315332666648106,0.09922670652537806,0.004871177673387581,0.08274035073531205,0.02333178000069111,0.12963216934755845,0.03426350011452608,0.04457964322786846,0.017420981804721195,0.028654688292731954,0.02429376716546613,0.049539916979974646,0.02612287249766356,0.0602193130875452,0.09014925412142703,0.03679167991858236,0.03293058626848859,0.03494073612286671,0.19779473231464828,0.021184445333647904,0.03950417535892697,0.03933875187724386,0.2963468782636116,0.017315281114038735
https://ge.globo.com/futebol/times/botafogo/noticia/2026/09/10/danilo-volta-a-ser-convocado-para-a-selecao-em-meio-a-criticas-no-botafogo.ghtml,0.05694169329267313,0.04852565001180036,0.14523973306712973,0.043497434381683596,0.051514094301903866,0.025247897632566338,0.061029147792793476,0.06983455302499406,0.05271884275545893,0.037205583290581386,0.023679139564960056,0.04472314856060623,0.047179306617017254,0.023926467153179056,0.02129962545131651,0.028936564435095256,0.04677646541317889,0.04851464338688422,0.01590870954440651,0.04427798087882066,0.05891511660859258,0.11958327800002543,0.01666815390141996,0.11093815141655293,0.21376159194741592,0.13698132172478386,0.17961827371552558,0.12270591450810993,0.03412418729163676,0.07388425379916048,0.04260201727492836,0.029631438624861763,0.023749154309171433,0.05948361880143671,0.030658618031413724,0.014769720303895388,0.06759619568194691,0.035850762415273525,0.02005424665928777,0.03759918798842776,0.022353558755035554,0.9999999999999996,0.025773206176560613,0.15742739494490865,0.028204582808989426,0.05459190565853258,0.045043842871812435,0.027540818435253904,0.025688643499399755,0.027848968251590552,0.05493870811376085,0.06495632900167561,0.04951422560770198,0.1403997351982712,0.07329002065598454,0.03991626908454669,0.04392651088180767,0.052391024077084715,0.2704496823105357,0.013225672694343792,0.051917189474055006,0.07462267781663665,0.05066621697090603,0.016743084361772152,0.24816354465946214,0.027155609082232853,0.044389824537131924,0.05636444708418634,0.08118395867646494,0.03687857771095307,0.0945695865342008,0.04469987696395104,0.05231989878660668,0.035732095091968334,0.04415006504888005,0.044480455112659335,0.045857344045621494,0.014550449788205806,0.016220209644687112,0.050930682146906936,0.08222949836828929,0.053254136956698735,0.039551927304084994,0.03631816843137912,0.04284339352565455,0.045975483405653036,0.03910660742812482,0.0732792571509131,0.0672909915292107,0.038553551724407636,0.03639843516441124,0.06077002010667015,0.06783939339728223,0.058779962056711835,0.08907912427385674,0.0387787768801239,0.07258008273268277,0.023366019498077827,0.046029530646042205,0.046622346629648294
https://ge.globo.com/futebol/noticia/2026/09/10/morre-o-jornalista-claudio-carsughi.ghtml,0.04574336776136545,0.012461965308179949,0.026556587518461856,0.05600173929193722,0.0366976449338251,0.011508700676354459,0.019563811143693596,0.03979362235964634,0.013501998580582398,0.01554401881532865,0.0033504217141905384,0.014108089938449081,0.0357190457453454,0.03530884681930286,0.02710583235035975,0.00903848148810743,0.012451220999154803,0.01798376996509505,0.01272062919617126,0.02113698394552673,0.008353573841911653,0.05132807755703578,0.016968277722814763,0.023187321789559127,0.011615534129216034,0.03980402656173262,0.01663461372642016,0.011641190756230869,0.037375052051652945,0.021590626066803,0.011657993311640153,0.013741727045422007,0.025123882221115064,0.05609262879815539,0.015316111512433726,0.03111496723013437,0.016924153722716415,0.006226182243836272,0.0017444558283449501,0.019402068019213695,0.007329483747870081,0.025773206176560613,1.0000000000000002,0.018214998566001783,0.012362469493841923,0.025167665529189923,0.021417028953721294,0.008693161438720483,0.017707126921567295,0.006279843337719937,0.015876714553884598,0.018401271985863568,0.009441644546120996,0.027562955708181507,0.02140737031706119,0.014484924394460447,0.03408842553066467,0.007979353286580119,0.013261454251727155,0.00577994459929514,0.009130060535518018,0.03703997506880719,0.023761175364601914,0.015463637940392141,0.018548902199810854,0.012839630759562777,0.004875870626160208,0.016463656877698022,0.01100297915983354,0.024823926168496945,0.0458642793047193,0.002944355108821531,0.020275740921805747,0.009006604768402603,0.009068136946067711,0.06226666808081379,0.034428189797177926,0.005790745905435177,0.011757504485106951,0.023557148427326553,0.02108608137267595,0.018055441158631967,0.011262776143244215,0.017555503672810592,0.01048887599852379,0.027070079016997012,0.011513304592569272,0.05746096572628879,0.02399243686116236,0.01582704462479336,0.011530379224330691,0.005616984193134672,0.02495367023267036,0.03369156144926842,0.02255827007338104,0.011626086238587904,0.04213350400280759,0.015171651560049182,0.012427398485989971,0.020070338902028875
https://ge.globo.com/futebol/times/flamengo/noticia/2026/09/09/pedro-e-samuel-lino-do-flamengo-comemoram-convocacao-para-a-selecao-brasileira.ghtml,0.030423250265463674,0.06388725023963454,0.20325759673849492,0.040344785847791505,0.020467370921685445,0.030958468609473565,0.02427945693315705,0.06249386362254342,0.049718794941019814,0.021223282143862904,0.025586627980459353,0.006889175337968876,0.044748158677825854,0.02773999727582584,0.09792994957203202,0.017522238095560767,0.07088413663090952,0.03117806407116317,0.04919434260698144,0.04205783258360282,0.07292660069295959,0.15470744503017944,0.01639110163837887,0.043478778834623165,0.01465271623314274,0.2321689454010551,0.09374029625030042,0.13091679456657238,0.06296932146989673,0.36892122920854475,0.03861959279857625,0.0593578073365186,0.043955560956842776,0.06437772933549347,0.02878823244697345,0.021058299454592845,0.04381329936824041,0.03370529814055675,0.026879869814713284,0.030832999257389696,0.07065210895941983,0.15742739494490865,0.018214998566001783,1.0000000000000002,0.029765582762326413,0.04407328222969899,0.043265117667545545,0.022722698865472308,0.014605481666452045,0.0318672993501003,0.028485706923930647,0.03574256416795578,0.046882479961929555,0.21898046759578832,0.08751850126377023,0.05023818763148903,0.06412470691606556,0.05596073476284261,0.024707827909882206,0.009541485215403812,0.05430330910285856,0.20020180956750422,0.03603417857057774,0.011946268139084134,0.024620224736780074,0.04912864859478074,0.02413442551894424,0.020924518343938728,0.06744841700737161,0.033633092469105154,0.38207331482724793,0.02499422847027696,0.1652589799434412,0.02087317837334749,0.06454885809478886,0.05205329082418736,0.07020731727476637,0.02971305041607257,0.014400990887935812,0.05124952464038106,0.02366341080235873,0.0898556215150222,0.03988205497771398,0.017370317880336807,0.03809135347101017,0.015235282589033772,0.05180805645976037,0.051822964969080156,0.031414296093248494,0.02613646162960097,0.014751058152319009,0.038045972689525,0.04410660773714148,0.06741019082769481,0.20456037984612432,0.013928129528822178,0.05721876339643634,0.02389017774581548,0.03913739516607996,0.04550522119303585
https://ge.globo.com/mt/futebol/times/cuiaba/noticia/2026/09/10/cuiaba-volta-a-vencer-por-tres-gols-em-competicao-nacional-apos-dois-anos.ghtml,0.04877463185177299,0.06687358570039297,0.018827597081679227,0.024430454459724915,0.06916488170910104,0.04095639784990812,0.023374252348876554,0.02241555017949949,0.032858528720797926,0.023602944797484187,0.07264122036639464,0.04617646750175649,0.05923356603459219,0.10545353334234595,0.010649878760802506,0.037149702520309025,0.030378332140404935,0.04943122435729999,0.011748376247200994,0.02167314883184312,0.03346340408028172,0.017366054186861785,0.0426482574110227,0.06619507550048373,0.048319467100051396,0.019325207474760277,0.017932515625238295,0.042534611143786004,0.016389601990620284,0.04263367783999906,0.03669229593779506,0.06899800453325691,0.07670181878245581,0.04832453625963549,0.04723236413110529,0.01029156004525895,0.03183287908986247,0.030102826363010468,0.08899092989612523,0.04533613010044839,0.02380293227295409,0.028204582808989426,0.012362469493841923,0.029765582762326413,1.0000000000000002,0.05676497495491446,0.05021379510129261,0.10599378950021623,0.016718993340122716,0.02517183485907593,0.0307333790834758,0.021194790317958387,0.06347227519359123,0.019872889309076977,0.04619271739353459,0.010472868546626409,0.017831249915362862,0.10549801549658246,0.011586507791508686,0.018134223757054136,0.06122237270986112,0.022366589331328884,0.07031303207119163,0.035122064692716774,0.022885393027322995,0.05773380364157961,0.0190147796251303,0.05790780993086434,0.05632494574808097,0.025652112117692204,0.022963669235068804,0.11286019051888996,0.060696296018547626,0.01266045347380772,0.03375023091186549,0.05132399474991444,0.023422558711165248,0.09959203922686549,0.0023166026065614895,0.08876985425451117,0.016653123903070912,0.05342080293321992,0.024761347963891227,0.03659794809289016,0.04193844707446404,0.07233649413688216,0.018422184041767865,0.045170111684944,0.03649051638404521,0.023340210941999086,0.05138711745842263,0.021643998409346166,0.02222636856973298,0.05057834892775118,0.02921192613559412,0.028695784373984484,0.048070649846366255,0.006702747274792903,0.05809649185962011,0.012878531442245399
https://ge.globo.com/rs/futebol/times/gremio/noticia/2026/09/10/ex-gremio-kaick-vive-ascensao-na-mls-com-dois-gols-seguidos-e-titularidade.ghtml,0.10997299496794787,0.05703190029983776,0.08000527817119427,0.04616991809871204,0.04325078272965017,0.03436843677336724,0.02879788881200161,0.04394283670241248,0.04251630035282579,0.05661483754731834,0.04780831253949702,0.04032698429905582,0.09275349018747604,0.09108325237866229,0.02539257574333825,0.016506627797183548,0.04815039190041334,0.03631749050601579,0.033168797214277936,0.045769225602725304,0.041476188904567036,0.029666281180514766,0.021355885214182913,0.11959740139195678,0.05319648750915395,0.03355813105086802,0.04992783286060265,0.06279090914391956,0.034549699516129455,0.08130786013935441,0.07601417969323351,0.0532999351015347,0.059598187675072925,0.054488554356141417,0.04661004402049401,0.04074118905680428,0.04514542404530935,0.03891683674415035,0.058576665649884924,0.04291965009377784,0.0295004790375462,0.05459190565853258,0.025167665529189923,0.04407328222969899,0.05676497495491446,1.0000000000000002,0.06837706096854301,0.036965702067193906,0.008888218408500483,0.025052830669857893,0.04292438335708051,0.03550532348953087,0.06736013235266633,0.0451577787826865,0.07370575376763688,0.0374565410133334,0.03397074450720992,0.03856414254448093,0.03551038890613865,0.04950418428996667,0.038590835950099246,0.051595818621837077,0.06449818330445274,0.02411285020330803,0.04368327418901422,0.03364897665361683,0.012047572875829044,0.04883132214500866,0.025208698482667477,0.05013386836598342,0.04135133127843785,0.02770071505596611,0.076418855850014,0.024685583692661182,0.04868462259447364,0.10529439107461246,0.037486098653516625,0.054043050710268464,0.0052235746035988045,0.05199410968397412,0.031193547029780177,0.06324066926904234,0.027945692467752352,0.09993461911892845,0.03673424131823509,0.06226549913020923,0.029046352506456152,0.101538875471903,0.03781333132711145,0.04874543633846981,0.025842672913646378,0.04607202586005552,0.04263899397510786,0.07555274393402892,0.03514211580864558,0.04638605217997836,0.1188538786537616,0.04192441687583423,0.054734568892550794,0.023873021614259197
https://ge.globo.com/futebol/times/palmeiras/noticia/2026/09/09/deyverson-agradece-carinho-e-sonha-com-retorno-ao-palmeiras-terminar-a-carreira-aqui.ghtml,0.03181650150721073,0.08168546999579364,0.03867973308742167,0.023714734027592676,0.021944999431885683,0.0376604710018295,0.02709988398283355,0.036701283946926025,0.06973246879799719,0.032106490216082285,0.05668015112118848,0.06804860539124835,0.02375082178109937,0.0954962253230266,0.02851986801916244,0.0390051852610613,0.06595537627607641,0.038493607593168264,0.030129466028908775,0.2146445805180185,0.1925214620003471,0.03799797565315248,0.033567003365565284,0.07397150079338666,0.061790632107394355,0.018077971944693426,0.23155663247916497,0.3049159459217578,0.04587608859263037,0.08585854929718431,0.03567607350040753,0.07742705831823951,0.03279126406791116,0.06504306609576473,0.09561100280169851,0.019698459667518427,0.25983227677584136,0.028293383422879147,0.05693889804449667,0.20315028789955883,0.05626085600501217,0.045043842871812435,0.021417028953721294,0.043265117667545545,0.05021379510129261,0.06837706096854301,1.0,0.04360470850052404,0.022210783111429832,0.057789846923553996,0.0663206366615149,0.04484754932666239,0.05549575898119039,0.04089651694664883,0.045270420643373395,0.013549158972409357,0.05632274378406725,0.04925380230428044,0.018055987986599954,0.03840534697574186,0.0823309429996901,0.025862835841111792,0.08992480776065072,0.012898380952368763,0.04133187340930166,0.028764606639515414,0.028999514561239708,0.2831326994708303,0.03793416015535331,0.02654383413321792,0.030519896499883736,0.04688697331227348,0.07434785293651526,0.030657888760195085,0.057373158761762175,0.06707794794123428,0.07855172814076235,0.039002368592283246,0.01991155061279484,0.05028444266774968,0.033695858169660496,0.09320012290453601,0.02866600266867867,0.03793083856554523,0.053850792441163496,0.05672275934127922,0.02239699035964407,0.07007902501401816,0.41897754354921435,0.038099668835276844,0.05006200342525316,0.025517644352403845,0.07215893843598475,0.05568396218931003,0.02643210978334596,0.021047980711054175,0.08509229264754675,0.020535706454244455,0.08525059146198535,0.02334542856169627
https://ge.globo.com/sc/futebol/times/avai/noticia/2026/09/10/presidente-do-avai-fala-sobre-ultimos-dias-do-mercado-aberto-e-explica-tramites-da-saf.ghtml,0.04630589973289419,0.057488837641542855,0.00970799176849224,0.014233548599915595,0.02208084756770041,0.04608674622056887,0.011709885491714334,0.011846739384472931,0.03439774510149787,0.046472010328480716,0.039282161343566734,0.035261046180108314,0.02081376499491336,0.02365260005045699,0.031346214567077896,0.02633955352170397,0.03764078130329888,0.036655289229093495,0.044093263730353355,0.06099452161433424,0.10298277913895912,0.05930413670083645,0.017442018153746252,0.06181191604315726,0.02884066141652545,0.01600938763323991,0.06683744915588737,0.04619430344964752,0.04939984906934911,0.03654278112501869,0.026382612845167838,0.04256736688771065,0.25634675000728685,0.08258379787779613,0.040342532636730384,0.041609404384799584,0.02182369828008968,0.030818402610473555,0.023030494038840745,0.028198213229313814,0.024771001541998197,0.027540818435253904,0.008693161438720483,0.022722698865472308,0.10599378950021623,0.036965702067193906,0.04360470850052404,0.9999999999999991,0.010624365960807378,0.07950483412159438,0.07196187259904253,0.0743556422512889,0.0090425761417388,0.032881763306551556,0.052471536759230594,0.033001963436428236,0.08342672301208645,0.025531660944317316,0.03521089268832564,0.007396414687930036,0.05826628769971155,0.02556857153122267,0.10491874637034938,0.021809165479444656,0.03927039352503439,0.028331945153575948,0.03682860703494645,0.03656572032590605,0.05329140927055229,0.04297470377514884,0.033758656336725715,0.07206567735079962,0.06264562463546909,0.02593460136430787,0.013511129958700904,0.03126840704421946,0.015318531317111438,0.021468170132350174,0.19502558846825846,0.04385096333301017,0.03725011556239647,0.04532559359691821,0.037678154678645076,0.041515355331006996,0.05534959005495638,0.013908234976806334,0.043421532458303234,0.053609888452893606,0.05415056369046742,0.03398582135085073,0.018632121437142275,0.04583881370066621,0.0373449664201789,0.025142007073298035,0.02819323569232902,0.03838310099839767,0.04701270959871191,0.06283633792159143,0.042887900582028134,0.031353019547647756
https://ge.globo.com/futebol/futebol-internacional/futebol-espanhol/times/real-madrid/noticia/2026/09/10/jornal-vini-jr-recebeu-aviso-de-que-ganharia-a-bola-de-ouro-de-2024-vencida-por-rodri-entenda.ghtml,0.005042559870845492,0.02046618078476464,0.03620296924009461,0.007453891050810228,0.004104198811863317,0.021514689069487367,0.016669826005737277,0.010446607129973518,0.01273723109464587,0.054958482182878965,0.034980546321046066,0.029528712519723145,0.0030969355955396674,0.018685898019643987,0.014800755836521988,0.007592506261467172,0.017882559599360838,0.033211313293659034,0.011004641493718064,0.016670280140924303,0.021760351624258115,0.024526997783615674,0.01920907916384223,0.022525738694617627,0.012125694935826095,0.07388125437005379,0.035496041033186876,0.02168620939535557,0.04258229763994674,0.016690343843153432,0.020543294001331022,0.009312029405354838,0.008445886091356936,0.027531890110399932,0.043489572463810994,0.004901928947223407,0.01164529513053551,0.016906014003600377,0.10062602130239173,0.016064394593804703,0.028400778903759152,0.025688643499399755,0.017707126921567295,0.014605481666452045,0.016718993340122716,0.008888218408500483,0.022210783111429832,0.010624365960807378,1.0000000000000004,0.008076716944534408,0.02649008973207393,0.026675397999947784,0.009500565542519332,0.013171925462456144,0.010778052070510023,0.013743636538845166,0.007903859990586804,0.0030161302129118888,0.016431613836702212,0.014427458701768998,0.009832488143516819,0.02206254837527443,0.016271184864632523,0.010203134924861199,0.01710414669927498,0.025807703228982216,0.04490979031490504,0.06508025884780859,0.017161783626690106,0.017603014572496398,0.012933175817395181,0.006437306739695618,0.009382397629160696,0.015679171937661596,0.03996982237972269,0.0063867898534916995,0.02873736038343409,0.013845380330633318,0.0047665525859020745,0.026402555590532773,0.022455878573464823,0.02463292281095364,0.010862638948737381,0.009006200949536945,0.04719925458972492,0.016488201304806892,0.022484283809397126,0.006472838389510198,0.01652221413758633,0.0075201838935448516,0.006786464502033119,0.02501906547702944,0.019757589003029787,0.00428285157214143,0.0056117698029982035,0.009844200315612202,0.02637088382274618,0.007253037506874095,0.008574312523767667,0.019873369693833774
https://ge.globo.com/futebol/times/corinthians/noticia/2026/09/10/kaio-cesar-admite-incomodo-com-atrasos-no-corinthians-mas-diz-nao-pode-pensar-em-dinheiro.ghtml,0.05943138886430093,0.4019886489570125,0.014300514851166691,0.013212827541854225,0.044369392576093895,0.03180558187730594,0.04005410788029323,0.029126249666320034,0.08951223364998323,0.011853598570767164,0.02699526785755833,0.35315993809078094,0.03575997977695704,0.017505595658106655,0.05328936555494329,0.07951822378989092,0.1086681213803316,0.06513394082645309,0.043609806906141364,0.04278986624105467,0.062354836239892186,0.06536999498532615,0.25809681548116464,0.0955405655637099,0.051169184137607904,0.012759836068262273,0.0332007998773437,0.07231343318429063,0.05805557546917873,0.053915883417776485,0.04095767007082168,0.04192125497546499,0.020235270247867563,0.03978195159322983,0.2318643331612713,0.017118163053660762,0.06993794172684514,0.03446410681354084,0.03988541751179952,0.07848109643081273,0.2620049205899061,0.027848968251590552,0.006279843337719937,0.0318672993501003,0.02517183485907593,0.025052830669857893,0.057789846923553996,0.07950483412159438,0.008076716944534408,1.0,0.05976849396782549,0.03365878706991757,0.03406518163791376,0.01730282016096768,0.04097462242762382,0.013230820218521532,0.11662552273531522,0.07692518379614237,0.007311179996939192,0.02399712069776973,0.39409388668646517,0.017377449953812834,0.0925118926322542,0.02089839603112727,0.023057809443151812,0.05557546458255323,0.022874940850667935,0.06357038952264069,0.0821298083586411,0.08151472209570687,0.04826692780173775,0.029479887602265643,0.06939033417044471,0.021809546339156,0.037920242404733094,0.033141868611679795,0.07006630891208265,0.04977312255933974,0.02759187053059803,0.06420466892646605,0.013711786530485236,0.08536919459839379,0.03170541048222422,0.042525913378440985,0.06564973695308621,0.024549781836312113,0.027494685004983192,0.0279284927135919,0.054985033358161454,0.061854645000992366,0.038078992406932265,0.02054288893009621,0.03687947933713318,0.0387520476527452,0.12302288559568716,0.008929496363301809,0.05025073391810672,0.02038896882443752,0.3456815710621896,0.009064074352138319
https://ge.globo.com/futebol/times/vasco/noticia/2026/09/10/lescano-e-apresentado-como-reforco-do-vasco-veja-respostas.ghtml,0.031724164765104715,0.06922696849785612,0.04427167829593533,0.028905015304804722,0.040196820711503954,0.07701934473229256,0.013308658178368887,0.02184615155774639,0.032124147125927385,0.052809189966642904,0.08696103821998298,0.0435818565012479,0.017588866140475338,0.06269857235875875,0.027274966581023095,0.05042879127484179,0.06849772832790328,0.07165825557876743,0.028787083748132568,0.07095370677225846,0.10184676221796145,0.05768810959607036,0.023392994147167917,0.06905036260207092,0.10460553414242293,0.029387033278733318,0.09709452948776837,0.1115506946227639,0.03580038162907895,0.08824030893461428,0.07761708949039207,0.06836678148932716,0.033558946386906666,0.09967776756257261,0.058935754871814426,0.01573329411137684,0.030073940309361676,0.40395829455232307,0.09479002953466467,0.016984878365427766,0.02102018157158857,0.05493870811376085,0.015876714553884598,0.028485706923930647,0.0307333790834758,0.04292438335708051,0.0663206366615149,0.07196187259904253,0.02649008973207393,0.05976849396782549,1.0000000000000002,0.1557979590243316,0.04512204050274391,0.03937649243777758,0.028122914604059114,0.013133612431422947,0.04013420588713365,0.02697973760154817,0.1257690508708007,0.01977746834087802,0.07245588785454107,0.028564369878564446,0.07082664702719774,0.024185723770879755,0.06296820939954406,0.05379532373884515,0.07887945935119349,0.04697608396855609,0.033648482481000656,0.07978235519102003,0.040288427980430204,0.024508166123091642,0.09665993184789086,0.13632809981897945,0.05417202521955228,0.049479759044122634,0.0406146125561228,0.03966261440432828,0.0387641474905918,0.0747527079710845,0.1485631866594743,0.049127033451032705,0.024076672843379856,0.4243705894740117,0.0707286017355666,0.034281598746136746,0.026494219924219225,0.044385154192000134,0.09424257954101208,0.021931860965895028,0.029555707672845252,0.048624317802327906,0.15182047098514084,0.03388211617108785,0.06349115745206092,0.03727828977963358,0.0553809243320184,0.02110394113323914,0.08944347209075751,0.0320604045056947
https://ge.globo.com/futebol/times/vasco/noticia/2026/09/10/entenda-o-desgaste-entre-tottenham-e-richarlison-alvo-do-vasco.ghtml,0.018010150843342346,0.03306390628919285,0.04502076328928759,0.03230420767389141,0.007246310209717987,0.06477672263613543,0.03981555670635807,0.023816227075398703,0.045255802827851556,0.15613622618737474,0.03411097759871477,0.042598765785655544,0.013385188573601482,0.055202980016567364,0.05644007090137561,0.042940605114462134,0.05659172658231535,0.03627423693458775,0.028512563413776962,0.06284775824635815,0.07091648783624617,0.04630948488334607,0.02145495517692195,0.07943262238201113,0.0459281690145924,0.018823299131380315,0.06255268177170299,0.0596799087530091,0.03384294676519954,0.06209461333996172,0.0488623572017517,0.07006944777949883,0.0492171279819934,0.08341270884508925,0.03362758593251072,0.023972382513858612,0.031953033329154945,0.07962059274192465,0.06635435838956633,0.026292492073254133,0.033668924151049655,0.06495632900167561,0.018401271985863568,0.03574256416795578,0.021194790317958387,0.03550532348953087,0.04484754932666239,0.0743556422512889,0.026675397999947784,0.03365878706991757,0.1557979590243316,1.0,0.03155146268792795,0.03931042530077762,0.03481771941983315,0.042855029741533136,0.051574822696195864,0.005678350183190926,0.1691103020376789,0.013538080062290486,0.040014324968340974,0.025982405927471423,0.040765113197579486,0.025076112948351853,0.08079551817267133,0.11186916007045006,0.08381565111451114,0.028779560156771446,0.021559749469168447,0.03972277888494412,0.03416083919034586,0.02238286563520906,0.03809452199487891,0.6562940672016088,0.02723862109942722,0.028449348669741328,0.023649733854730254,0.01794916890495551,0.03919485333513482,0.05106136405618663,0.5372327266171429,0.038084882561990864,0.022934530041721548,0.20972784348730567,0.04900321495859741,0.023075838630507287,0.03395743863745954,0.04056995804475117,0.05988815643526191,0.028595727833490354,0.0331081279475806,0.11154581255352836,0.5503439839821163,0.02073471003373891,0.02669818912400484,0.14581964100123446,0.04497472323283801,0.03302051237191284,0.0518749473409906,0.04309126275437482
https://ge.globo.com/futebol/times/cruzeiro/noticia/2026/09/10/pelo-cruzeiro-matheus-pereira-atinge-temporada-mais-artilheira-da-carreira-veja-numeros.ghtml,0.023247634437224145,0.054557546007227675,0.19408644879518702,0.02369276860373085,0.03344671362735662,0.02610552706878312,0.01957918643912346,0.03824418727651936,0.04095207940321,0.040768312106490276,0.0534905509198935,0.03625613062629788,0.03105039171008881,0.11985859847345977,0.010484247030417965,0.012334917219665379,0.050865347750750946,0.03156402081451461,0.01266939368306611,0.057365958706329934,0.026736889364029407,0.015725467988878132,0.019931116010137424,0.07778944335196158,0.031188704199380073,0.01153536956237822,0.010589576136459833,0.04954375038715604,0.0021947576219830305,0.11116513499376719,0.03935832143532263,0.06708798002313622,0.012235008598394975,0.03405157501974107,0.06198626773634745,0.007350387456362072,0.10712913341712813,0.05826522279096547,0.05934373581877757,0.03727798933403722,0.01854505686794592,0.04951422560770198,0.009441644546120996,0.046882479961929555,0.06347227519359123,0.06736013235266633,0.05549575898119039,0.0090425761417388,0.009500565542519332,0.03406518163791376,0.04512204050274391,0.03155146268792795,1.0,0.03955606201399274,0.027918949036514325,0.01854196148367069,0.007331688392156763,0.05394594897205635,0.12167177237050736,0.02154470111340617,0.014726084478453284,0.024937364636107774,0.03095302565986141,0.0166361438934492,0.04043280253799023,0.07743774620825951,0.015137007154182779,0.04955546577491628,0.18499970508497499,0.018343599465345303,0.02694051335179761,0.010830213531228365,0.06732812026380815,0.015369198791188999,0.0730485641989155,0.026539756242995358,0.018189477473699374,0.07677954972520269,0.003677984299568528,0.0458808940189247,0.02486345847483596,0.06459633177803387,0.05812590959425515,0.11258602725325029,0.05029742601327039,0.05883846129345865,0.20366153909742296,0.01743859019731244,0.016764734216171084,0.1358524445598626,0.02275441106272576,0.054366663305784435,0.015199113202713069,0.017360045398038808,0.014570174235188676,0.03370984089371063,0.027552299200437523,0.00949405759177333,0.08828108612287983,0.010942472496114434
https://ge.globo.com/futebol/selecao-brasileira/noticia/2026/09/09/zagueiro-jair-cunha-celebra-primeira-convocacao-para-a-selecao-sonho-de-uma-vida.ghtml,0.033149372537612735,0.018835852271607313,0.12441700844274062,0.04345776900584254,0.02688583815164711,0.030769428344503382,0.01815113650027962,0.05789529807593191,0.03031344825655547,0.04104470104064267,0.02388216583162189,0.022587606474957552,0.04415749384465374,0.04446859874959987,0.02625915776214597,0.014950065483019758,0.022431403853252357,0.03203603984071271,0.03260371709314678,0.03655123262456253,0.04089326155166973,0.6277176375379929,0.008525647206576815,0.05293569246138887,0.05755798736356371,0.11000410162275764,0.10717196016357845,0.08025496613649295,0.028313264197424522,0.06521243608572655,0.056106552544047665,0.03084023581820516,0.041822011443408455,0.07182901353347136,0.018392629666269165,0.026168958640539988,0.029380712436463383,0.03464031353340532,0.026913811666336086,0.02125022849073184,0.03309440358041479,0.1403997351982712,0.027562955708181507,0.21898046759578832,0.019872889309076977,0.0451577787826865,0.04089651694664883,0.032881763306551556,0.013171925462456144,0.01730282016096768,0.03937649243777758,0.03931042530077762,0.03955606201399274,1.0000000000000009,0.05288598509975286,0.02739734676067673,0.06391765757532794,0.06440888268012765,0.10766581994714831,0.013261724421629883,0.016154294590210498,0.1595385726499357,0.05649796691481292,0.02660226166652007,0.0847266938593688,0.0772515066909264,0.020444024503508254,0.028038700150024853,0.04394763175324833,0.03288374834977397,0.1565846427089876,0.020066927574151038,0.03229763863971482,0.04068496258561985,0.03511704139625801,0.06575940750301482,0.027986242915425917,0.01558271576590287,0.01925530975813436,0.05015898200380613,0.036244298020252315,0.030499557597136736,0.027015934917977796,0.031258994336007845,0.06471365178714963,0.025214977061461193,0.015864374577165306,0.06518085488280041,0.052641365891728444,0.013384994590230327,0.0374739298046151,0.07122587753531594,0.04292150292792738,0.041947262560692894,0.17820047287485197,0.06702142737129416,0.07795152104793358,0.027711173821490614,0.03167349325476241,0.04766034823475826
https://ge.globo.com/futebol/times/fluminense/noticia/2026/09/10/atacante-sul-africano-do-fluminense-e-convocado-para-a-selecao-sub-20.ghtml,0.0734974275287735,0.050956757480962935,0.07727777938373022,0.02946365039872099,0.04448291590137035,0.01713420834207342,0.025384413335361285,0.026750962031532398,0.133188250453231,0.02828379837323587,0.0334155663960448,0.03517873088511899,0.030834698074154725,0.024533711158200674,0.014081414878305349,0.022720566903028244,0.06701434526663047,0.03452654046751749,0.04189360726540311,0.021715394011313782,0.0291484099357091,0.030837297684847505,0.028843444616366627,0.23481092612975263,0.030323012900968057,0.03235163281828353,0.04838280460038856,0.07855613145486433,0.041808338161282266,0.07346337709821542,0.21078837196137185,0.0426221646274967,0.05764067090447552,0.04682625992179533,0.04206441495594522,0.023711669960522416,0.018188630749901888,0.02582427099165019,0.023656469746118503,0.029216339722103492,0.03272850593104338,0.07329002065598454,0.02140737031706119,0.08751850126377023,0.04619271739353459,0.07370575376763688,0.045270420643373395,0.052471536759230594,0.010778052070510023,0.04097462242762382,0.028122914604059114,0.03481771941983315,0.027918949036514325,0.05288598509975286,0.9999999999999999,0.01524434939645333,0.05433498551062137,0.02838518935714287,0.05207509512197181,0.0201755456734433,0.02297984820938424,0.06665871504741985,0.06668601901433792,0.01088712992175173,0.04346244353129476,0.02508398430168792,0.018248512002257508,0.03918303648415312,0.012665341161612095,0.20720259543129202,0.05126087849570495,0.01625107249956912,0.04808211932015088,0.04425262022296652,0.04124301780461407,0.09767538844081936,0.014828152899283999,0.0008020913098203124,0.012944971554928008,0.05282999017185764,0.03583718094971754,0.06433035495066582,0.01873136052067947,0.023522407115216446,0.03018315906711605,0.03541174644177653,0.02212500788713229,0.029861079239001817,0.025053177567704456,0.015985021320222864,0.015326092991623845,0.020818869404333883,0.029837389338961694,0.033004116215489925,0.08625935213948517,0.028597180705457345,0.03393788369454116,0.013537718669125433,0.045891016521290316,0.02497632093036737
https://ge.globo.com/futebol/futebol-internacional/noticia/2026/09/10/federacao-da-franca-retira-apoio-a-reeleicao-de-infantino.ghtml,0.01812398688415045,0.009536150863221246,0.02004769797631044,0.009685709990530873,0.015354926464283864,0.01917677564954633,0.019397422293120692,0.018626601155093066,0.016251063845751534,0.03061521134509202,0.014869439925394677,0.01133774555564747,0.020489238188816216,0.0151880408805318,0.011026689985664362,0.009576505757927744,0.007641040690280623,0.00691105309183106,0.02848620532433389,0.03411883693019701,0.025328006275069533,0.02311999267254509,0.0399314490941627,0.03599004684301352,0.007361844472288884,0.036983592997294826,0.02103684292816757,0.03237332349267135,0.01675448470759358,0.03661563780048153,0.023370435103000815,0.012571499095967394,0.02619361085117264,0.06338612636659184,0.008585881156259509,0.03602987076939867,0.012706792822329581,0.015519739698266007,0.008314369013865706,0.035605516201314746,0.019169996714789056,0.03991626908454669,0.014484924394460447,0.05023818763148903,0.010472868546626409,0.0374565410133334,0.013549158972409357,0.033001963436428236,0.013743636538845166,0.013230820218521532,0.013133612431422947,0.042855029741533136,0.01854196148367069,0.02739734676067673,0.01524434939645333,1.0000000000000002,0.04698489627640659,0.029022373145395304,0.017048198853390015,0.003503422949046233,0.009814349012851688,0.020159490214518426,0.029562995359332232,0.0006628317306531382,0.04412819266715333,0.02677292100265689,0.035526512576744246,0.014908297454596398,0.0054875861111270945,0.02573508989913778,0.05452158875197827,0.008581997350774464,0.014730680482667005,0.036911091549014764,0.013412455618393979,0.018001384898610025,0.01385341250506825,0.008090799289036799,0.010562023441475695,0.017077591820794834,0.043017948619000636,0.012561747565111109,0.021106324908331333,0.01896071777351166,0.016384575021666042,0.012227135905872048,0.018610075706635795,0.034413896882882954,0.009008807200423831,0.02855488435371983,0.01761768306989014,0.06648365862613503,0.04387594969611827,0.03208976356553202,0.020692206142479158,0.037285948287272934,0.041293117554783085,0.04976152586992229,0.012138126804736808,0.051424617765311105
https://ge.globo.com/futebol/times/sao-paulo/noticia/2026/09/10/sao-paulo-atrasa-tambem-salarios-em-carteira-e-nao-da-previsao-de-pagamento-aos-jogadores.ghtml,0.014721794075189617,0.010162558624503954,0.021605397324876763,0.2164620979031741,0.0027342684329269133,0.019078278205658605,0.005114584086203368,0.09619898458053358,0.04612296756772195,0.028334064039699017,0.01362541412729653,0.021789161372444264,0.020161950333681507,0.01417762610602261,0.010547799415775312,0.03630638515288286,0.02795483541505616,0.021658401012914504,0.04386220028951446,0.05055151660779387,0.0478547757056252,0.035377310412969654,0.03533438198456343,0.04492222700274815,0.018330114080973403,0.021844600796078233,0.0670260118627258,0.03228250314986854,0.04527679830340463,0.03252424362738401,0.028504971136708634,0.013319803866129333,0.081404027026148,0.0962433121346695,0.019763301203143263,0.18702761254999725,0.05145105856855941,0.038689468982398834,0.010516130294663974,0.03203855234252791,0.007397566301252152,0.04392651088180767,0.03408842553066467,0.06412470691606556,0.017831249915362862,0.03397074450720992,0.05632274378406725,0.08342672301208645,0.007903859990586804,0.11662552273531522,0.04013420588713365,0.051574822696195864,0.007331688392156763,0.06391765757532794,0.05433498551062137,0.04698489627640659,0.9999999999999999,0.01824033823107981,0.013542343010355964,0.007457539700481353,0.01569883083714066,0.029651352752399836,0.04225690406218861,0.010110359656473332,0.03862943968963127,0.027040490959649048,0.020952470724949095,0.0318681214955119,0.020591370363520534,0.03110628776444107,0.04296545374124021,0.024757177210433294,0.04454222268409728,0.026038797571372542,0.01710871321079094,0.233659042423884,0.30815687606713793,0.006918069382162072,0.031177262496014695,0.03625099741401564,0.041891929366215094,0.025564882013673944,0.026345545842141823,0.03564196192217039,0.02633903919299147,0.008113344462809377,0.0582198798857296,0.025998878918137833,0.06300019940891166,0.028857209481456775,0.010347248844764541,0.021965902360702574,0.04018371925162709,0.02279807155511179,0.03364782872885774,0.035799208016098025,0.03859294686258474,0.15602964758464966,0.020020364326437286,0.029594521553764075
https://ge.globo.com/sp/santos-e-regiao/futebol/times/santos/noticia/2026/09/09/santos-2x0-atletico-mg-assista-aos-melhores-momentos.ghtml,0.06103705735721375,0.1148231609610617,0.022491900126328047,0.008457752633302063,0.04486125433125069,0.03589845627242343,0.10293116466748478,0.044428440390286414,0.04847480419527161,0.008464546343746486,0.045213549994896726,0.04176564586983884,0.0673507927346285,0.0642232886418133,0.05337142282701253,0.021507677837253977,0.0574790892040743,0.1752574125121386,0.013902310005770413,0.023772385353400143,0.014846620336782867,0.031419675804973346,0.04211763933601788,0.09094820405637698,0.03618064718154725,0.01987340529625682,0.047774938381307516,0.0779037766546501,0.00803881880481421,0.05860956720081901,0.03847591329881468,0.05828806747418198,0.005274402747492779,0.03178912590841759,0.06621970159601652,0.004500432893328219,0.04640837800826263,0.020868728492291072,0.04406074256347699,0.050138769235719874,0.06839334938401415,0.052391024077084715,0.007979353286580119,0.05596073476284261,0.10549801549658246,0.03856414254448093,0.04925380230428044,0.025531660944317316,0.0030161302129118888,0.07692518379614237,0.02697973760154817,0.005678350183190926,0.05394594897205635,0.06440888268012765,0.02838518935714287,0.029022373145395304,0.01824033823107981,1.0000000000000004,0.0007474721541677655,0.01169696247762814,0.05996832647687989,0.020177662452291086,0.027581098643303426,0.006016244863816486,0.009155417321595456,0.03697896524951459,0.0026137591691360795,0.08396187155797638,0.03090559870491969,0.02891325533366694,0.0409344356795608,0.021877952363388596,0.05675563262946583,0.004359572349938617,0.05071891126853058,0.057298058157901385,0.03732638201070338,0.2754104887786475,0.000428213608784259,0.19397957264360444,0.002315576959043355,0.060173780673664135,0.033596853341663326,0.026880766037009705,0.024484889083349233,0.07914629875646936,0.0081616353523086,0.0727944374931987,0.03791433854055869,0.04046392145334378,0.17082600825281227,0.020584205491030017,0.03511589679398739,0.04041021519105341,0.03588966746886162,0.007222496001319701,0.11608203130138121,0.01602435481604234,0.08022809020286559,0.010859475830474693
https://ge.globo.com/futebol/times/botafogo/noticia/2026/09/10/al-ahli-recusa-investidas-por-matheus-goncalves-e-frusta-botafogo.ghtml,0.012200560443253863,0.010183122147273103,0.029675398951053054,0.021585398752992525,0.0035621144942727706,0.019662424602526457,0.00562053529305857,0.021629258508605517,0.014311400143170196,0.08347086913109009,0.013315254658824691,0.008744268629332648,0.024187748148761092,0.02837715875067963,0.02133188990869371,0.013790621148292579,0.018087929123891944,0.0117377365569263,0.019927199707622516,0.03235622802521417,0.023629170829249972,0.0626354351152617,0.00507423102923168,0.036976885456194396,0.19516110956889218,0.005044370834479195,0.08704524853773798,0.020618646479620747,0.020914676926774504,0.0461041554622781,0.06433915231020519,0.030743101419923938,0.032186165046199255,0.06186912316421736,0.014657504889067311,0.024960708435727574,0.04570477346345042,0.1081118028330629,0.01228271897374616,0.029880539320516056,0.04597494921732238,0.2704496823105357,0.013261454251727155,0.024707827909882206,0.011586507791508686,0.03551038890613865,0.018055987986599954,0.03521089268832564,0.016431613836702212,0.007311179996939192,0.1257690508708007,0.1691103020376789,0.12167177237050736,0.10766581994714831,0.05207509512197181,0.017048198853390015,0.013542343010355964,0.0007474721541677655,1.0000000000000002,0.006870435197242627,0.004084176558580353,0.04393251292368228,0.02043789791473475,0.011040484189480781,0.346493809758444,0.037362865534084785,0.04017914535767581,0.013409472480482885,0.032503492397210315,0.03746098357967495,0.012089828980290299,0.025688150426533246,0.017632026554243715,0.16954228730042642,0.016292932806943244,0.016006204402831032,0.004938770001218324,0.013187643845272948,0.010548691845122735,0.011065789109632096,0.16381660679563562,0.016143840945422885,0.0349464581320079,0.23032713564409626,0.018509462806654844,0.007132033101997157,0.025156138183671142,0.07778013642852115,0.021157785868669173,0.034869419795369797,0.012438813415516791,0.14362373705341794,0.17087022632593704,0.01694019502439932,0.011416114588549244,0.02495439894767619,0.04018562676614485,0.0474589880430519,0.012458343172208631,0.012654399420220203
https://ge.globo.com/futebol/futebol-internacional/noticia/2026/09/10/de-paul-e-lewandowski-batem-boca-e-trocam-empurroes-na-mls-veja-video.ghtml,0.014699302158375352,0.04476262318468863,0.03281787761526733,0.01831648124349909,0.014600346643448845,0.0346646914619243,0.02304413933086644,0.0034514279687158905,0.019089674201574123,0.01691917549141934,0.03131964484988694,0.05189959335163546,0.021476719973444695,0.07828147716053666,0.010247123512288209,0.010793116476749395,0.007735792260832993,0.056232080454303925,0.011262290930585797,0.009684290178852382,0.014201947107126677,0.005631758104001371,0.007952860838555561,0.024397313863387504,0.01894531523828653,0.016414154314646812,0.018657490247351072,0.016267262432537354,0.010928665308937727,0.03743088221935248,0.010060424319464469,0.05970206972140468,0.013732734597364002,0.020106861189231558,0.06764853944681787,0.006272828731263099,0.0041528723673569115,0.02083072081805142,0.042020547576720274,0.031002070799287865,0.02443688868823766,0.013225672694343792,0.00577994459929514,0.009541485215403812,0.018134223757054136,0.04950418428996667,0.03840534697574186,0.007396414687930036,0.014427458701768998,0.02399712069776973,0.01977746834087802,0.013538080062290486,0.02154470111340617,0.013261724421629883,0.0201755456734433,0.003503422949046233,0.007457539700481353,0.01169696247762814,0.006870435197242627,1.0,0.015501227279161946,0.012881248429673729,0.028578836575456203,0.03133316814440818,0.010624259602344274,0.022207483021345446,0.04756966755707575,0.044032150802023905,0.05309723032006822,0.013815423113491059,0.015501349467953212,0.0197318656084411,0.008039404760525356,0.005346758458346504,0.04859137349478935,0.035368175204421586,0.027772920600896575,0.02229870229204359,0.004786711148789348,0.03559125348037907,0.008503106898883638,0.0239405222161343,0.014794579645690652,0.019877745906400915,0.043672295727622004,0.050199482453553136,0.005206003938964731,0.004315466804689484,0.02152235836269525,0.04406806315349664,0.021378860882143934,0.021993175114744086,0.010870859720509388,0.020060300655394683,0.016059154417971587,0.006905019587982456,0.012360471347649062,0.012342063510429345,0.03438704316345718,0.008685275317887998
https://ge.globo.com/futebol/times/corinthians/noticia/2026/09/10/diniz-elogia-mudanca-de-postura-do-corinthians-na-libertadores-e-o-que-a-torcida-merece.ghtml,0.03204263954244697,0.4028155700456761,0.024509154716837758,0.008892687051893224,0.016731209927999632,0.06124191914316539,0.06735521085600844,0.05099078092158911,0.08712205540319187,0.024671990533030298,0.037468550630339215,0.3676621450129761,0.061746417085325495,0.03373744478852777,0.06418233733452855,0.07843684989792654,0.10983117447276901,0.07335767515939186,0.02875365143453014,0.049893675250762964,0.08614373011323838,0.03577696927415221,0.2953189352702429,0.09518607654042766,0.06457886008589135,0.03498326101994333,0.05504073698926987,0.12350696881374976,0.053457604018550535,0.04291730275100529,0.04349851284594588,0.04420950741676253,0.01960272173616004,0.05160015852669932,0.2370410034434698,0.016770055843788382,0.06497736731866939,0.038042879212275116,0.052472341738360004,0.10064167234793052,0.3070336433662831,0.051917189474055006,0.009130060535518018,0.05430330910285856,0.06122237270986112,0.038590835950099246,0.0823309429996901,0.05826628769971155,0.009832488143516819,0.39409388668646517,0.07245588785454107,0.040014324968340974,0.014726084478453284,0.016154294590210498,0.02297984820938424,0.009814349012851688,0.01569883083714066,0.05996832647687989,0.004084176558580353,0.015501227279161946,1.0000000000000007,0.02614593428721127,0.04968239426150725,0.01780788191444494,0.015354070051457572,0.027881589721529106,0.050475371521477984,0.09536544532256419,0.05336484947080327,0.06401918557042109,0.034714556651338976,0.03610971341981224,0.08317738616607445,0.016852000850573205,0.029619654899025197,0.026300617336231322,0.030996895396765728,0.09251783875934783,0.021909802274290364,0.07659061944718962,0.021636488176078945,0.08515811152236992,0.07813357044114594,0.018495073672898384,0.03810755436513502,0.0294436283308109,0.02732943023350399,0.04923153948411636,0.08388703512186572,0.03547288753532957,0.06997301382255343,0.03400821359372069,0.03831982469825219,0.05454819356638527,0.12128082660735251,0.02593035293492932,0.06522588737300704,0.01920894414475642,0.3432963248280201,0.016916427005797718
https://ge.globo.com/pr/futebol/brasileirao-serie-a/noticia/2026/09/10/athletico-e-coritiba-voltam-a-ter-jogadores-convocados-a-selecao-juntos-depois-de-85-anos.ghtml,0.03567125661702806,0.024384757088503017,0.17389767596516062,0.02624887863799189,0.028247066384983748,0.028077118769405534,0.024739236563012978,0.048026763786971564,0.03783857952235118,0.028038053237271925,0.02573537587146671,0.02107331752491033,0.04484758699837232,0.04190515421292026,0.039015792944830055,0.015567583799092644,0.014524187610198486,0.020152745239554144,0.026955987770756203,0.031199618616750323,0.049474521771026195,0.12544353388993806,0.014838366931986164,0.0543758692069507,0.019397025231756973,0.12662397294395106,0.07586850271667708,0.07356697638157904,0.034971334597547414,0.06634662365899391,0.04714610622846788,0.0250992271964568,0.03571939618450561,0.05424583424892901,0.023284668617592996,0.015011813845507364,0.047606363612123295,0.023513036615518665,0.0284876941386736,0.034720054579268675,0.039768559214265795,0.07462267781663665,0.03703997506880719,0.20020180956750422,0.022366589331328884,0.051595818621837077,0.025862835841111792,0.02556857153122267,0.02206254837527443,0.017377449953812834,0.028564369878564446,0.025982405927471423,0.024937364636107774,0.1595385726499357,0.06665871504741985,0.020159490214518426,0.029651352752399836,0.020177662452291086,0.04393251292368228,0.012881248429673729,0.02614593428721127,1.0,0.05039161291029189,0.01667685856192134,0.04160550657484685,0.03301200791790913,0.010497092722695245,0.0320836326179299,0.027029517355307456,0.017385298841874283,0.16016430744727483,0.02688141571822348,0.049519051789992836,0.021998378905293242,0.04008010958541142,0.07999261876074887,0.022106446808636295,0.022804976134507354,0.015142729684981307,0.02464276794906231,0.01816925752308538,0.05107826353534328,0.4267767753330517,0.03077597252155302,0.02746907061824544,0.03141815057466162,0.025639605793164568,0.05305847605772374,0.030938317266387315,0.031128350044330438,0.020570717030885283,0.023576614237881006,0.02824781704790939,0.0424533855435597,0.18772269872034125,0.0289509468250508,0.0661069476137606,0.018085712199672067,0.018922914621842916,0.0362187243009579
https://ge.globo.com/sc/futebol/times/figueirense/noticia/2026/09/10/anderson-conceicao-ganha-espaco-no-figueirense-e-mira-reacao-na-copa-sc.ghtml,0.1274118966387971,0.08266848233790854,0.05449411203267752,0.051140592404274446,0.09170439580856948,0.05052425526696166,0.037114533238897136,0.051440960415244916,0.07413923290857678,0.05244571108171552,0.06940073252787902,0.04904832773498338,0.07959139524009058,0.05383032685137011,0.02951681462242348,0.03802672198074149,0.040600920114649164,0.05845712373465003,0.03535825772079535,0.06679664737520807,0.08165312357710451,0.09002480203021257,0.023660455514683227,0.11447924054553817,0.04048590646335251,0.040043368701414325,0.049330826161767594,0.048607413710735306,0.05589272117445103,0.07842596505530308,0.06593382522002095,0.06245911129529224,0.05165674354380257,0.08943738016232873,0.06345864384521935,0.023478849510406064,0.07036867000717718,0.03699886730947453,0.0589146767526306,0.06179289412612819,0.03129949622183724,0.05066621697090603,0.023761175364601914,0.03603417857057774,0.07031303207119163,0.06449818330445274,0.08992480776065072,0.10491874637034938,0.016271184864632523,0.0925118926322542,0.07082664702719774,0.040765113197579486,0.03095302565986141,0.05649796691481292,0.06668601901433792,0.029562995359332232,0.04225690406218861,0.027581098643303426,0.02043789791473475,0.028578836575456203,0.04968239426150725,0.05039161291029189,1.0000000000000004,0.03882664035467118,0.0364332056800658,0.07164800723216293,0.04165238993930278,0.05882035689977127,0.07720566458617314,0.07789073631112117,0.03775761384067437,0.05056510791346805,0.08608959350892474,0.020202362423088427,0.04700694748598827,0.05995635917097215,0.04863097862940653,0.02729941339133935,0.04923689752233211,0.06666111548680236,0.03204055134796375,0.08098647179383534,0.03093185483320862,0.03949669918897353,0.08906084212880404,0.04343615531868365,0.031354151901777046,0.06705864876277191,0.06420742152754005,0.028621419774339327,0.03308025756703618,0.039311154848619495,0.05056743995027029,0.05651394926459822,0.055613888095524436,0.04905272764817075,0.07813842645892592,0.02352333054036114,0.05700254018720261,0.03735262110625396
https://ge.globo.com/futebol/futebol-internacional/noticia/2026/09/09/chuva-atinge-tribuna-de-imprensa-do-camp-nou-durante-jogo-do-barcelona-na-champions-veja.ghtml,0.01309395234681792,0.02854068502070546,0.0368664148369763,0.012255126777485529,0.026130492349877583,0.04611433348650966,0.018217475033338586,0.01937848017432,0.03685587903694452,0.05273723249628119,0.2590567864411515,0.033793703257375664,0.018078294236364784,0.24365414381175093,0.024752198951158905,0.0128934247803423,0.01458685916675671,0.028635762957982033,0.03829877196841123,0.012599332342031005,0.018219497195349443,0.010367458701180958,0.006982272254965595,0.034847562740983065,0.014880468200561285,0.03486226687765617,0.02871781974221569,0.020975311114041717,0.022442127120460672,0.02833609853811194,0.026283146288170432,0.302836247687995,0.011582313360505709,0.08798947815823197,0.034951879010868055,0.004899175413238593,0.02469079477418644,0.02157852594624942,0.2145849428970693,0.017773308921910043,0.02202292021242881,0.016743084361772152,0.015463637940392141,0.011946268139084134,0.035122064692716774,0.02411285020330803,0.012898380952368763,0.021809165479444656,0.010203134924861199,0.02089839603112727,0.024185723770879755,0.025076112948351853,0.0166361438934492,0.02660226166652007,0.01088712992175173,0.0006628317306531382,0.010110359656473332,0.006016244863816486,0.011040484189480781,0.03133316814440818,0.01780788191444494,0.01667685856192134,0.03882664035467118,0.9999999999999969,0.012182642314775678,0.067910973187124,0.13474361611391616,0.03165924744820328,0.05684821825862113,0.01963382855823847,0.011046582424880385,0.015096838020283172,0.020127107755227296,0.023776465228182858,0.045697626942157676,0.015780794713068057,0.020211864383189834,0.00341565650756088,0.0012335889978510866,0.020394046035961556,0.01637324632820663,0.02553922197411596,0.0349776875357132,0.00959050226085197,0.04135690037412473,0.029093622813334878,0.007724440484577742,0.007908496551553193,0.02399106963007186,0.011123875317465727,0.012671238490192756,0.01964447920171711,0.022397856427158646,0.022648489983049608,0.015072201065422536,0.021665450131827794,0.022995341886286835,0.008948413363413772,0.026525748178024923,0.02913445730658397
https://ge.globo.com/futebol/times/botafogo/noticia/2026/09/10/botafogo-anuncia-contratacao-de-ziyech.ghtml,0.025014947937403886,0.01802017359721559,0.035902391042523865,0.02689565423245193,0.023228775732483265,0.023948104389109885,0.018963225059509013,0.015341869435463229,0.03694174075350403,0.05453843911082337,0.01739293107213749,0.01242347734991947,0.023218694595510965,0.045001271521501726,0.01883733834268871,0.03989814331483668,0.030369409382252844,0.01250216558413889,0.02870906708670824,0.05037981888505487,0.022723860091990275,0.06691051466180484,0.009164321660916226,0.04702867296512023,0.20052773655208397,0.01660634095438808,0.08632899014192452,0.035603585751413834,0.03041200387353759,0.04002796102987831,0.03035695084063582,0.03956378042727548,0.033135561189554415,0.06058481002679826,0.01590937215936403,0.02199230292036187,0.03615412190266124,0.05660699521434399,0.032967947680949114,0.0247892385467432,0.032789509260563975,0.24816354465946214,0.018548902199810854,0.024620224736780074,0.022885393027322995,0.04368327418901422,0.04133187340930166,0.03927039352503439,0.01710414669927498,0.023057809443151812,0.06296820939954406,0.08079551817267133,0.04043280253799023,0.0847266938593688,0.04346244353129476,0.04412819266715333,0.03862943968963127,0.009155417321595456,0.346493809758444,0.010624259602344274,0.015354070051457572,0.04160550657484685,0.0364332056800658,0.012182642314775678,0.9999999999999999,0.036635177971617666,0.022125469857246383,0.017555892673004756,0.027207475480398827,0.030186552962195752,0.013714481354998415,0.0363543996637446,0.04012714667328249,0.06338074777479347,0.06583834688584872,0.03967227000632751,0.017123800841042713,0.004132048033092245,0.03341587145648638,0.03140880417768428,0.06225225328667276,0.018610903974480748,0.016550326541342197,0.08846618956843122,0.027362390998568825,0.021755453100588285,0.029151876401716872,0.023034452341511608,0.02642183653734207,0.03066722997842284,0.015613011461858235,0.05165593011009108,0.05015205650231651,0.01891670623156296,0.02156939892878926,0.04384175009360608,0.01804084578841695,0.022064793318015544,0.03227659922463942,0.05578453652079811
https://ge.globo.com/futebol/futebol-internacional/noticia/2026/09/10/manchester-united-x-sabah-na-champions-league-onde-assistir-ao-vivo-e-horario.ghtml,0.08403672567962714,0.04319788980795002,0.030697889095790337,0.041961416958380515,0.08858660683029936,0.1696981910653057,0.01775639340393719,0.04716812867986395,0.06413118349275203,0.11337010393461472,0.08339694442441088,0.04214772570814272,0.04137746348719428,0.11189512430057488,0.05293386035706534,0.02721000060245216,0.05093416570858752,0.05785866867445294,0.01480654877817433,0.020749866037642305,0.07137754275297625,0.05666151455419853,0.022663823238511467,0.055531531918557135,0.034378670907927865,0.024151108020073125,0.03232908234978225,0.02277639451034734,0.036278648722654655,0.06823512918084398,0.04962240404770399,0.11946917524632698,0.025372932740112604,0.1495945016936252,0.06312914830529678,0.011681431408728262,0.05301701549489108,0.03457655995599381,0.11367656969929642,0.06915366136999516,0.03597008912824669,0.027155609082232853,0.012839630759562777,0.04912864859478074,0.05773380364157961,0.03364897665361683,0.028764606639515414,0.028331945153575948,0.025807703228982216,0.05557546458255323,0.05379532373884515,0.11186916007045006,0.07743774620825951,0.0772515066909264,0.02508398430168792,0.02677292100265689,0.027040490959649048,0.03697896524951459,0.037362865534084785,0.022207483021345446,0.027881589721529106,0.03301200791790913,0.07164800723216293,0.067910973187124,0.036635177971617666,0.9999999999999999,0.05308611774552294,0.040883635353215965,0.040105245968891576,0.041182849223619256,0.019082216477109854,0.034337614502776476,0.09056835912811556,0.06225166344399605,0.1780261462463831,0.05561705887232612,0.031148047070186532,0.03268151619925459,0.016664871601013556,0.03548920676509762,0.05361208860790052,0.0727241985853718,0.015197444001163149,0.034794204453702376,0.12635215175291217,0.04812266979966855,0.02737322637770738,0.026672238986626788,0.0491141056245378,0.011405308297612656,0.021797163997832224,0.09688108429902999,0.043562055635569835,0.032119813312038205,0.05318072657473244,0.11665587489898602,0.037786049876216,0.022526174881638432,0.06073655353709311,0.017113159518113038
https://ge.globo.com/futebol/futebol-internacional/noticia/2026/09/10/deco-nega-que-barcelona-tenha-pedido-a-julian-alvarez-para-forcar-saida-do-atletico.ghtml,0.025996658414841632,0.019504244947995235,0.012485611340785609,0.00749832678359472,0.020682712143069302,0.05590657603769782,0.02827207105802384,0.031461368985207995,0.029514655377919405,0.07767361686646271,0.1528375798867053,0.035015655872006196,0.021941099413958134,0.18926784286953907,0.008066702826051852,0.03299806879366332,0.02382411038931245,0.06807774269943423,0.013898046683100166,0.042789597329249474,0.06271155934807342,0.038212275597403436,0.009964852755604079,0.021233498324534823,0.04144590522372585,0.019314855513233392,0.06284313789813006,0.02287292308358204,0.02490820147778497,0.04328900940879428,0.017482868796029404,0.17652015843906466,0.03710262695310216,0.06864430559531633,0.013806151460097468,0.021061678328459055,0.014985173922566437,0.024567485308639097,0.157914659977398,0.02912063939951455,0.006715245692007311,0.044389824537131924,0.004875870626160208,0.02413442551894424,0.0190147796251303,0.012047572875829044,0.028999514561239708,0.03682860703494645,0.04490979031490504,0.022874940850667935,0.07887945935119349,0.08381565111451114,0.015137007154182779,0.020444024503508254,0.018248512002257508,0.035526512576744246,0.020952470724949095,0.0026137591691360795,0.04017914535767581,0.04756966755707575,0.050475371521477984,0.010497092722695245,0.04165238993930278,0.13474361611391616,0.022125469857246383,0.05308611774552294,1.0000000000000002,0.017383192283963445,0.013305640125788326,0.033806250019592504,0.021061519672223812,0.009769793023249674,0.038331084987150946,0.03337230325815027,0.025206560390941223,0.013914510504572094,0.00987965649144742,0.006772850013330165,0.012983657395354401,0.08456562055113427,0.05751127947184222,0.03877643927140486,0.010688957958433096,0.025999644012081297,0.06809656661774571,0.012700720040953548,0.025913782381559072,0.005132218882886232,0.047880463013101095,0.07623860210723732,0.06844540248906537,0.07003318185481791,0.04715023976944242,0.009029174992499315,0.021688581415160647,0.026761033577978575,0.004608206116587131,0.021804878490027352,0.029296369976298784,0.04992527568485165
https://ge.globo.com/futebol/times/palmeiras/noticia/2026/09/10/analise-palmeiras-cria-mais-para-vencer-e-melhora-mas-vantagem-minima-no-placar-ainda-preocupa.ghtml,0.043375121193336176,0.13502996945099768,0.05404203339397013,0.03367328009724671,0.02513039742380045,0.041281042311570156,0.05620564095867154,0.03667315213103638,0.07874549982022454,0.028058416607165945,0.05653741414074079,0.12914013382612005,0.049164710830325094,0.05102516764854201,0.060966460103752854,0.029554255616208006,0.07808829314707538,0.12690066330555813,0.01558022081356247,0.19194233743623315,0.15609160290063454,0.03805025311271794,0.06695708118259251,0.10529679739884282,0.07283669191257963,0.022573994834724966,0.2242789248094659,0.3547312268314453,0.0539984363866689,0.06962365317190408,0.0705655930470011,0.08176679180299616,0.009693755509660808,0.051278322763473404,0.19533846174399427,0.023097921197576286,0.3599096680304402,0.055413292049088785,0.05166742119574682,0.23628965843246452,0.06866913216470123,0.05636444708418634,0.016463656877698022,0.020924518343938728,0.05790780993086434,0.04883132214500866,0.2831326994708303,0.03656572032590605,0.06508025884780859,0.06357038952264069,0.04697608396855609,0.028779560156771446,0.04955546577491628,0.028038700150024853,0.03918303648415312,0.014908297454596398,0.0318681214955119,0.08396187155797638,0.013409472480482885,0.044032150802023905,0.09536544532256419,0.0320836326179299,0.05882035689977127,0.03165924744820328,0.017555892673004756,0.040883635353215965,0.017383192283963445,1.0,0.03851320464275536,0.05294480242307574,0.024429310093778436,0.03403918027549621,0.08104076985677364,0.013253786233729643,0.1245439267273062,0.05522108701673106,0.07759104301547984,0.05791982893171137,0.012176556806432055,0.08735206704974151,0.024035704665831305,0.09764184503176764,0.026834447074156408,0.019482334934569183,0.03836057496086673,0.08309415841151202,0.02443447930601744,0.05923975653130705,0.3343340362080845,0.04032912481624011,0.04627280780496915,0.03480415498331344,0.055750202172929926,0.048641308571716876,0.03507401173372625,0.0287480873043104,0.0827001957673729,0.018471345007710367,0.08454066584786118,0.021664868254181503
https://ge.globo.com/sp/vale-do-paraiba-regiao/futebol/times/bragantino/noticia/2026/09/09/bragantino-goleia-cruzeiro-por-8-a-1-pelo-brasileirao-sub-17.ghtml,0.047336318080337426,0.0567734650485972,0.15111623462808288,0.010693525413943054,0.0697673960098885,0.05855118425691948,0.02264339998347562,0.0533613477094877,0.04676051514526756,0.017906280513784935,0.05065658226491039,0.0613050296079446,0.048169845795906066,0.0297559571062858,0.023985951995769892,0.015954305883623638,0.04965623988731521,0.03762029421325652,0.007374326189839151,0.046631865048689096,0.048197238296826754,0.04944196102668993,0.025651391394180274,0.07728248166501099,0.06476688541572323,0.026126580770524165,0.0520112759452049,0.04063884782199705,0.028721353711774703,0.0714417886949751,0.06300476552067501,0.039107844602703154,0.011730439324411809,0.05520161328579422,0.052599316890077075,0.021431745928784534,0.050971618906483364,0.04076007369506974,0.05826156614752893,0.05933253511204763,0.02882590993261618,0.08118395867646494,0.01100297915983354,0.06744841700737161,0.05632494574808097,0.025208698482667477,0.03793416015535331,0.05329140927055229,0.017161783626690106,0.0821298083586411,0.033648482481000656,0.021559749469168447,0.18499970508497499,0.04394763175324833,0.012665341161612095,0.0054875861111270945,0.020591370363520534,0.03090559870491969,0.032503492397210315,0.05309723032006822,0.05336484947080327,0.027029517355307456,0.07720566458617314,0.05684821825862113,0.027207475480398827,0.040105245968891576,0.013305640125788326,0.03851320464275536,1.0000000000000002,0.05577096444436418,0.03313647094703595,0.03495545646025854,0.09191253331131655,0.008810542596345805,0.02581899991428843,0.039072945521206964,0.051871317059551336,0.0340642965815852,0.013678311184867604,0.06437858322026492,0.016747030843686447,0.0588911851933708,0.02466153500557026,0.0290231224880962,0.055460041010297695,0.03493942522726326,0.13031841971231578,0.013154567140719385,0.07082470960098697,0.06539977331250495,0.02794290932571869,0.02939338127533012,0.030122881042958096,0.023680916744559435,0.03475712569186232,0.02370481238502962,0.03408997020316434,0.02646928412826333,0.04041376820286662,0.009077050687899423
https://ge.globo.com/futebol/times/fluminense/noticia/2026/09/10/auxiliar-do-fluminense-viraliza-com-gesto-para-chamar-jogadores-no-aquecimento-veja.ghtml,0.037096385041384454,0.06831262005433886,0.018591222429236606,0.047845309805430794,0.02723783447560008,0.05701987442378691,0.02132570040547504,0.037458254305838365,0.16324058518307513,0.020096087504092086,0.03551759570958609,0.06108539467143168,0.018895855213489264,0.026678859936733253,0.04167688846180081,0.022423702772085746,0.06055279570723643,0.06974559347437295,0.02034830330025309,0.03943201209615398,0.038670047484925134,0.03536102259014344,0.0450144886977315,0.1832269400005278,0.03296445280429097,0.031615734901402494,0.029033735402878583,0.0358950908698569,0.036124673604896615,0.041656735497111005,0.2111208707645468,0.02545101726737734,0.029631914648057343,0.0568236676697283,0.057855893884630395,0.03585800025183741,0.048490563054078555,0.05585477919071755,0.027678447255358903,0.04690132949857521,0.032241964710661014,0.03687857771095307,0.024823926168496945,0.033633092469105154,0.025652112117692204,0.05013386836598342,0.02654383413321792,0.04297470377514884,0.017603014572496398,0.08151472209570687,0.07978235519102003,0.03972277888494412,0.018343599465345303,0.03288374834977397,0.20720259543129202,0.02573508989913778,0.03110628776444107,0.02891325533366694,0.03746098357967495,0.013815423113491059,0.06401918557042109,0.017385298841874283,0.07789073631112117,0.01963382855823847,0.030186552962195752,0.041182849223619256,0.033806250019592504,0.05294480242307574,0.05577096444436418,1.0000000000000002,0.026099671941497222,0.022818967928029336,0.043424658796049787,0.03483980016556157,0.038608160226084785,0.05044526851406134,0.05335159821712837,0.02648354768407137,0.011603004838692817,0.0764557330850178,0.04346793760139212,0.04999906242507122,0.016972403868873834,0.042685218352639484,0.03657668471236497,0.028158787917372946,0.027700746738346303,0.01716743764291874,0.037530320878072676,0.019625662742330813,0.02251618987047957,0.023375654824303708,0.046123010259978,0.016645777880053468,0.021513848685463376,0.013606487077741177,0.02803822681344931,0.027324055403019507,0.06977653289488328,0.013458982822012376
https://ge.globo.com/futebol/times/flamengo/noticia/2026/09/09/zico-opina-sobre-convocacao-e-elogia-pedro-do-flamengo-melhor-do-brasil.ghtml,0.06062948627381541,0.08297589964320515,0.14503484162431854,0.028226707509099586,0.04810968276647323,0.019090481704736185,0.028618929094418627,0.08063883896981475,0.04541817604025791,0.025564068084901366,0.027317396647375765,0.01967374833500435,0.07316591877806566,0.030752070471602513,0.05892566513304715,0.020557501879925198,0.042246229914584287,0.03319722639256143,0.03621581389279701,0.04826938807162748,0.07636994019682769,0.14680162293597449,0.013817083346196985,0.05307984807046993,0.018108544401796264,0.16662909445825985,0.09829436309781027,0.09114218722586363,0.04894816376895493,0.1686239805948098,0.04123761687288581,0.052451981056019774,0.022465934365999713,0.08095187150341332,0.04210432377040664,0.01850108858644319,0.022552712247871032,0.017960886497523545,0.03008787290659392,0.023897803548033072,0.08080957888934948,0.0945695865342008,0.0458642793047193,0.38207331482724793,0.022963669235068804,0.04135133127843785,0.030519896499883736,0.033758656336725715,0.012933175817395181,0.04826692780173775,0.040288427980430204,0.03416083919034586,0.02694051335179761,0.1565846427089876,0.05126087849570495,0.05452158875197827,0.04296545374124021,0.0409344356795608,0.012089828980290299,0.015501349467953212,0.034714556651338976,0.16016430744727483,0.03775761384067437,0.011046582424880385,0.013714481354998415,0.019082216477109854,0.021061519672223812,0.024429310093778436,0.03313647094703595,0.026099671941497222,1.0000000000000002,0.031844966853329416,0.12101290750450457,0.013882080375067402,0.0581065963586537,0.05074729352562804,0.0714480752628193,0.029975518046613102,0.0278153759576778,0.03972254375690282,0.022750632872491384,0.04923347390421571,0.029576266170621354,0.01837647955210264,0.037158402444576626,0.017808060404610016,0.02644860130292704,0.09065824944667868,0.03589649963063639,0.036604261231834787,0.0219540686037545,0.020759574653185026,0.036200298590321756,0.0732084930781273,0.19184233881909032,0.027437307172833773,0.10760516584872935,0.016114192590346556,0.04263922298842552,0.036678887002932196
https://ge.globo.com/rj/sul-do-rio-costa-verde/futebol/times/volta-redonda/noticia/2026/09/10/volta-redonda-chega-a-cinco-jogadores-emprestados-a-times-da-serie-b.ghtml,0.05854678303390358,0.037939594364520504,0.03030209068748499,0.03170241257664717,0.027525058154982966,0.030394683789963916,0.025181986373608092,0.03804064173896961,0.0377435206361206,0.01809229245305583,0.01886168683163802,0.04444720184454811,0.021044367747593593,0.03831193377101222,0.0171685043044198,0.04958036501668125,0.03865148847792855,0.024544864807325328,0.0029098781372685224,0.009297703228677857,0.03388040189195608,0.013484370558616208,0.031200838897594684,0.05441661401694474,0.03819929117832219,0.01503252717595659,0.017981761901432403,0.025703955090570614,0.017674461750527816,0.03295040958755351,0.0215052058374625,0.07541839292218983,0.0710845510042814,0.04479698467672681,0.0425415864056001,0.008099527635445893,0.02926584112703576,0.028508632948242654,0.03504693148251403,0.053384300691612666,0.036939811771133826,0.04469987696395104,0.002944355108821531,0.02499422847027696,0.11286019051888996,0.02770071505596611,0.04688697331227348,0.07206567735079962,0.006437306739695618,0.029479887602265643,0.024508166123091642,0.02238286563520906,0.010830213531228365,0.020066927574151038,0.01625107249956912,0.008581997350774464,0.024757177210433294,0.021877952363388596,0.025688150426533246,0.0197318656084411,0.03610971341981224,0.02688141571822348,0.05056510791346805,0.015096838020283172,0.0363543996637446,0.034337614502776476,0.009769793023249674,0.03403918027549621,0.03495545646025854,0.022818967928029336,0.031844966853329416,1.0000000000000002,0.021339633952048992,0.0216270228993918,0.023844293406228304,0.04310490236357059,0.042835612650810526,0.016919223722224645,0.002875040909125762,0.03609917445554578,0.02501741529683634,0.02611110128640997,0.01202402706301113,0.04721640524878813,0.03004880341930731,0.01451356027491385,0.008078034784053901,0.03458367544946789,0.025953716276572763,0.02866133893741921,0.09694930192527389,0.03501246955846083,0.01612397665810778,0.015515971483918164,0.005952475074455451,0.02420468968755467,0.048579785203771104,0.012743381520988719,0.02906991688865255,0.020144621498108854
https://ge.globo.com/futebol/times/flamengo/noticia/2026/09/10/flamengo-busca-contra-o-independiente-del-valle-sequencia-inedita-de-vitorias-na-altitude.ghtml,0.08496596639575446,0.16820831181152357,0.07355055312768392,0.04449322391328368,0.07185254590969745,0.06074460120703911,0.0364509619566974,0.04786396286367095,0.08245980556494964,0.03605713641538838,0.08338851609905838,0.07041539974367142,0.0640096166573854,0.07901795459911053,0.30847698212417146,0.0251256924615893,0.2807519839705072,0.045254808514624593,0.04469833622605827,0.09603017261189527,0.05694736314845185,0.051075173596072866,0.04579072995995845,0.08067503395185974,0.04106079228009981,0.04572717148810894,0.06907722717322184,0.08495320889056451,0.2503886636303999,0.31501832051118184,0.06487531031979797,0.06338181690610004,0.02684936888445351,0.08535925030059992,0.057034982225401466,0.03249349708446576,0.06213553038542811,0.06023638820770851,0.0638551715259404,0.1302712920704936,0.11594200848274867,0.05231989878660668,0.020275740921805747,0.1652589799434412,0.060696296018547626,0.076418855850014,0.07434785293651526,0.06264562463546909,0.009382397629160696,0.06939033417044471,0.09665993184789086,0.03809452199487891,0.06732812026380815,0.03229763863971482,0.04808211932015088,0.014730680482667005,0.04454222268409728,0.05675563262946583,0.017632026554243715,0.008039404760525356,0.08317738616607445,0.049519051789992836,0.08608959350892474,0.020127107755227296,0.04012714667328249,0.09056835912811556,0.038331084987150946,0.08104076985677364,0.09191253331131655,0.043424658796049787,0.12101290750450457,0.021339633952048992,1.0000000000000002,0.01803869402342727,0.03838111664108158,0.0705860047841162,0.05386641937524092,0.061286924478414065,0.02276719615879054,0.07217368099190294,0.037906565435407255,0.25660440788055483,0.037076633497196414,0.0427910874249195,0.08293355388780166,0.04984639717785978,0.061402540804207165,0.05533454678233445,0.1293969070215881,0.04585838570789584,0.04056126729239773,0.017030199058387808,0.06204539111529105,0.05021163078421763,0.061789633739723154,0.019281367120765367,0.0692846740525374,0.028251271900233927,0.0998950118576214,0.026011281919269543
https://ge.globo.com/futebol/times/vasco/noticia/2026/09/09/estafe-de-richarlison-entrara-com-pedido-de-rescisao-com-tottenham-para-assinar-com-o-vasco.ghtml,0.008714877572633027,0.023206767184252016,0.03083766513806982,0.03931992739800448,0.006297330899812513,0.04582888868350529,0.032869237997667285,0.014843157240941762,0.040471877532098625,0.041911687470315984,0.022798211253397295,0.026522469317756786,0.00853226374308729,0.046398657607978254,0.018937072045189053,0.03065865860973188,0.03441000470431177,0.03214540572894514,0.026939797821855946,0.03023270307645014,0.02250232553114369,0.0286117894488445,0.0242696043723787,0.05664540896783507,0.04946503114762243,0.007945132526967118,0.02438128875695446,0.03537161054919277,0.01608178089813014,0.051714731019417745,0.045763068874628984,0.031495171084190504,0.03835229782040738,0.04518458032970695,0.021239521535432567,0.025081339282880866,0.02169752834693427,0.10119172977764307,0.028655692337537734,0.016186189431257703,0.023533382668459904,0.035732095091968334,0.009006604768402603,0.02087317837334749,0.01266045347380772,0.024685583692661182,0.030657888760195085,0.02593460136430787,0.015679171937661596,0.021809546339156,0.13632809981897945,0.6562940672016088,0.015369198791188999,0.04068496258561985,0.04425262022296652,0.036911091549014764,0.026038797571372542,0.004359572349938617,0.16954228730042642,0.005346758458346504,0.016852000850573205,0.021998378905293242,0.020202362423088427,0.023776465228182858,0.06338074777479347,0.06225166344399605,0.03337230325815027,0.013253786233729643,0.008810542596345805,0.03483980016556157,0.013882080375067402,0.0216270228993918,0.01803869402342727,1.0,0.03628120297282632,0.03078043271525141,0.019354785816625756,0.028376901742177774,0.014009510764808785,0.040199992161930265,0.5856395825166852,0.026953607495342296,0.007584291883333094,0.2235367065798579,0.03724628375641082,0.026350224499983574,0.0237296997977905,0.03988059166555165,0.014696280887143472,0.023910501847066994,0.04175417591001729,0.07595040212608363,0.6390286889787646,0.028945024959723953,0.016211173706149974,0.03326423815091754,0.060319339615726095,0.02590662414761096,0.032167026581531796,0.033846790809578614
https://ge.globo.com/futebol/futebol-internacional/futebol-ingles/copa-da-liga-inglesa/noticia/2026/09/09/com-estevao-de-titular-chelsea-vence-de-virada-e-avanca-na-copa-da-liga-inglesa.ghtml,0.06059889240743784,0.06930568120139653,0.05662920067713264,0.015818148575807385,0.04521923684182414,0.05154507929370057,0.030267387561242302,0.04973711204405615,0.038467070662266234,0.021262723323817574,0.07460222153002981,0.09184244454397848,0.05734977348141812,0.0703609162011283,0.024226936460550016,0.016853473638472827,0.031523032850314416,0.10447729134517197,0.009739548430722495,0.013548990224170306,0.029202922571196433,0.03686844636517837,0.027445594152636362,0.09056123569284988,0.02503685894834396,0.0509106758644861,0.04511152454439553,0.06090573890738584,0.02037017255058588,0.07234324987614893,0.047391236516926345,0.10300005195212415,0.017498602848901913,0.07139915445665618,0.1491863082873345,0.006782332801604051,0.028106682569982,0.06597745801119684,0.07283869936771235,0.04033760044112447,0.035977680766533585,0.04415006504888005,0.009068136946067711,0.06454885809478886,0.03375023091186549,0.04868462259447364,0.057373158761762175,0.013511129958700904,0.03996982237972269,0.037920242404733094,0.05417202521955228,0.02723862109942722,0.0730485641989155,0.03511704139625801,0.04124301780461407,0.013412455618393979,0.01710871321079094,0.05071891126853058,0.016292932806943244,0.04859137349478935,0.029619654899025197,0.04008010958541142,0.04700694748598827,0.045697626942157676,0.06583834688584872,0.1780261462463831,0.025206560390941223,0.1245439267273062,0.02581899991428843,0.038608160226084785,0.0581065963586537,0.023844293406228304,0.03838111664108158,0.03628120297282632,1.0,0.038248819305492496,0.025360148890441022,0.07081937734758198,0.005892565517044496,0.05614681331320813,0.04332189347840341,0.04910091459548235,0.022457439987446183,0.0366089248849215,0.03809320937595868,0.09218991804570943,0.0089903997019175,0.04043829130811875,0.024218863178213534,0.02848270837514963,0.026912264232638237,0.03023855821928001,0.025785203242049748,0.02884918235740845,0.042933089498545206,0.02569271081672982,0.04752934977236512,0.007513058960967767,0.043124121392447784,0.01306176597100708
https://ge.globo.com/futebol/times/sao-paulo/noticia/2026/09/09/quem-foram-os-destaques-do-sao-paulo-no-mundial-sub-17.ghtml,0.07670382503191558,0.05070990150122766,0.05584583343682624,0.2762098141840487,0.07397153926805233,0.028818760072480833,0.026000465172544576,0.16882804665767145,0.0369915002270478,0.031136047697606074,0.0483929377176328,0.057734327851859245,0.04394850668756129,0.06852819430508253,0.03047010102887622,0.057666124439971406,0.057670078021671095,0.03399183261651409,0.03036686015829013,0.04781231197583617,0.048052860110206874,0.054232506744222315,0.041034320189729384,0.07421074898128477,0.04565189315089397,0.0665977757192919,0.06399542374359606,0.07463479186790846,0.03401612524068083,0.0698693712998562,0.05024676362464425,0.06357907810279015,0.08200678425977599,0.06781786187663906,0.039616489954810256,0.17009533732154536,0.09139830948840985,0.037062668017587994,0.04095988703091056,0.060828129362116665,0.03352700552642981,0.044480455112659335,0.06226666808081379,0.05205329082418736,0.05132399474991444,0.10529439107461246,0.06707794794123428,0.03126840704421946,0.0063867898534916995,0.033141868611679795,0.049479759044122634,0.028449348669741328,0.026539756242995358,0.06575940750301482,0.09767538844081936,0.018001384898610025,0.233659042423884,0.057298058157901385,0.016006204402831032,0.035368175204421586,0.026300617336231322,0.07999261876074887,0.05995635917097215,0.015780794713068057,0.03967227000632751,0.05561705887232612,0.013914510504572094,0.05522108701673106,0.039072945521206964,0.05044526851406134,0.05074729352562804,0.04310490236357059,0.0705860047841162,0.03078043271525141,0.038248819305492496,1.0000000000000004,0.2760445990127787,0.05026988814138556,0.016255467820322222,0.061475310533141536,0.025977064350032653,0.06617723138187176,0.03545867258225517,0.03581320295004099,0.06946204368532777,0.05205967290878906,0.025486441315766998,0.05142286794851826,0.06753844428511462,0.025172141039117562,0.026209004826257744,0.037565269097853654,0.049468215763515025,0.04494645312866226,0.046186059937296124,0.03265553510548734,0.06192862939205018,0.10051519063081596,0.04824001284465089,0.03926482295392821
https://ge.globo.com/futebol/times/sao-paulo/noticia/2026/09/10/luciano-e-diagnosticado-com-edema-na-coxa-e-deve-desfalcar-o-sao-paulo-no-choque-rei.ghtml,0.09190956055908855,0.04038414990376601,0.028474237249302828,0.3247201155567034,0.04023738454304609,0.01599164678486599,0.025900016206576202,0.12056253677082608,0.07663126244779056,0.016467302358104126,0.025889833739407443,0.042076765990274,0.015626900032567524,0.010619430263557517,0.03580525986627632,0.05525970253931624,0.021843211807642128,0.029061879839433747,0.018983372202897492,0.05776707642540559,0.046533613968090914,0.03367243523691026,0.04172489301050534,0.047202296361821244,0.03598611830268347,0.019165112575415245,0.07236250682347808,0.0651381442663617,0.01726008396049442,0.043227433949459854,0.03779463394807975,0.015075790780166675,0.03186923747649911,0.03534751719154398,0.03412427516940837,0.09656258225134623,0.14493507813514436,0.06554068298954228,0.023199325011715313,0.05717471491016664,0.031315332666648106,0.045857344045621494,0.034428189797177926,0.07020731727476637,0.023422558711165248,0.037486098653516625,0.07855172814076235,0.015318531317111438,0.02873736038343409,0.07006630891208265,0.0406146125561228,0.023649733854730254,0.018189477473699374,0.027986242915425917,0.014828152899283999,0.01385341250506825,0.30815687606713793,0.03732638201070338,0.004938770001218324,0.027772920600896575,0.030996895396765728,0.022106446808636295,0.04863097862940653,0.020211864383189834,0.017123800841042713,0.031148047070186532,0.00987965649144742,0.07759104301547984,0.051871317059551336,0.05335159821712837,0.0714480752628193,0.042835612650810526,0.05386641937524092,0.019354785816625756,0.025360148890441022,0.2760445990127787,1.0,0.01979961934684126,0.001240213402212821,0.0601691309445541,0.01759928808374203,0.041889978546666824,0.0301862244926598,0.04141918994612525,0.02097554684025509,0.011471605153414118,0.0424616817288227,0.0069996279625320745,0.09566838982042339,0.011860299909572644,0.023402266741677634,0.036077405271583776,0.03980481946755766,0.013761392325121649,0.03247316059380327,0.010130341659051405,0.019000836693390876,0.05758554981987994,0.044372896715034256,0.016610618250749817
https://ge.globo.com/futebol/times/atletico-mg/noticia/2026/09/09/scarpa-ativa-modo-sincero-em-derrota-do-atletico-mg-para-o-santos-ficou-barato.ghtml,0.016078655228961264,0.09711389296339171,0.0260918122354023,0.0055186136944643215,0.025436848875947975,0.05045005234961042,0.10357712939832577,0.0566177402598414,0.02176904923609,0.005292343400830156,0.032371825989439676,0.08974620818229491,0.04317698376969359,0.05792790537558305,0.04103736010134169,0.009189367742615,0.06994905506413124,0.18502091794037334,0.03444970402861445,0.01172903241535781,0.011898153154113906,0.013459805379654225,0.04377267128978838,0.0700628148165515,0.017624691700310814,0.009234951190579687,0.020740778133598824,0.039770553659001014,0.01055607576001611,0.05331210155784857,0.01677658366922011,0.034861930607765906,0.0007903079508325163,0.03172319885768409,0.09318865018511832,0.007431028200188104,0.008926026812805344,0.0503268941143844,0.048596372807613565,0.05933111544183517,0.09922670652537806,0.014550449788205806,0.005790745905435177,0.02971305041607257,0.09959203922686549,0.054043050710268464,0.039002368592283246,0.021468170132350174,0.013845380330633318,0.04977312255933974,0.03966261440432828,0.01794916890495551,0.07677954972520269,0.01558271576590287,0.0008020913098203124,0.008090799289036799,0.006918069382162072,0.2754104887786475,0.013187643845272948,0.02229870229204359,0.09251783875934783,0.022804976134507354,0.02729941339133935,0.00341565650756088,0.004132048033092245,0.03268151619925459,0.006772850013330165,0.05791982893171137,0.0340642965815852,0.02648354768407137,0.029975518046613102,0.016919223722224645,0.061286924478414065,0.028376901742177774,0.07081937734758198,0.05026988814138556,0.01979961934684126,1.0000000000000002,0.00035477364400280715,0.2084206127051427,0.003363678834631748,0.046295580889241586,0.0342333612405997,0.051668016405701234,0.0215603090876947,0.03539485114692746,0.02521530012619775,0.0376771037379593,0.035608297742105485,0.08282237338522233,0.18036778814087587,0.003367106505658797,0.006684046101676601,0.046709105276323694,0.04760463903295477,0.007116630575745897,0.042732313458038865,0.01628428054741206,0.0630817257893632,0.02558052731659219
https://ge.globo.com/sc/futebol/times/avai/noticia/2026/09/10/avai-parabeniza-os-50-anos-de-guga-kuerten-torcedor-simbolo-do-clube.ghtml,0.02446313696506769,0.014313733235582809,0.01730566543529033,0.008421566644045614,0.01279858475699499,0.014805366811616039,0.009447761793424835,0.006326112268101031,0.0195516452977709,0.006742599800034128,0.008745433968675435,0.018066906964881113,0.031190124842599126,0.016732774329090063,0.005466286668244015,0.013501067885449261,0.0199406887521707,0.018078758659434688,0.0106180232491695,0.03569089950303412,0.029728716957404196,0.028841566191316337,0.008189508992245942,0.03106643407913327,0.01880249643287362,0.011744135122785796,0.022677751329167693,0.02107781810459571,0.02473930074368265,0.014542466448595987,0.0212978478458361,0.030975755144871442,0.18894997128262464,0.04464685465593656,0.025892151008672197,0.010557136265724755,0.010284605448464719,0.011725529205895691,0.006964484354863201,0.014874015543880893,0.004871177673387581,0.016220209644687112,0.011757504485106951,0.014400990887935812,0.0023166026065614895,0.0052235746035988045,0.01991155061279484,0.19502558846825846,0.0047665525859020745,0.02759187053059803,0.0387641474905918,0.03919485333513482,0.003677984299568528,0.01925530975813436,0.012944971554928008,0.010562023441475695,0.031177262496014695,0.000428213608784259,0.010548691845122735,0.004786711148789348,0.021909802274290364,0.015142729684981307,0.04923689752233211,0.0012335889978510866,0.03341587145648638,0.016664871601013556,0.012983657395354401,0.012176556806432055,0.013678311184867604,0.011603004838692817,0.0278153759576778,0.002875040909125762,0.02276719615879054,0.014009510764808785,0.005892565517044496,0.016255467820322222,0.001240213402212821,0.00035477364400280715,1.0,0.025333383648762912,0.021840758127110185,0.008686321877544905,0.02373186948237324,0.011970835121029567,0.024856939051760563,0.00585747456360679,0.013350150581131657,0.010100484251285796,0.0264446878379749,0.006212910147825668,0.020865468170550842,0.028034976254246197,0.016258070416805815,0.012765605072077458,0.01933993157251542,0.027846394753407167,0.011680538709320249,0.010889822887090794,0.017835583396465314,0.026437768342926115
https://ge.globo.com/futebol/times/atletico-mg/noticia/2026/09/09/dominguez-reconhece-erros-do-atletico-mg-mas-ve-vaga-na-semi-em-aberto-com-vida.ghtml,0.02583414717834304,0.09844863155148603,0.03158450609433231,0.0326169405640081,0.0194925339201985,0.0673159165944924,0.09069685506013088,0.05346642010014602,0.051963503740420185,0.022011745734085243,0.06377252622370991,0.09335924766459108,0.02761199538504392,0.057375507471027855,0.0374616638258671,0.025797530754677757,0.04471242082415122,0.32354517717939896,0.019346370416334822,0.04994494960344077,0.05754362285948102,0.04191755331938295,0.05273355975701588,0.11256397844191236,0.05293312515868333,0.03205037701027549,0.05906642096903995,0.046003706925633714,0.01400483577374724,0.06331420596551786,0.07469943497469345,0.04733968096583894,0.020543214158064815,0.062109924774495846,0.11054885800477948,0.020138117107933562,0.04650599965261108,0.05008840551333749,0.07591552683230429,0.05553198021671434,0.08274035073531205,0.050930682146906936,0.023557148427326553,0.05124952464038106,0.08876985425451117,0.05199410968397412,0.05028444266774968,0.04385096333301017,0.026402555590532773,0.06420466892646605,0.0747527079710845,0.05106136405618663,0.0458808940189247,0.05015898200380613,0.05282999017185764,0.017077591820794834,0.03625099741401564,0.19397957264360444,0.011065789109632096,0.03559125348037907,0.07659061944718962,0.02464276794906231,0.06666111548680236,0.020394046035961556,0.03140880417768428,0.03548920676509762,0.08456562055113427,0.08735206704974151,0.06437858322026492,0.0764557330850178,0.03972254375690282,0.03609917445554578,0.07217368099190294,0.040199992161930265,0.05614681331320813,0.061475310533141536,0.0601691309445541,0.2084206127051427,0.025333383648762912,1.0000000000000007,0.0376155658094411,0.07567194052269441,0.025421443557639475,0.030899323678846728,0.041355940465691965,0.03519743269324469,0.01700683891019863,0.03735903495859541,0.07761579004331988,0.10908365898410102,0.1443526739081855,0.03450760575043356,0.06260895786610218,0.028885485651197355,0.036036906923492935,0.021852189280214568,0.04541371470624639,0.01864055943926326,0.0812994680112814,0.032701085125244
https://ge.globo.com/futebol/times/vasco/noticia/2026/09/10/tottenham-recusa-primeira-proposta-do-vasco-que-segue-negociacao-para-ter-richarlison.ghtml,0.022119775429651548,0.023693590834342824,0.03632019211068539,0.025628208310198367,0.010910818941173057,0.035433703864819546,0.03065903512554921,0.017105433311531124,0.04079854256876267,0.05541181218712423,0.02374670800377001,0.014729355210582978,0.013828247631774017,0.037740458014529736,0.03513392787988835,0.036793336390172564,0.03723435763433831,0.01705743375734466,0.026361681403203677,0.04217243613705872,0.04749874370970471,0.02864211629190706,0.020863866086891725,0.045961095687387224,0.04589571110605047,0.015990920779526255,0.032547678190533016,0.06130692787117481,0.032832814205661254,0.050688605355044616,0.0450621279206803,0.023257263337010215,0.038334319407931396,0.07283614650682299,0.01938447913744891,0.011621289879069303,0.018439980759807025,0.08901232277216435,0.023819143036303406,0.021364363477830894,0.02333178000069111,0.08222949836828929,0.02108608137267595,0.02366341080235873,0.016653123903070912,0.031193547029780177,0.033695858169660496,0.03725011556239647,0.022455878573464823,0.013711786530485236,0.1485631866594743,0.5372327266171429,0.02486345847483596,0.036244298020252315,0.03583718094971754,0.043017948619000636,0.041891929366215094,0.002315576959043355,0.16381660679563562,0.008503106898883638,0.021636488176078945,0.01816925752308538,0.03204055134796375,0.01637324632820663,0.06225225328667276,0.05361208860790052,0.05751127947184222,0.024035704665831305,0.016747030843686447,0.04346793760139212,0.022750632872491384,0.02501741529683634,0.037906565435407255,0.5856395825166852,0.04332189347840341,0.025977064350032653,0.01759928808374203,0.003363678834631748,0.021840758127110185,0.0376155658094411,1.0000000000000004,0.0406491020305046,0.006152314563002238,0.2162065860129223,0.046755247936632965,0.012274894739968244,0.03169004194628204,0.04600884290404031,0.021272906964089785,0.01655742762461042,0.02686248815846419,0.09901555421914549,0.5849419256960998,0.038795765444326766,0.022633502216614906,0.04460810994533423,0.06057622654663151,0.024186569908419768,0.01913828477193021,0.03321301470688829
https://ge.globo.com/futebol/times/flamengo/noticia/2026/09/10/independiente-del-valle-x-flamengo-onde-assistir-ao-vivo-horario-e-escalacoes.ghtml,0.036273732479336254,0.16173747402831226,0.06981877008419124,0.03177300378387225,0.03187854720209578,0.06086137177129665,0.05203888468589182,0.023963786691299324,0.09995150920741318,0.018954258444283386,0.03857821229184802,0.07566298875468247,0.040000445651892674,0.046251629831806106,0.5564887922421059,0.06238624619505175,0.2382297960264843,0.07848243666420016,0.027641630404783495,0.06831446160838255,0.05464121373113381,0.02987562238871396,0.09331315338375537,0.09378641605451672,0.0563527748864358,0.03829092676376758,0.05695996238674813,0.10584461252437956,0.22863028400030977,0.16480202395107177,0.054608670166181365,0.04141348778646221,0.029699662186107825,0.0691131632942961,0.11915809790142379,0.023458028771139727,0.1178738405334637,0.06398339641617354,0.04340422939789117,0.115347985656899,0.12963216934755845,0.053254136956698735,0.018055441158631967,0.0898556215150222,0.05342080293321992,0.06324066926904234,0.09320012290453601,0.04532559359691821,0.02463292281095364,0.08536919459839379,0.049127033451032705,0.038084882561990864,0.06459633177803387,0.030499557597136736,0.06433035495066582,0.012561747565111109,0.025564882013673944,0.060173780673664135,0.016143840945422885,0.0239405222161343,0.08515811152236992,0.05107826353534328,0.08098647179383534,0.02553922197411596,0.018610903974480748,0.0727241985853718,0.03877643927140486,0.09764184503176764,0.0588911851933708,0.04999906242507122,0.04923347390421571,0.02611110128640997,0.25660440788055483,0.026953607495342296,0.04910091459548235,0.06617723138187176,0.041889978546666824,0.046295580889241586,0.008686321877544905,0.07567194052269441,0.0406491020305046,1.0,0.03364946545013568,0.05869645942451527,0.047009390650539,0.050737245930320085,0.06425522319634384,0.03733487910945248,0.08830420754971875,0.048101988891232295,0.06697324538455099,0.0233028516730633,0.04945428598174543,0.044493400289540255,0.04868723641684608,0.04662284458005349,0.06810420947258682,0.026752074440781485,0.08982677561904508,0.025176952293356793
https://ge.globo.com/pr/futebol/brasileirao-serie-a/noticia/2026/09/10/coritiba-x-athletico-athletiba-ja-tem-mais-de-30-mil-ingressos-ocupados-no-couto-pereira.ghtml,0.02645074071228418,0.03308945169215022,0.021149997709561164,0.007712277962270378,0.025365760453865006,0.02946768842909306,0.10016585849728485,0.028466428402567776,0.052059051289891245,0.03131958019050358,0.015330559339168333,0.03467541044933205,0.050553381911505275,0.02154069724583125,0.029775539565718965,0.02237087628735448,0.012889546972528804,0.027045621816307527,0.03244771022834055,0.039165026378512144,0.02770888167062128,0.019993442780521984,0.050366334588705236,0.044023294197568875,0.011809773304719481,0.022750547759024978,0.03442089473247883,0.03092317281958995,0.017424559788907005,0.03378250188614478,0.011944727022580688,0.02105712964373428,0.023254476693790698,0.06022074831968163,0.027538775700070177,0.032320093686129626,0.06038584966905391,0.022662584865135706,0.019520436909148467,0.0333668414105107,0.03426350011452608,0.039551927304084994,0.011262776143244215,0.03988205497771398,0.024761347963891227,0.027945692467752352,0.02866600266867867,0.037678154678645076,0.010862638948737381,0.03170541048222422,0.024076672843379856,0.022934530041721548,0.05812590959425515,0.027015934917977796,0.01873136052067947,0.021106324908331333,0.026345545842141823,0.033596853341663326,0.0349464581320079,0.014794579645690652,0.07813357044114594,0.4267767753330517,0.03093185483320862,0.0349776875357132,0.016550326541342197,0.015197444001163149,0.010688957958433096,0.026834447074156408,0.02466153500557026,0.016972403868873834,0.029576266170621354,0.01202402706301113,0.037076633497196414,0.007584291883333094,0.022457439987446183,0.03545867258225517,0.0301862244926598,0.0342333612405997,0.02373186948237324,0.025421443557639475,0.006152314563002238,0.03364946545013568,1.0000000000000002,0.034450677691164173,0.01975682707699612,0.02134997989168507,0.01956210819180064,0.07572060130683365,0.04094551750998365,0.05407463743920478,0.03804182289183543,0.04927555113375173,0.02461275613072405,0.04115157777018476,0.02595055067264415,0.042990533835965385,0.05058478064320103,0.0556707178590848,0.03268657121180659,0.016008984691819206
https://ge.globo.com/futebol/times/vasco/noticia/2026/09/09/alan-lescano-e-regularizado-no-bid-e-pode-estrear-pelo-vasco.ghtml,0.014939841092441548,0.02548117820700917,0.05515422721993113,0.02232103324304485,0.01487107650094309,0.03898023048054252,0.006163702676275016,0.028592717138638875,0.022147348981516116,0.0663179439489033,0.03241174262659826,0.007240980971101919,0.029364403987565166,0.0560367623549246,0.04115946854635055,0.05790476904924222,0.0464154948495809,0.019417818889257928,0.029946608459437793,0.04136012621114983,0.02207927725958945,0.041540314619449896,0.011773359197442327,0.06282104086574503,0.10727503847361348,0.01613049963410303,0.036442183655105154,0.027137455127574178,0.03009635807195284,0.06149895857912286,0.044290157177988246,0.04773587535124842,0.06262464373147086,0.06600016813680172,0.02005952353267742,0.024322676650337785,0.06339759524299897,0.4855635812884331,0.02834113324495169,0.027056946546146224,0.04457964322786846,0.03631816843137912,0.017555503672810592,0.017370317880336807,0.03659794809289016,0.09993461911892845,0.03793083856554523,0.041515355331006996,0.009006200949536945,0.042525913378440985,0.4243705894740117,0.20972784348730567,0.11258602725325029,0.031258994336007845,0.023522407115216446,0.01896071777351166,0.03564196192217039,0.026880766037009705,0.23032713564409626,0.019877745906400915,0.018495073672898384,0.03077597252155302,0.03949669918897353,0.00959050226085197,0.08846618956843122,0.034794204453702376,0.025999644012081297,0.019482334934569183,0.0290231224880962,0.042685218352639484,0.01837647955210264,0.04721640524878813,0.0427910874249195,0.2235367065798579,0.0366089248849215,0.03581320295004099,0.04141918994612525,0.051668016405701234,0.011970835121029567,0.030899323678846728,0.2162065860129223,0.05869645942451527,0.034450677691164173,0.9999999999999986,0.04493078799405356,0.02663083724048246,0.027532705231685887,0.07919813247784584,0.02770977924963442,0.03383456370074892,0.024357918372769946,0.05487960791936824,0.23376352312137738,0.05998252187709257,0.016367938657186925,0.029645936772492356,0.0747522961954763,0.03840749985062826,0.05092770135728885,0.02105646503651951
https://ge.globo.com/futebol/futebol-internacional/noticia/2026/09/10/ex-atletico-mg-alisson-estreia-na-champions-pelo-shakhtar-donetsk.ghtml,0.04593257181321636,0.061172493387607454,0.04984170654978864,0.027906397329119318,0.04167020151847241,0.08405514776649795,0.012120162525282438,0.05423411916657808,0.037150786111514914,0.049941383847021896,0.08172775591302349,0.04437727071401186,0.03703411299722462,0.12721075730706632,0.026569682053641748,0.023169706178595102,0.04450576208263359,0.03564943873086618,0.015703055446376075,0.07088178880906462,0.08336691421083328,0.08268242506738496,0.01881779427751522,0.07503779162443863,0.03405418744211365,0.01660522563183498,0.047452049005686885,0.07654135328693988,0.022962491353988607,0.08659084184650251,0.032863261850922296,0.10750985466488869,0.017808119127720234,0.11858044685291921,0.04139988730079788,0.010571396058692338,0.028678247285703194,0.02841466653556832,0.07796472849832402,0.0295065729339139,0.017420981804721195,0.04284339352565455,0.01048887599852379,0.03809135347101017,0.04193844707446404,0.03673424131823509,0.053850792441163496,0.05534959005495638,0.04719925458972492,0.06564973695308621,0.0707286017355666,0.04900321495859741,0.05029742601327039,0.06471365178714963,0.03018315906711605,0.016384575021666042,0.02633903919299147,0.024484889083349233,0.018509462806654844,0.043672295727622004,0.03810755436513502,0.02746907061824544,0.08906084212880404,0.04135690037412473,0.027362390998568825,0.12635215175291217,0.06809656661774571,0.03836057496086673,0.055460041010297695,0.03657668471236497,0.037158402444576626,0.03004880341930731,0.08293355388780166,0.03724628375641082,0.03809320937595868,0.06946204368532777,0.02097554684025509,0.0215603090876947,0.024856939051760563,0.041355940465691965,0.046755247936632965,0.047009390650539,0.01975682707699612,0.04493078799405356,0.9999999999999999,0.05999547319718189,0.010239660683953317,0.04173833459688077,0.04934238830908713,0.03111009763679342,0.02991450864640284,0.06930613965867663,0.0612707555407986,0.03746868224314403,0.03356150013048607,0.025740693016130436,0.042842142589446804,0.017837705866119817,0.055745577317335156,0.02695377906111343
https://ge.globo.com/futebol/futebol-internacional/noticia/2026/09/09/cristiano-ronaldo-marca-em-vitoria-do-al-nassr-e-fica-a-21-gols-do-milesimo.ghtml,0.055250704011882104,0.059896570762729064,0.04420802756573208,0.019699402365186674,0.053912001194448764,0.03455192875552037,0.026415293887310787,0.01947529377035321,0.042221003456800923,0.01615033111593915,0.0720950682826303,0.05570381767231993,0.029661348994192753,0.12759565607089987,0.01767866355911646,0.0359879345483308,0.05233820916176823,0.06937709393138514,0.012668776470055508,0.02859913176662411,0.028746972819681922,0.03311875155238036,0.022243665749596447,0.10188146101966783,0.035658459569952075,0.02203030071578996,0.02535506830021393,0.07879652267626236,0.017268003310675222,0.07998381278286569,0.026442283678786017,0.0732883267399774,0.03407905932581347,0.04122787697589381,0.06768960022432997,0.0107529116265577,0.029395794754158815,0.031342175816904225,0.05780368885030455,0.02588870079669612,0.028654688292731954,0.045975483405653036,0.027070079016997012,0.015235282589033772,0.07233649413688216,0.06226549913020923,0.05672275934127922,0.013908234976806334,0.016488201304806892,0.024549781836312113,0.034281598746136746,0.023075838630507287,0.05883846129345865,0.025214977061461193,0.03541174644177653,0.012227135905872048,0.008113344462809377,0.07914629875646936,0.007132033101997157,0.050199482453553136,0.0294436283308109,0.03141815057466162,0.04343615531868365,0.029093622813334878,0.021755453100588285,0.04812266979966855,0.012700720040953548,0.08309415841151202,0.03493942522726326,0.028158787917372946,0.017808060404610016,0.01451356027491385,0.04984639717785978,0.026350224499983574,0.09218991804570943,0.05205967290878906,0.011471605153414118,0.03539485114692746,0.00585747456360679,0.03519743269324469,0.012274894739968244,0.050737245930320085,0.02134997989168507,0.02663083724048246,0.05999547319718189,1.0000000000000004,0.010060826390328952,0.024063131866909785,0.05106266273244131,0.02998706153901395,0.039610332191009553,0.010584038214893251,0.03198193698648165,0.018858662543389432,0.024601303581149966,0.0171935713405791,0.034691743219892573,0.009297651331159219,0.07057375493232454,0.02682129870468883
https://ge.globo.com/futebol/times/cruzeiro/noticia/2026/09/09/justica-condena-cruzeiro-a-indenizar-jogadora-apos-grave-lesao-entenda-o-caso.ghtml,0.02310408846998301,0.02386170679959483,0.1937938931743886,0.07502471644056251,0.006904153881588363,0.008963016826054866,0.01791425317844335,0.008862786504633926,0.03987853869510402,0.011688216194723539,0.008509208942736358,0.03220923709366511,0.008369943374335734,0.009714622287808046,0.03354940976889551,0.032911969902153324,0.04830276049348429,0.03238429455751488,0.04193285526522921,0.06377501808107489,0.026160733995717174,0.023328903287597,0.03222587640086597,0.026015267298079143,0.011070074605515106,0.010910862455422552,0.02870644501877642,0.027686016607880067,0.022597183009705805,0.02456893701922302,0.013288612404504525,0.0158010268031118,0.03925084618460793,0.04071872941527786,0.0373727790971176,0.03539616320832309,0.022414408092360616,0.020408046568424994,0.009624877642474158,0.03346623465841179,0.02429376716546613,0.03910660742812482,0.011513304592569272,0.05180805645976037,0.018422184041767865,0.029046352506456152,0.02239699035964407,0.043421532458303234,0.022484283809397126,0.027494685004983192,0.026494219924219225,0.03395743863745954,0.20366153909742296,0.015864374577165306,0.02212500788713229,0.018610075706635795,0.0582198798857296,0.0081616353523086,0.025156138183671142,0.005206003938964731,0.02732943023350399,0.025639605793164568,0.031354151901777046,0.007724440484577742,0.029151876401716872,0.02737322637770738,0.025913782381559072,0.02443447930601744,0.13031841971231578,0.027700746738346303,0.02644860130292704,0.008078034784053901,0.061402540804207165,0.0237296997977905,0.0089903997019175,0.025486441315766998,0.0424616817288227,0.02521530012619775,0.013350150581131657,0.01700683891019863,0.03169004194628204,0.06425522319634384,0.01956210819180064,0.027532705231685887,0.010239660683953317,0.010060826390328952,1.0,0.02682964491345486,0.025760280407316125,0.09792399236879565,0.013923667043218863,0.014200566644049077,0.015924698639503458,0.021286612239048798,0.030586673548399553,0.050926439902068354,0.037175316874941404,0.02941003480597943,0.03521874489922666,0.024354814792165683
https://ge.globo.com/rs/futebol/copa-do-brasil/noticia/2026/09/10/sorteio-dos-mandos-da-semifinal-da-copa-do-brasil-2026-veja-onde-assistir-ao-vivo.ghtml,0.17584135390795172,0.048529899650130985,0.05133455905344239,0.02708743508332822,0.14245013549823654,0.030239156390210985,0.052106344630999474,0.10056680997620043,0.027321731390384713,0.0594467520764229,0.01713715025751314,0.03305487523191227,0.2508643880831797,0.017573939238601052,0.07764949804412194,0.02108816712826573,0.05039514475583639,0.025933980012146363,0.07283137372829479,0.03594319374652456,0.045859295983380226,0.03942283243233554,0.028266946627072215,0.07667047299604787,0.019401309602827998,0.06648195507304555,0.03369474682677038,0.07821042474136126,0.03887677095152772,0.05486615827839835,0.027161839615040123,0.04080184290162742,0.039624766639602606,0.06144532507023683,0.040764062199841675,0.04663720346381658,0.04809238016657746,0.03309540839299999,0.023612171407850435,0.07319429602567458,0.049539916979974646,0.0732792571509131,0.05746096572628879,0.051822964969080156,0.045170111684944,0.101538875471903,0.07007902501401816,0.053609888452893606,0.006472838389510198,0.0279284927135919,0.044385154192000134,0.04056995804475117,0.01743859019731244,0.06518085488280041,0.029861079239001817,0.034413896882882954,0.025998878918137833,0.0727944374931987,0.07778013642852115,0.004315466804689484,0.04923153948411636,0.05305847605772374,0.06705864876277191,0.007908496551553193,0.023034452341511608,0.026672238986626788,0.005132218882886232,0.05923975653130705,0.013154567140719385,0.01716743764291874,0.09065824944667868,0.03458367544946789,0.05533454678233445,0.03988059166555165,0.04043829130811875,0.05142286794851826,0.0069996279625320745,0.0376771037379593,0.010100484251285796,0.03735903495859541,0.04600884290404031,0.03733487910945248,0.07572060130683365,0.07919813247784584,0.04173833459688077,0.024063131866909785,0.02682964491345486,0.9999999999999994,0.05593101850713107,0.0677508438211005,0.052562651252994086,0.09287503598003069,0.15604467982021114,0.5994657378053633,0.08019958827520857,0.04033629865773127,0.6454261187188579,0.0907404116018908,0.02690267646676103,0.06094679628925025
https://ge.globo.com/futebol/times/palmeiras/noticia/2026/09/09/abel-admite-erro-em-entrevista-e-manda-recado-a-torcida-ninguem-e-maior-que-o-palmeiras.ghtml,0.03917945653536607,0.09018553278883389,0.03416444005090468,0.0412268745966373,0.02617406687821081,0.051904878697851396,0.04519979145247321,0.05153299482848027,0.07059086353665961,0.03898895678063816,0.06018640476379448,0.0786078308223914,0.03407895948755649,0.05641359889135246,0.042838083830494,0.038338621087896985,0.057265205488837234,0.044046932284865614,0.021617983291854048,0.33493947171818644,0.2866554144710557,0.0479050034791035,0.05195597513153205,0.056615615228491796,0.06652938631531868,0.015210117629165663,0.3490297426343739,0.34958474370454656,0.02643427388558132,0.06064681759834543,0.03681088385683383,0.03441213525273605,0.023547510953870778,0.08092539537094946,0.048178306348785144,0.025399406288151953,0.30598347370338436,0.03931408703847452,0.06745774941334838,0.2563389848695319,0.02612287249766356,0.0672909915292107,0.02399243686116236,0.031414296093248494,0.03649051638404521,0.03781333132711145,0.41897754354921435,0.05415056369046742,0.01652221413758633,0.054985033358161454,0.09424257954101208,0.05988815643526191,0.016764734216171084,0.052641365891728444,0.025053177567704456,0.009008807200423831,0.06300019940891166,0.03791433854055869,0.021157785868669173,0.02152235836269525,0.08388703512186572,0.030938317266387315,0.06420742152754005,0.02399106963007186,0.02642183653734207,0.0491141056245378,0.047880463013101095,0.3343340362080845,0.07082470960098697,0.037530320878072676,0.03589649963063639,0.025953716276572763,0.1293969070215881,0.014696280887143472,0.024218863178213534,0.06753844428511462,0.09566838982042339,0.035608297742105485,0.0264446878379749,0.07761579004331988,0.021272906964089785,0.08830420754971875,0.04094551750998365,0.02770977924963442,0.04934238830908713,0.05106266273244131,0.025760280407316125,0.05593101850713107,1.0000000000000002,0.0360294415364595,0.046682822486016365,0.01612184275475616,0.08366884104520927,0.049709327813900125,0.04267105783383419,0.03389454476011534,0.0749442794518359,0.02196372806256861,0.0761292377705332,0.026854336682885907
https://ge.globo.com/futebol/times/atletico-mg/noticia/2026/09/10/atletico-mg-x-cruzeiro-alexsander-e-suspenso-por-ofensas-a-kaio-jorge-em-sala-antidoping.ghtml,0.029236917412033412,0.062498142361247656,0.08407662140798816,0.009613237854753882,0.021805826146200497,0.015232051264372007,0.06228981897393138,0.03080351325001672,0.021868916439030363,0.02629342914707699,0.022197060282286928,0.05367078849374111,0.035391441127579415,0.02834064889514988,0.015089912583556292,0.015260415724914368,0.021833536797061674,0.11205424292039738,0.03582288437775615,0.026368393196148667,0.018779228393398167,0.03291666033824678,0.06163552809926932,0.06182714793577426,0.03863047538550581,0.011105625022392278,0.04638489700705047,0.04019377362285322,0.01515611481571097,0.045501974619035,0.026373060046457796,0.019852405557832034,0.01679885199972341,0.04469199464600655,0.04108792532750945,0.04962244655602411,0.0255712326738386,0.011787414963277947,0.01688716205780364,0.03773935615074053,0.0602193130875452,0.038553551724407636,0.01582704462479336,0.02613646162960097,0.023340210941999086,0.04874543633846981,0.038099668835276844,0.03398582135085073,0.0075201838935448516,0.061854645000992366,0.021931860965895028,0.028595727833490354,0.1358524445598626,0.013384994590230327,0.015985021320222864,0.02855488435371983,0.028857209481456775,0.04046392145334378,0.034869419795369797,0.04406806315349664,0.03547288753532957,0.031128350044330438,0.028621419774339327,0.011123875317465727,0.03066722997842284,0.011405308297612656,0.07623860210723732,0.04032912481624011,0.06539977331250495,0.019625662742330813,0.036604261231834787,0.02866133893741921,0.04585838570789584,0.023910501847066994,0.02848270837514963,0.025172141039117562,0.011860299909572644,0.08282237338522233,0.006212910147825668,0.10908365898410102,0.01655742762461042,0.048101988891232295,0.05407463743920478,0.03383456370074892,0.03111009763679342,0.02998706153901395,0.09792399236879565,0.0677508438211005,0.0360294415364595,1.0000000000000007,0.10711882212763885,0.054791605664304514,0.029445520928204495,0.03436337605080006,0.028712875649121443,0.012212689215246809,0.047607538821645104,0.053118706363105006,0.06782739203186162,0.014673718061347015
https://ge.globo.com/futebol/times/atletico-mg/noticia/2026/09/10/meia-do-atletico-mg-presenteia-neymar-e-manda-recado-to-bolado-contigo.ghtml,0.033401100024230995,0.07488733667904049,0.027606487905542633,0.01044367103236237,0.023725182154761115,0.028644385383337134,0.48482620585980424,0.019548113240211253,0.06955319619595489,0.006744335665510956,0.02284897356602841,0.06377447085777217,0.03185724702959785,0.0420027189116409,0.06764039068847166,0.025265392763597662,0.05620102121101526,0.13617444165295703,0.010650401484959073,0.1114662147782049,0.019428611386041933,0.033412509821526194,0.042306920227520646,0.06823504771614132,0.03780997160896154,0.021680298559636157,0.033798365952228064,0.034872047396008785,0.02002079330221818,0.046706352783868005,0.021391315251274273,0.0361564718774721,0.010852002150709965,0.02829341297142604,0.04140703346692019,0.009554114716919603,0.013063138829133207,0.027534456859621022,0.02813639847884102,0.050104417703410314,0.09014925412142703,0.03639843516441124,0.011530379224330691,0.014751058152319009,0.05138711745842263,0.025842672913646378,0.05006200342525316,0.018632121437142275,0.006786464502033119,0.038078992406932265,0.029555707672845252,0.0331081279475806,0.02275441106272576,0.0374739298046151,0.015326092991623845,0.01761768306989014,0.010347248844764541,0.17082600825281227,0.012438813415516791,0.021378860882143934,0.06997301382255343,0.020570717030885283,0.03308025756703618,0.012671238490192756,0.015613011461858235,0.021797163997832224,0.06844540248906537,0.04627280780496915,0.02794290932571869,0.02251618987047957,0.0219540686037545,0.09694930192527389,0.04056126729239773,0.04175417591001729,0.026912264232638237,0.026209004826257744,0.023402266741677634,0.18036778814087587,0.020865468170550842,0.1443526739081855,0.02686248815846419,0.06697324538455099,0.03804182289183543,0.024357918372769946,0.02991450864640284,0.039610332191009553,0.013923667043218863,0.052562651252994086,0.046682822486016365,0.10711882212763885,1.0,0.023428262674196964,0.05319839348818885,0.03152878430488704,0.10562290735131429,0.017171977598361053,0.040303163976629454,0.01732108914943904,0.04761170585997955,0.016024102158849616
https://ge.globo.com/futebol/futebol-internacional/noticia/2026/09/10/liverpool-lidera-ranking-de-elencos-mais-caros-do-mundo-veja-lista.ghtml,0.03252075946297854,0.019594830482382246,0.03126771453550398,0.0073057439411092304,0.020881155209153474,0.058162361892593134,0.020706544033366824,0.023256266964487737,0.01820485657934713,0.13396783245471414,0.0108663849652035,0.01225129009091761,0.013092853147042578,0.06908372209959011,0.009311092551472708,0.03696590141405329,0.029133694990951926,0.03848854360710117,0.03130929814342456,0.02305378756152707,0.06717986112473975,0.04293229779683365,0.009804429930840469,0.0237616293564134,0.027236812525686264,0.047086469325521026,0.03046419953326984,0.030736903675073843,0.048713788225725294,0.036796664213540754,0.022384568413937544,0.05590241932952514,0.02362349755488274,0.16228182854810064,0.03944618368309239,0.03927500229365902,0.018931186624232304,0.04779515444689244,0.021758895090453204,0.01935293512690281,0.03679167991858236,0.06077002010667015,0.005616984193134672,0.038045972689525,0.021643998409346166,0.04607202586005552,0.025517644352403845,0.04583881370066621,0.02501906547702944,0.02054288893009621,0.048624317802327906,0.11154581255352836,0.054366663305784435,0.07122587753531594,0.020818869404333883,0.06648365862613503,0.021965902360702574,0.020584205491030017,0.14362373705341794,0.021993175114744086,0.03400821359372069,0.023576614237881006,0.039311154848619495,0.01964447920171711,0.05165593011009108,0.09688108429902999,0.07003318185481791,0.03480415498331344,0.02939338127533012,0.023375654824303708,0.020759574653185026,0.03501246955846083,0.017030199058387808,0.07595040212608363,0.03023855821928001,0.037565269097853654,0.036077405271583776,0.003367106505658797,0.028034976254246197,0.03450760575043356,0.09901555421914549,0.0233028516730633,0.04927555113375173,0.05487960791936824,0.06930613965867663,0.010584038214893251,0.014200566644049077,0.09287503598003069,0.01612184275475616,0.054791605664304514,0.023428262674196964,0.9999999999999999,0.056619134420405295,0.010657494828831444,0.01216623350017815,0.11604369025646258,0.025755541858284835,0.07391933956468587,0.019245606808617498,0.0327130226511817
https://ge.globo.com/futebol/times/vasco/noticia/2026/09/10/admar-mantem-esperanca-na-contratacao-de-richarlison-viria-mudar-o-patamar-do-vasco.ghtml,0.06233645638837352,0.047416426845820286,0.04011115609106115,0.04009902997156137,0.048519005509534315,0.04464879796946844,0.0385130518376496,0.045092570766706655,0.05595061812868509,0.039769754079680475,0.029825495806453776,0.04068276115846402,0.08515042884912509,0.0375812844662131,0.031965253646213505,0.03224966027054284,0.04592452690121178,0.04610768033992527,0.03881748872341704,0.07130825917381632,0.06384184225910546,0.050009451678855954,0.03334571780535172,0.09534963674454872,0.051824594196587664,0.030500851849509687,0.07071751493904552,0.08264626462696344,0.02820015653607887,0.06453777419054992,0.050744153124256786,0.039537584796004284,0.03317920198484273,0.06415412498743857,0.025396587290885016,0.025995710206024484,0.06971182399707429,0.10464086599240602,0.030188446830892224,0.0762080776814462,0.03293058626848859,0.06783939339728223,0.02495367023267036,0.04410660773714148,0.02222636856973298,0.04263899397510786,0.07215893843598475,0.0373449664201789,0.019757589003029787,0.03687947933713318,0.15182047098514084,0.5503439839821163,0.015199113202713069,0.04292150292792738,0.029837389338961694,0.04387594969611827,0.04018371925162709,0.03511589679398739,0.17087022632593704,0.010870859720509388,0.03831982469825219,0.02824781704790939,0.05056743995027029,0.022397856427158646,0.05015205650231651,0.043562055635569835,0.04715023976944242,0.055750202172929926,0.030122881042958096,0.046123010259978,0.036200298590321756,0.01612397665810778,0.06204539111529105,0.6390286889787646,0.025785203242049748,0.049468215763515025,0.03980481946755766,0.006684046101676601,0.016258070416805815,0.06260895786610218,0.5849419256960998,0.04945428598174543,0.02461275613072405,0.23376352312137738,0.0612707555407986,0.03198193698648165,0.015924698639503458,0.15604467982021114,0.08366884104520927,0.029445520928204495,0.05319839348818885,0.056619134420405295,1.0000000000000002,0.11918730955498567,0.02834250134100595,0.038753650743666726,0.16862016842712893,0.024535820861411692,0.03878514128102697,0.04014493060675446
https://ge.globo.com/futebol/copa-do-brasil/noticia/2026/09/09/final-unica-da-copa-do-brasil-2026-sera-em-brasilia.ghtml,0.14522441457395985,0.05342482644475008,0.051775918845940364,0.0182834387600991,0.11399070283092758,0.02742644908698983,0.02945389631823423,0.10118057218147326,0.03809564530324404,0.01741050293988485,0.010102783726358268,0.04264120804716159,0.22971139953776015,0.006465239978506485,0.06443108000904497,0.01910292803444796,0.04052460104086812,0.01988656981589587,0.0676668703030554,0.04335592657268154,0.03640718923746473,0.0364635789300984,0.035052119194660315,0.06133386296577748,0.012062667566000582,0.05776761999486611,0.047302408380671006,0.06325696932674502,0.04160749567496097,0.05547640044843649,0.025608563983650058,0.04865599718870083,0.03904025497826825,0.040506409032290885,0.04436904783069132,0.026971537814679012,0.040985075367179324,0.019122331055468303,0.011982793725096749,0.042181331807830874,0.03494073612286671,0.058779962056711835,0.03369156144926842,0.06741019082769481,0.05057834892775118,0.07555274393402892,0.05568396218931003,0.025142007073298035,0.00428285157214143,0.0387520476527452,0.03388211617108785,0.02073471003373891,0.017360045398038808,0.041947262560692894,0.033004116215489925,0.03208976356553202,0.02279807155511179,0.04041021519105341,0.01694019502439932,0.020060300655394683,0.05454819356638527,0.0424533855435597,0.05651394926459822,0.022648489983049608,0.01891670623156296,0.032119813312038205,0.009029174992499315,0.048641308571716876,0.023680916744559435,0.016645777880053468,0.0732084930781273,0.015515971483918164,0.05021163078421763,0.028945024959723953,0.02884918235740845,0.04494645312866226,0.013761392325121649,0.046709105276323694,0.012765605072077458,0.028885485651197355,0.038795765444326766,0.044493400289540255,0.04115157777018476,0.05998252187709257,0.03746868224314403,0.018858662543389432,0.021286612239048798,0.5994657378053633,0.049709327813900125,0.03436337605080006,0.03152878430488704,0.010657494828831444,0.11918730955498567,1.0,0.08253372985267941,0.027916757737832053,0.5699773503961536,0.031071597181060676,0.03494240773366025,0.056474430578134206
https://ge.globo.com/futebol/times/corinthians/noticia/2026/09/09/matheuzinho-hugo-e-bidon-festejam-convocacao-nunca-imaginei-que-viveria-esse-momento.ghtml,0.0697442368743474,0.15309687018884255,0.18136672242867052,0.014849279842797951,0.05633886247981387,0.020831377781298125,0.03022820008547618,0.0671724514270669,0.033508701255806114,0.0307566731416433,0.04463590924769724,0.2030932002571103,0.047686648598019035,0.01516341067048407,0.0389593188208411,0.054636320755009155,0.048734557790018486,0.041730484156339065,0.032652156695427925,0.05694029728365324,0.03298902429344539,0.15032792887313565,0.10080887470278467,0.0894110893297852,0.013176742741311191,0.13479837800552547,0.06578349340971079,0.11920521310496372,0.026377706780959166,0.08421576526923426,0.05998337976719082,0.03144069225800548,0.01591917389471233,0.04228374510203368,0.1434520604377174,0.018689818053647937,0.02920465770112958,0.019493976658177876,0.025566790061988257,0.040061720070547334,0.19779473231464828,0.08907912427385674,0.02255827007338104,0.20456037984612432,0.02921192613559412,0.03514211580864558,0.02643210978334596,0.02819323569232902,0.0056117698029982035,0.12302288559568716,0.06349115745206092,0.02669818912400484,0.014570174235188676,0.17820047287485197,0.08625935213948517,0.020692206142479158,0.03364782872885774,0.03588966746886162,0.011416114588549244,0.016059154417971587,0.12128082660735251,0.18772269872034125,0.055613888095524436,0.015072201065422536,0.02156939892878926,0.05318072657473244,0.021688581415160647,0.03507401173372625,0.03475712569186232,0.021513848685463376,0.19184233881909032,0.005952475074455451,0.061789633739723154,0.016211173706149974,0.042933089498545206,0.046186059937296124,0.03247316059380327,0.04760463903295477,0.01933993157251542,0.036036906923492935,0.022633502216614906,0.04868723641684608,0.02595055067264415,0.016367938657186925,0.03356150013048607,0.024601303581149966,0.030586673548399553,0.08019958827520857,0.04267105783383419,0.028712875649121443,0.10562290735131429,0.01216623350017815,0.02834250134100595,0.08253372985267941,1.0,0.04878289407613276,0.07786894005909709,0.01663605072102497,0.11267468003358078,0.04158178336583026
https://ge.globo.com/futebol/futebol-feminino/noticia/2026/09/10/manchester-city-lanca-identidade-visual-exclusiva-para-o-time-feminino.ghtml,0.03210786407652078,0.049966955640193635,0.026168592233768394,0.009683891354981794,0.027578314211054236,0.052660545921737,0.03726200147932246,0.04620215210547163,0.008742646769416017,0.20857370215006985,0.038394175683348894,0.028216871488475796,0.02791372292277026,0.04182777926282458,0.013080784883356587,0.007433640542374824,0.02230465438372136,0.043600726413542026,0.01829844227263633,0.02841934052712341,0.047774346001860604,0.045641182209835617,0.01897384571658799,0.0526886512840915,0.013266688524115887,0.037312959743380905,0.04722150632321274,0.03934581153642659,0.0454302180997377,0.025286413335294623,0.0222250271906404,0.06386777360777993,0.019455413055640622,0.09037021075119386,0.03924199732850327,0.021626468510008632,0.01915572808934363,0.02627022087288572,0.022614646628988627,0.011663998841913593,0.021184445333647904,0.0387787768801239,0.011626086238587904,0.013928129528822178,0.028695784373984484,0.04638605217997836,0.021047980711054175,0.03838310099839767,0.009844200315612202,0.008929496363301809,0.03727828977963358,0.14581964100123446,0.03370984089371063,0.06702142737129416,0.028597180705457345,0.037285948287272934,0.035799208016098025,0.007222496001319701,0.02495439894767619,0.006905019587982456,0.02593035293492932,0.0289509468250508,0.04905272764817075,0.021665450131827794,0.04384175009360608,0.11665587489898602,0.026761033577978575,0.0287480873043104,0.02370481238502962,0.013606487077741177,0.027437307172833773,0.02420468968755467,0.019281367120765367,0.03326423815091754,0.02569271081672982,0.03265553510548734,0.010130341659051405,0.007116630575745897,0.027846394753407167,0.021852189280214568,0.04460810994533423,0.04662284458005349,0.042990533835965385,0.029645936772492356,0.025740693016130436,0.0171935713405791,0.050926439902068354,0.04033629865773127,0.03389454476011534,0.012212689215246809,0.017171977598361053,0.11604369025646258,0.038753650743666726,0.027916757737832053,0.04878289407613276,1.0,0.03718801461492481,0.027185798749563856,0.016695539594236912,0.023879173229812575
https://ge.globo.com/futebol/copa-do-brasil/noticia/2026/09/10/final-unica-da-copa-do-brasil-veja-data-e-local-do-jogo.ghtml,0.19569243589385268,0.06807862611301206,0.06319296362471064,0.034105612088271856,0.1396896184837238,0.05293088602901139,0.0674790807319369,0.12251430721440894,0.06263402920217953,0.009283448927800428,0.03643871825379894,0.055379003584176696,0.2937247417301851,0.04424721106949657,0.0729264914002648,0.026844816998917907,0.05147164572979187,0.04054705494443564,0.025052783880182984,0.04915824361533712,0.062087487376776634,0.03035260530743874,0.05038293465404003,0.09263221674166909,0.021985015350919665,0.0712827401375454,0.05476312347003526,0.08243654557529215,0.0362301363512032,0.06415419785288388,0.04401583971974826,0.0482251657032178,0.05142877539826059,0.06541664951206799,0.04386483502041902,0.029730020126866378,0.06756916663373205,0.036375152351476724,0.03751294520899242,0.08570147558720739,0.03950417535892697,0.07258008273268277,0.04213350400280759,0.05721876339643634,0.048070649846366255,0.1188538786537616,0.08509229264754675,0.04701270959871191,0.02637088382274618,0.05025073391810672,0.0553809243320184,0.04497472323283801,0.027552299200437523,0.07795152104793358,0.03393788369454116,0.041293117554783085,0.03859294686258474,0.11608203130138121,0.04018562676614485,0.012360471347649062,0.06522588737300704,0.0661069476137606,0.07813842645892592,0.022995341886286835,0.01804084578841695,0.037786049876216,0.004608206116587131,0.0827001957673729,0.03408997020316434,0.02803822681344931,0.10760516584872935,0.048579785203771104,0.0692846740525374,0.060319339615726095,0.04752934977236512,0.06192862939205018,0.019000836693390876,0.042732313458038865,0.011680538709320249,0.04541371470624639,0.06057622654663151,0.06810420947258682,0.05058478064320103,0.0747522961954763,0.042842142589446804,0.034691743219892573,0.037175316874941404,0.6454261187188579,0.0749442794518359,0.047607538821645104,0.040303163976629454,0.025755541858284835,0.16862016842712893,0.5699773503961536,0.07786894005909709,0.03718801461492481,1.0000000000000002,0.03805266537696572,0.04782315210461697,0.06561994562666806
https://ge.globo.com/futebol/times/sao-paulo/noticia/2026/09/10/do-impeachment-a-votacao-pela-expulsao-a-crise-que-levou-casares-a-novo-julgamento-no-sao-paulo.ghtml,0.013202965536757824,0.018451194734735422,0.007318356658254263,0.09751539403818998,0.008270656324362153,0.02018875189167067,0.014150767985000605,0.06862918526120286,0.012651044843946717,0.04902762127546086,0.013443787211600895,0.02219389489866765,0.009585640246063384,0.01575344708684715,0.015467389100005483,0.01568399846994989,0.027306953364810455,0.014948409920989296,0.07432908426093295,0.036021116997456484,0.020814443155352177,0.016799605249046525,0.01921512910570428,0.02706559762406948,0.013527458156029291,0.009747368841663993,0.023742798295598232,0.02285513389279486,0.03482233126873727,0.02873618406480243,0.018275795422692125,0.013574241737519048,0.03029899239923114,0.054762969876057284,0.021620954576366203,0.7514356325079153,0.028088151754546643,0.026441205108583037,0.01419504158343073,0.03043824857311451,0.03933875187724386,0.023366019498077827,0.015171651560049182,0.02389017774581548,0.006702747274792903,0.04192441687583423,0.020535706454244455,0.06283633792159143,0.007253037506874095,0.02038896882443752,0.02110394113323914,0.03302051237191284,0.00949405759177333,0.027711173821490614,0.013537718669125433,0.04976152586992229,0.15602964758464966,0.01602435481604234,0.0474589880430519,0.012342063510429345,0.01920894414475642,0.018085712199672067,0.02352333054036114,0.008948413363413772,0.022064793318015544,0.022526174881638432,0.021804878490027352,0.018471345007710367,0.02646928412826333,0.027324055403019507,0.016114192590346556,0.012743381520988719,0.028251271900233927,0.02590662414761096,0.007513058960967767,0.10051519063081596,0.05758554981987994,0.01628428054741206,0.010889822887090794,0.01864055943926326,0.024186569908419768,0.026752074440781485,0.0556707178590848,0.03840749985062826,0.017837705866119817,0.009297651331159219,0.02941003480597943,0.0907404116018908,0.02196372806256861,0.053118706363105006,0.01732108914943904,0.07391933956468587,0.024535820861411692,0.031071597181060676,0.01663605072102497,0.027185798749563856,0.03805266537696572,1.0000000000000075,0.010397733394171877,0.01952615743354915
https://ge.globo.com/futebol/times/corinthians/noticia/2026/09/10/garro-vira-lider-de-assistencias-na-libertadores-e-ganha-elogio-de-diniz-trabalho-muito-positivo.ghtml,0.039349305356325116,0.44050100860121116,0.03844427109588382,0.040302896134425455,0.05168632116378517,0.04147589630912487,0.0407159665956245,0.03879347629982302,0.10923600318857159,0.021881978430257316,0.06217169098041366,0.3639762318507385,0.04784457677492178,0.08897838371884478,0.058651202283380735,0.07772679186557803,0.10890148524701605,0.06878695989835293,0.015772527637599208,0.03838746474633329,0.041291337116130096,0.034661175878751234,0.2568950090833875,0.12029641866510034,0.0616961434712278,0.01908707031088753,0.03935200607607574,0.12081064190176628,0.03518308432166152,0.09710563073680961,0.07486562812907903,0.07116395507464378,0.021996276590021714,0.04877769952630134,0.23438159988671686,0.009085823755297383,0.06258017422668584,0.05306421152538586,0.07808095281636708,0.07968870419694818,0.2963468782636116,0.046029530646042205,0.012427398485989971,0.03913739516607996,0.05809649185962011,0.054734568892550794,0.08525059146198535,0.042887900582028134,0.008574312523767667,0.3456815710621896,0.08944347209075751,0.0518749473409906,0.08828108612287983,0.03167349325476241,0.045891016521290316,0.012138126804736808,0.020020364326437286,0.08022809020286559,0.012458343172208631,0.03438704316345718,0.3432963248280201,0.018922914621842916,0.05700254018720261,0.026525748178024923,0.03227659922463942,0.06073655353709311,0.029296369976298784,0.08454066584786118,0.04041376820286662,0.06977653289488328,0.04263922298842552,0.02906991688865255,0.0998950118576214,0.032167026581531796,0.043124121392447784,0.04824001284465089,0.044372896715034256,0.0630817257893632,0.017835583396465314,0.0812994680112814,0.01913828477193021,0.08982677561904508,0.03268657121180659,0.05092770135728885,0.055745577317335156,0.07057375493232454,0.03521874489922666,0.02690267646676103,0.0761292377705332,0.06782739203186162,0.04761170585997955,0.019245606808617498,0.03878514128102697,0.03494240773366025,0.11267468003358078,0.016695539594236912,0.04782315210461697,0.010397733394171877,1.0000000000000009,0.01912395844810844
https://ge.globo.com/futebol/futebol-internacional/noticia/2026/09/10/ex-holanda-deixa-o-futebol-por-problemas-de-saude-nao-posso-mais-suportar-esta-vida.ghtml,0.03822293105271185,0.010362471398385722,0.043689495791170284,0.0376492969316247,0.02770978333734883,0.020741309673471757,0.0077755205606259495,0.027610815028540826,0.025205374813035624,0.023416691653741172,0.045417134853821206,0.01151971070537554,0.040415618710493297,0.04503062923103233,0.010021607580323015,0.03876908206645964,0.026437886648248112,0.01106040743496399,0.03884234293042402,0.038897438186663934,0.029566020828869038,0.05041405863616723,0.023747994471997637,0.0384606563972872,0.011550569382206007,0.04581657120221166,0.026476675170431313,0.04808333677898664,0.03282506290449123,0.03965341246998296,0.01568032070868728,0.0315921623851794,0.022468740318634703,0.05436649254392443,0.015266709881542205,0.013080320739831801,0.013311045291703814,0.014486815650101216,0.02671065366294753,0.023052131486009465,0.017315281114038735,0.046622346629648294,0.020070338902028875,0.04550522119303585,0.012878531442245399,0.023873021614259197,0.02334542856169627,0.031353019547647756,0.019873369693833774,0.009064074352138319,0.0320604045056947,0.04309126275437482,0.010942472496114434,0.04766034823475826,0.02497632093036737,0.051424617765311105,0.029594521553764075,0.010859475830474693,0.012654399420220203,0.008685275317887998,0.016916427005797718,0.0362187243009579,0.03735262110625396,0.02913445730658397,0.05578453652079811,0.017113159518113038,0.04992527568485165,0.021664868254181503,0.009077050687899423,0.013458982822012376,0.036678887002932196,0.020144621498108854,0.026011281919269543,0.033846790809578614,0.01306176597100708,0.03926482295392821,0.016610618250749817,0.02558052731659219,0.026437768342926115,0.032701085125244,0.03321301470688829,0.025176952293356793,0.016008984691819206,0.02105646503651951,0.02695377906111343,0.02682129870468883,0.024354814792165683,0.06094679628925025,0.026854336682885907,0.014673718061347015,0.016024102158849616,0.0327130226511817,0.04014493060675446,0.056474430578134206,0.04158178336583026,0.023879173229812575,0.06561994562666806,0.01952615743354915,0.01912395844810844,1.0
