titulo,data_publicacao,url,texto
Barra elimina o Internacional na primeira fase da Copa do Brasil Sub-20,09/09/2026,https://ge.globo.com/sc/futebol/noticia/2026/09/09/barra-elimina-o-internacional-na-primeira-fase-da-copa-do-brasil-sub-20.ghtml,"O Barra venceu o Internacional por 1 a 0 e avançou para a segunda fase da Copa do Brasil Sub-20 nesta quarta-feira. O duelo foi disputado no CT Morada dos Quero-Queros, em Alvorada (RS). Barra 1 x 0 Internacional - Copa do Brasil Sub-20 — Foto: Tiago Winter/Barra FC O gol da vitória foi marcado por Marcelo, na reta final da partida, garantindo a vaga para o clube. Na próxima fase, o clube faz duelo catarinense contra o Criciúma, que eliminou o Cascavel. Esta fase é disputada em jogo único. A edição deste ano da Copa do Brasil Sub-20 passou por uma mudança importante. A competição conta o dobro de participantes, de 32 para 64 clubes. Internacional 0 x 1 Barra - Copa do Brasil Sub-20 — Foto: Tiago Winter/Barra FC"
"Diniz elogia Corinthians, mas pede atenção com o Estudiantes na volta: ""Sabe jogar fora de casa""",10/09/2026,https://ge.globo.com/futebol/times/corinthians/noticia/2026/09/10/diniz-elogia-corinthians-mas-pede-atencao-com-o-estudiantes-na-volta-sabe-jogar-fora-de-casa.ghtml,"Estudiantes 1 x 1 Corinthians | Melhores momentos | Quartas de final | CONMEBOL Libertadores 2026 Fernando Diniz fez ponderações sobre o desempenho do Corinthians no primeiro tempo diante do Estudiantes, da Argentina, na noite desta quarta-feira, mas elogiou a evolução coletiva ao longo da partida. O jogo de ida das quartas de final da Conmebol Libertadores terminou empatado por 1 a 1, em La Plata. — Eu acho que no primeiro tempo faltou a gente confiar mais na nossa capacidade criativa. Mas o sistema defensivo estava muito sólido, é a base do nosso jogo. Quando a gente se dedica para defender bem, as coisas acontecem normalmente. — Eles podiam ter feito mais um gol, Hugo fez uma defesa importante, mas foi numa jogada esporádica. Diferente dos gols que tomamos contra a Chapecoense, os dois muito evitáveis. O fato de voltarmos mais soltos no segundo tempo fez toda a diferença e mostra a maturidade no time. Fernando Diniz concede entrevista coletiva em La Plata, na Argentina — Foto: Gabriel Oliveira Mais notícias do Corinthians : + Garro dá assistência, e Kaio César decide na Libertadores; dê suas notas + Cotovelada deixa Gabriel Paulista com galo na testa; veja o vídeo O Corinthians sofreu o gol logo nos primeiros minutos, mas cedeu poucas chances claras ao Estudiantes no primeiro tempo. No início da etapa final, a equipe chegou ao empate depois de belo passe de Rodrigo Garro para Kaio César balançar as redes. A partida de volta das quartas de final da Libertadores acontece na próxima quarta-feira, às 21h30 (de Brasília), na Neo Química Arena. Fernando Diniz pediu atenção com o Estudiantes e destacou a força da equipe argentina fora de casa. — Não tem nada decidido. É parecido com Rosario. Foi 0 a 0 lá com jogador a menos. Jogo na Arena foi duro. (Estudiantes) É um time que responde bem fora de campo. Eles empataram contra o Flamengo. Tem que se dedicar ao máximo no jogo de lá pra poder fazer o nosso melhor. É um time que sabe jogar fora de casa, tem jogadores experientes e é um time muito organizado taticamente. O vencedor do confronto encara Independiente Del Valle, do Equador, ou Flamengo, na semifinal do torneio. Antes do Estudiantes, o Corinthians visita o Flamengo, no domingo, às 17h30 (de Brasília), no Maracanã, pelo Campeonato Brasileiro."
"Nem Fábio, nem Rafael: veja último goleiro do Cruzeiro convocado para Seleção antes de Otávio",09/09/2026,https://ge.globo.com/futebol/times/cruzeiro/noticia/2026/09/09/nem-fabio-nem-rafael-veja-ultimo-goleiro-do-cruzeiro-convocado-para-selecao-antes-de-otavio.ghtml,"Otávio viaja para acompanhar convocação com a família; veja reação O Cruzeiro volta a ter um goleiro na seleção brasileira após oito anos. Otávio foi convocado por Carlo Ancelotti e vai defender o Brasil nos amistosos contra a Austrália e Índia, no fim de setembro. Antes dele, o último da função a ser chamado para vestir a amarelinha enquanto estava na Raposa foi Gabriel Brazão. Otávio, goleiro do Cruzeiro — Foto: Gustavo Aleixo/Cruzeiro Na época, Tite convocava sempre um goleiro com idade sub-20 para ser o terceiro da função em amistosos e compromissos das Eliminatórias. Brazão tinha 18 anos, estava integrado ao elenco principal do Cruzeiro e era considerado uma das principais promessas do clube. Brazão não entrou em campo nos amistosos contra Uruguai e Camarões. O jogador foi negociado com o Parma, em 2019, também sem estrear na equipe principal do Cruzeiro. Passou por Inter de Milão, Albacete e Oviedo, antes de voltar à Toca em 2022. Novamente, não entrou em campo. Retornou à Europa e foi contratado pelo Santos em 2024, se firmando desde então, com 131 jogos disputados. O último goleiro titular do Cruzeiro a ser chamado para a seleção principal foi Fábio, em 2011, para amistoso contra Gana. O treinador da época era Mano Menezes. O goleiro não chegou a atuar na partida e nunca mais foi convocado. Gabriel Brazão foi chamado por Tite para a seleção brasileira em 2018 — Foto: Lucas Figueiredo/CBF Gomes foi o último goleiro do Cruzeiro que foi titular na seleção brasileira. Multicampeão em 2003, o defensor esteve nas convocações da Seleção Sub-23 e principal. Disputou a Copa Ouro da Concacaf em 2024. Outros goleiros históricos vestiram a camisa do Brasil enquanto defendiam o Cruzeiro. Dida e Raul Plasmam integram a lista. O primeiro foi convocado para a Copa do Mundo da França, de 1998, enquanto ainda jogava pelo time."
Nicolas passa por cirurgia e deve ficar no mínimo três meses afastado do São Paulo,09/09/2026,https://ge.globo.com/futebol/times/sao-paulo/noticia/2026/09/09/nicolas-passa-por-cirurgia-e-deve-ficar-no-minimo-tres-meses-afastado-do-sao-paulo.ghtml,"São Paulo está otimista em ter Luciano contra o Boca | Voz do Setorista SPFC Nicolas Bosshardt passou por uma cirurgia para sutura do menisco do joelho esquerdo nesta quarta-feira, no Hospital Albert Einstein, na capital paulista. O procedimento foi realizado pelo médico Moisés Cohen. O lateral-esquerdo relatou dores na terça-feira, depois de uma atividade no CT da Barra Funda. O departamento médico submeteu o atleta a exames de imagem, que constataram a necessidade de cirurgia. Mais do São Paulo : + Luciano joga contra o Boca? Tricolor está otimista + Quais foram os destaques do São Paulo no Mundial Sub-17 Nicolas Bosshardt participou de atividade do São Paulo — Foto: Erico Leonan/São Paulo Em nota, o São Paulo informou que o procedimento foi bem-sucedido e que o jogador iniciará a recuperação com a fisioterapia do clube nos próximos dias, depois de receber alta hospitalar. Segundo fontes ouvidas pelo ge , a previsão de retorno aos gramados é de, no mínimo, três meses. O jogador de 19 anos vive uma temporada de altos e baixos. Nicolas ganhou mais oportunidades entre os profissionais e disputou sete partidas pela equipe principal No começo de agosto, porém, envolveu-se em um acidente com vítima fatal. O jogador chegou a ser detido, mas responde em liberdade. Depois do episódio, Nicolas foi preservado pelo São Paulo e perdeu alguns treinamentos. No fim do mês, voltou às atividades e participou de partidas da equipe sub-20 para retomar o ritmo de jogo. Nicolas não é relacionado para uma partida da equipe profissional desde julho."
Criciúma bate o Cascavel e garante classificação na Copa do Brasil Sub-20,09/09/2026,https://ge.globo.com/sc/futebol/noticia/2026/09/09/criciuma-bate-o-cascavel-e-garante-classificacao-na-copa-do-brasil-sub-20.ghtml,"O Criciúma venceu o Cascavel por 3 a 1 em duelo válido pela primeira fase da Copa do Brasil Sub-20, nesta quarta-feira, no CT Antenor Angeloni, em Santa Catarina. Com a vitória, o Tigre garante participação na segunda fase, onde enfrenta o Barra, que eliminou o Internacional. Criciúma x Cascavel - Copa do Brasil Sub-20 — Foto: Cleiton Ramos Os gols da vitória do Criciúma foram marcados por João, Ítalo e Capella, todos no primeiro tempo. Pelo lado do Cascavel, quem descontou foi Ryan, de p. Esta fase é disputada em jogo único. A edição deste ano da Copa do Brasil Sub-20 passou por uma mudança importante. A competição conta o dobro de participantes, de 32 para 64 clubes."
Bayern de Munique x Bodo/Glimt na Champions League: onde assistir ao vivo e horário,10/09/2026,https://ge.globo.com/futebol/futebol-internacional/noticia/2026/09/10/bayern-de-munique-x-bodoglimt-na-champions-league-onde-assistir-ao-vivo-e-horario.ghtml,"""Brasileiro mora no estádio do Bodo e assiste jogos da Champions da janela"" O Bayern de Munique estreia na Liga dos Campeões da Uefa nesta quinta-feira, às 16h, contra o Bodo/Glimt, na Allianz Arena. O ge acompanha a partida em tempo real. Sempre considerado um dos favoritos ao título europeu, o time alemão dessa vez tem um começo difícil de temporada. Na Bundesliga, onde é dominante, o Bayern venceu apenas dois dos quatro jogos disputados e está em um surpreendente sexto lugar. Vincent Kompany, técnico do Bayern de Munique — Foto: Twitter/Bayern de Munique Apesar da pressão pelos resultados e da necessidade de estrear com vitória diante da torcida, o técnico Vincent Kompany deve manter a rotação de elenco que tem feito, dentro do planejamento para a temporada. - Queremos ter todos os jogadores disponíveis no final da temporada, e para isso você precisa de um plano. Não gosto da palavra ""descansar"". Tudo é sobre tomar decisões racionais. Sempre tentamos ir ao limite, afinal essa é a elite do futebol, e ao smemso tempo queremos tomar boas decisões - declarou o treinador belga em entrevista coletiva. O Bodo/Glimt foi a sensação da última Champions League. O modesto time norueguês conseguiu se classificar em 23º lugar na fase de liga e, depois, surpreendeu novamente ao eliminar a Inter de Milão nos playoffs. Nas oitavas, venceu o Sporting por 3 a 0 no jogo de ida, em casa, mas na volta, em Lisboa, viu o time português devolver o placar no tempo normal e chegar à goleada de 5 a 0 na prorrogação. - O Bodo/Glimt é uma grande história de futebol. Quanto mais se analisa o time, mais você entende que tudo faz sentido. Cada jogador consegue correr muito, cada jogador defende e pressiona. Eles têm uma ideia clara de jogo, e os jogadores seguem essa ideia - comentou Kompany. Bayern de Munique : Neuer; Laimer, Upamecano, Tah e Davies; Kimmich e Pavlovic; Olise, Saibari e Díaz; Kane. Técnico: Vincent Kompany. Bodo/Glimt : Haikin; Sjovold, Nielsen, Bjortuft e Bjorkan; Auklend, Berg e Fet; Blomberg, A. Helmersen e Brynhildsen. Técnico: Kjetil Knutsen."
"Em bate-boca com Neymar, torcedor do Atlético-MG avisa: ""Vai ter jogo de volta""; veja discussão",10/09/2026,https://ge.globo.com/futebol/times/atletico-mg/noticia/2026/09/10/em-bate-boca-com-neymar-torcedor-do-atletico-mg-avisa-vai-ter-jogo-de-volta-veja-discussao.ghtml,"Torcedor do Atlético-MG bate-boca com Neymar: ""Vai ter jogo de volta"" No bate-boca com Neymar, na Vila Belmiro , um torcedor do Atlético-MG respondeu ao atacante que a disputa pela vaga às semifinais da Copa Sul-Americana ainda não estava encerrada. Fora da partida de ida por causa de um problema na coxa direita, o atacante acompanhou de um camarote a vitória do Santos por 2 a 0, pelo duelo de ida das quartas de final. Em vídeos que circulam nas redes sociais, Neymar aparece respondendo a provocações de torcedores do Atlético. Especialistas em leitura labial sugeriram quais teriam sido as falas do atacante. — Eu sem joelho jogo melhor que todo o seu time (risos). Neymar discute com torcedores do Galo — Foto: Reprodução/X — Eu não jogo contra time pequeno (risos). Neymar mandou beijinhos, acenou aos torcedores e mostrou com a mão o placar de 2 a 0 do confronto."
São Paulo x Santo Antônio-MS na Copa do Brasil Sub-20: onde assistir ao vivo e horário,09/09/2026,https://ge.globo.com/ms/futebol/copa-do-brasil-sub-20/noticia/2026/09/09/sao-paulo-x-santo-antonio-ms-na-copa-do-brasil-sub-20-onde-assistir-ao-vivo-e-horario.ghtml,"América-MG 1 x 2 São Paulo | Melhores Momentos | Final | Copa do Brasil Sub-20 O São Paulo foi vice-campeão da Copa SP de Futebol Júnior em 2026. No Brasileirão Sub-20, o time foi eliminado na primeira fase e ficou fora do mata-mata. No Paulistão Sub-20. No entanto, a equipe é a atual bicampeã seguida da Copa do Brasil da categoria e tem cinco títulos na história contra o estreante Santo Antônio-MS, que faz o primeiro jogo em sua história. O Santo Antônio-MS garantiu a vaga na Copa do Brasil Sub-20 ao conquistar o Sul-Mato-Grossense Sub-20 em 2025. CT de Cotia, em São Paulo — Foto: Rubens Chiri / saopaulofc.net O São Paulo, do técnico Júlio Baptista, deve ir a campo com João Pedro; Isac Silva, Luis Osorio, Angelo e Nicolas Bosshardt; Pedro Bezerra, Keven, Pedro Ferreira; Marvin Ávila, Luiz Fernando e João Costa . O Santo Antônio-MS , de Renan Souza, deve entrar com Eduardo Elias; Alisson Elioterio, Yan Matheus, Bruno Higa e Saulo Felipe; Henry dos Santos, Luiz Gustavo, Felipe Gabriel, Gabriel França; Edson Santa Cruz e Luiz Fernando ."
Cano tem suspeita de lesão e vira dúvida no Fluminense,10/09/2026,https://ge.globo.com/futebol/times/fluminense/noticia/2026/09/10/cano-tem-suspeita-de-lesao-e-vira-duvida-no-fluminense.ghtml,"Cano deixa Fluminense x Platense com dores na coxa O atacante Cano deve ser desfalque para o Fluminense no jogo contra o Atlético-MG, neste sábado, pelo Brasileirão. O jogador sentiu um problema na coxa no segundo tempo do jogo contra o Platense, pelas quartas de final da Libertadores, na última terça, e precisou passar por exames para investigar o problema. Um exame de imagem realizado na última quarta-feira e o departamento médico aguarda o laudo para definir a gravidade do problema e possível tratamento. Cano vinha sendo o reserva imediato de Hulk nos últimos jogos. O jogador não treinou com o elenco no campo na manhã desta quinta. ge Fluminense avalia ataque: ""Melhor momento pro Castillo mostrar algo"" Com a iminente impossibilidade do ídolo estar em campo, a tendência é que Castillo ganhe mais oportunidades de jogar. Ele ainda não atuou após a mudança de treinador. O reforço desta temporada não entra em campo desde o empate em 0 a 0 com o Independiente Rivadavia no jogo de ida das oitavas de final da Libertadores, justamente o último de Zubeldía. Cano vem lidando com problemas físicos nas últimas três temporadas. Ficou fora de ação por mais de um mês no começo do ano com um problema no joelho, sofrido ainda durante a pré-temporada. O atacante jogou 15 vezes em 2026 e marcou um único gol, que garantiu a vitória por 3 a 2 sobre o Palmeiras. Na temporada, ele fez a estreia em abril, contra o Corinthians. Cano deixa o campo mancando contra o Platense — Foto: Giba Perez"
"Haaland se rende a jovem de 18 anos de R$ 600 milhões apontado como ""novo Rodri"": ""Uma joia""",10/09/2026,https://ge.globo.com/futebol/futebol-internacional/noticia/2026/09/10/haaland-se-rende-a-jovem-de-18-anos-apontado-como-novo-rodri-do-city-uma-joia.ghtml,"Porto 0 x 2 Manchester City | Melhores momentos | 1ª rodada | Champions League 2026/2027 Erling Haaland não economizou elogios a Ayyoub Bouaddi depois da vitória do Manchester City por 2 a 0 sobre o Porto, pela Champions League. O meio-campista marroquino, de apenas 18 anos, fez sua primeira partida como titular pelo clube inglês e ganhou destaque justamente em um setor que passa por profunda reformulação após a saída de Rodri para o Barcelona. Bouaddi chegou ao Manchester City nesta janela em uma negociação que pode alcançar € 100 milhões (R$ 600 milhões). O clube inglês pagou € 95 milhões (cerca de R$ 570 milhões) fixos ao Lille, além de € 5 milhões (R$ 30 milhões) previstos em bônus pelo meio-campista de 18 anos. Bouaddi atuou por 75 minutos no Estádio do Dragão contra o Porto e teve desempenho seguro. Enzo Maresca e Ayyoub Bouaddi — Foto: REUTERS/Pedro Nunes Depois da partida, Haaland revelou que já havia chamado a atenção do presidente do City, Khaldoon Al Mubarak, para o desempenho do jovem nos treinamentos. - Acho que ele fez um jogo muito, muito bom. Nas últimas semanas, nos treinamentos... Acabei de dizer ao presidente que ele tem sido incrível nos treinos e em tudo. Acho que temos uma verdadeira joia - afirmou Haaland. Manchester City anuncia a contratação do marroquino Ayyoub Bouaddi — Foto: Divulgação/Manchester City Bouaddi chegou ao Manchester City nesta janela depois de se destacar no futebol francês e também com a seleção de Marrocos. A contratação faz parte da reconstrução do meio-campo comandado por Enzo Maresca. Com a transferência de Rodri para o Barcelona, o City buscou diferentes opções para o setor e investiu também em Elliot Anderson e Enzo Fernández. Enzo Fernandez, Phil Foden e Ayyoub Bouaddi — Foto: REUTERS/Pedro Nunes Antes do início da temporada, Maresca já havia deixado claro que uma das prioridades era justamente encontrar um sucessor para Rodri. Bouaddi havia feito apenas duas participações curtas pela Premier League antes de ganhar a primeira oportunidade como titular."
"Capitão do Barcelona, Raphinha revela conexão especial com Lamine Yamal: ""Sei quando ele sai da partida""",10/09/2026,https://ge.globo.com/futebol/futebol-internacional/futebol-espanhol/noticia/2026/09/10/capitao-do-barcelona-raphinha-revela-conexao-especial-com-lamine-yamal-sei-quando-ele-sai-da-partida.ghtml,"Barcelona 5 x 1 Feyenoord | 1ª rodada | Fase de liga | Liga dos Campões 2026/27 Escolhido pelo técnico Hansi Flick como primeiro capitão para a temporada, Raphinha deu nesta quarta-feira mais uma demonstração de liderança no Barcelona. Ainda que, dessa vez, seu papel tenha sido mais de ""irmão mais velho"". Melhor em campo na goleada por 5 a 1 sobre o Feyenoord , pela Liga dos Campeões da Uefa, Raphinha revelou após o jogo uma conversa especial que teve com Lamine Yamal. O prodígio espanhol fez o quarto gol da partida, de falta, e na comemoração procurou no banco de reservas Raphinha, que já tinha sido substituído. - Conheço Lamine, sei quando ele sai da partida porque as coisas não estão indo bem. Eu tentei animá-lo e disse que ele iria marcar, para que ele não saísse do jogo. Estou muito contente que ele tenha marcado, ele precisava desse gol - declarou o brasileiro à imprensa espanhola. Raphinha comemora um pelo Barcelona com Lamine Yamal — Foto: REUTERS/Albert Gea Raphinha tem sido o grande destaque do início de temporada do Barcelona, com oito gols em cinco partidas. O time dirigido pelo técnico Hansi Flick venceu os cinco jogos oficiais disputados até aqui, quatro deles com cinco gols marcados. Como nesta quarta-feira, na estreia do time na Champions. - Começar assim nos dá muita confiança. Uma temporada tem muitos altos e baixos. Queremos continuar assim, tentar fazer com que os baixos sejam mínimos e continuar fazendo boas partidas - comentou o brasileiro. Raphinha faz primeiro discurso como capitão do Barcelona"
Análise: Corinthians volta vivo com empate em jogo que pareceu mais difícil do que foi,10/09/2026,https://ge.globo.com/futebol/times/corinthians/noticia/2026/09/10/analise-corinthians-volta-vivo-com-empate-em-jogo-que-pareceu-mais-dificil-do-que-foi.ghtml,"Estudiantes 1 x 1 Corinthians | Melhores momentos | Quartas de final | CONMEBOL Libertadores 2026 O gol do Estudiantes logo aos 3 minutos parecia um mau sinal para o Corinthians . Os sucessivos erros corintianos na sequência aumentaram a apreensão. Porém, o desempenho no segundo tempo, com o empate pelos pés de Kaio César, manteve o time vivo para a partida de volta das quartas de final da Conmebol Libertadores. Tudo que o Corinthians queria, ao jogar fora de casa, era assegurar um resultado que possibilitasse decidir em casa com tranquilidade. O time queria baliza zero, como explicou o lateral-direito Matheuzinho na entrevista coletiva na véspera do jogo em La Plata, na Argentina. O foco, segundo o jogador, era dar a maior segurança possível para que Hugo Souza só trabalhasse quando necessário. O goleiro trabalhou cedo e acabou vazado. Chegou a defender o cabeceio de Guido Carrillo, mas não pôde segurar o chute de Alexis Castro no rebote. O gol do Estudiantes, tão cedo no jogo, ruiu o plano do Corinthians . Estudiantes x Corinthians - Quartas de Final - Libertadores — Foto: REUTERS/Agustin Marcarian Mais notícias do Corinthians : + Diniz elogia time, mas pede atenção com o Estudiantes na volta + Cotovelada deixa Gabriel Paulista com galo na testa; veja o vídeo Precisando dar uma resposta depois de quatro derrotas consecutivas no Campeonato Brasileiro, o Corinthians teve muita dificuldade no primeiro tempo. Foi dominado no meio-campo, viu o adversário ser mais competitivo nos duelos, levou sucessivos cartões amarelos e só finalizou duas vezes contra cinco dos adversários. O Timão voltou mais ligado para o segundo tempo e conseguiu empatar logo aos 3 minutos. Rodrigo Garro deu passe em infiltração nas costas da zaga do Estudiantes, e Kaio César dominou, invadiu a área e bateu rasteiro na saída de Muslera. Na segunda etapa, o Corinthians conseguiu equilibrar a disputa no meio-campo e, embora tenha tido momentos de dificuldade, soube se portar bem defensivamente, não sofrer e segurar o resultado. Quando precisou, Hugo Souza fez defesas importantes para garantir o empate. Ficou a lição de que o jogo, em razão do gol marcado cedo, pareceu ser mais difícil do que realmente foi. Quando empatou o placar, o Corinthians tomou consciência de que, apesar da dificuldade vivida na etapa inicial, poderia voltar a São Paulo com a chance real de decidir em casa. Se tivesse sido mais incisivo ou mais organizado no setor ofensivo, o Corinthians poderia ter obtido resultado ainda melhor para a volta. O segundo jogo, na Neo Química Arena, é na próxima quarta-feira, às 21h30 (de Brasília)."
Operário-PR supera a Chapecoense nos pênaltis e avança na Copa do Brasil Sub-20,10/09/2026,https://ge.globo.com/sc/futebol/noticia/2026/09/10/operario-pr-supera-a-chapecoense-nos-penaltis-e-avanca-na-copa-do-brasil-sub-20.ghtml,"Criciúma vence Cascavel e avança na Copa do Brasil Sub-20 O Operário-PR superou a Chapecoense na 1ª fase da Copa do Brasil Sub-20 e avançou na competição. A partida foi disputada no Estádio do Guarani, em Ponta Grossa (PR), na tarde desta quinta-feira. No tempo normal, as equipes empataram por 2 a 2, com dois gols de Caio para o Fantasma, e Rodrigo Endrio e Miguel para a Chape. Nas penalidades, o Operário venceu por 5 a 3. Veja o sorteio de mandos de campo das semifinais da Copa do Brasil Na segunda fase, o Operário-PR vai enfrentar o Grêmio, com mando de campo do clube gaúcho, tambéem jogo único. A data e o horário ainda serão divulgados pela CBF. Operário-PR x Chapecoense na Copa do Brasil Sub-20 — Foto: Augusto Kovalski Mais notícias do esporte catarinense no ge.globo/sc"
Raphinha tem início mais goleador no Barcelona em quase 70 anos,10/09/2026,https://ge.globo.com/futebol/futebol-internacional/futebol-espanhol/times/barcelona/noticia/2026/09/10/raphinha-tem-inicio-mais-goleador-no-barcelona-em-quase-70-anos.ghtml,"Barcelona 5 x 1 Feyenoord | 1ª rodada | Fase de liga | Liga dos Campões 2026/27 Raphinha já soma oito gols pelo Barcelona em cinco jogos nesta temporada. Para encontrar um início de campanha tão avassalador assim de um jogador do Barça, em se tratando de gols, é necessário voltar quase 70 anos na história do clube. Raphinha marcou dois gols na vitória do Barcelona sobre o Feyenoord, na Champions League — Foto: Reuters Nos últimos 68 anos, o único jogador que fez mais gols do que Raphinha ""versão 2026/27"" foi o húngaro Sándor Kocsis, na temporada 1958/59: nove no total, em cinco jogos . O dado foi levantado pelo jornalista Oriol Jové, da rádio RAC1, da Catalunha. Dos oito gols que o atacante brasileiro já marcou nesta temporada, dois foram na estreia do Barcelona Champions League ( goleada sobre o Feyenoord, por 5 a 1 ) e seis em LaLiga. Raphinha é o artilheiro isolado do Campeonato Espanhol. Ele balançou as redes em todos os jogos oficiais que disputou até agora em 2026/27. Raphinha já soma oito gols em cinco jogos pelo Barcelona nesta temporada — Foto: Reuters Raphinha também se tornou o primeiro jogador do Barça a fazer pelo menos um gol nos cinco primeiros jogos de uma temporada desde o espanhol Luis Suárez, também na temporada 1958/59. Com os dois gols marcados sobre o Feyenoord, o atacante brasileiro também entrou para o top 5 dos maiores artilheiros do Barcelona na história da Champions League. O Barcelona tem jogado sem um típico ""camisa 9"" desde a saída do polonês Robert Lewandowski. O técnico Hansi Flick decidiu apostar em Raphinha na função de homem mais avançado do ataque do time, e o resultado foi esse até agora: oito gols em cinco jogos."
Escalação do Flamengo: Jardim avalia desgaste e prepara equipe para encarar o Del Valle na altitude,09/09/2026,https://ge.globo.com/futebol/times/flamengo/noticia/2026/09/09/escalacao-do-flamengo-jardim-avalia-desgaste-e-prepara-equipe-para-encarar-o-del-valle-na-altitude.ghtml,"O Flamengo inicia a sua trajetória nas quartas de final da Conmebol Libertadores diante do Independiente del Valle, nesta quinta-feira, às 21h30 (de Brasília), no Estádio Olímpico Atahualpa, em Quito, no Equador. Leonardo Jardim avalia a escalação, já que terá que dosar o desgaste físico do elenco e a necessidade de atuar numa altitude de 2.850 metros acima do nível do mar. Libertadores: Flamengo enfrenta o Independiente del Valle amanhã Jardim tem algumas novidades entre os relacionados. A principal delas é a presença de Plata. O atacante se reapresentou depois da negociação frustrada com o Dínamo Moscou, da Rússia, e alguns dias em Dubai. A tendência é que esteja disponível para o confronto contra o ex-clube. Se o equatoriano é reforço, há duas baixas. Everton Cebolinha foi liberado para acertar com o Santos e não vestirá mais a camisa do Flamengo . Outro que retornou ao Brasil foi Lorran, que será cedido para compromissos do sub-20. Além deles, Evertton Araújo, com uma lesão muscular na coxa esquerda, nem sequer viajou e ficará um tempo mais longo fora. Já o lateral-esquerdo Alex Sandro também ficou fora da delegação, já que ainda realiza trabalho no campo com a preparação física após sentir dores na panturrilha direita. Leonardo Jardim em Flamengo x Mirassol — Foto: André Durão A partida com o Independiente del Valle será na quinta-feira, às 21h30 (de Brasília), pelo jogo de ida das quartas de final. A vaga para a semifinal vai ser decidida na semana seguinte no Maracan"
"Portuguesa acerta a contratação do atacante Romarinho, ex-Corinthians",09/09/2026,https://ge.globo.com/futebol/selecao-brasileira/noticia/2026/09/09/portuguesa-anuncia-a-contratacao-do-atacante-romarinho-ex-corinthians.ghtml,"Último clube de Romarinho foi o Vitória, em 2025 A Portuguesa acertou nesta quarta-feira a contratação do atacante Romarinho, que está com 35 anos e não atua há 11 meses, desde que deixou o Vitória. Ele ainda passará por exames médicos para poder ser anunciado pelo clube. Romarinho ficou famoso por anotar um gol pelo Corinthians na primeira final da Conmebol Libertadores de 2012, contra o Boca Juniors. O atacante chega à Portuguesa com contrato até o fim de 2027. Nas últimas semanas ele vinha usando a estrutura da Lusa para aprimorar o condicionamento físico. Eliminada da Série D do Brasileirão, a Portuguesa voltará a jogar somente em 2027. Romarinho veste a camisa da Portuguesa ao lado do dirigente Alex Bourgeois — Foto: Divulgação Depois que deixou o Corinthians, Romarinho rodou por diversos clubes do Oriente Médio, casos de Al-Jaish, Al-Jazira, Al-Ittihad, Neom SC e Al-Rayyan."
Olho neles: Del Valle tem cinco remanescentes de time campeão contra o Flamengo; saiba quem são,10/09/2026,https://ge.globo.com/futebol/times/flamengo/noticia/2026/09/10/olho-neles-del-valle-tem-cinco-remanescentes-de-time-campeao-contra-o-flamengo-saiba-quem-sao.ghtml,"O duelo entre Flamengo e Independiente del Valle, nesta quinta-feira, válido pelas quartas de final da Conmebol Libertadores, pouco pode ter como base a final da Recopa Sul-Americana de 2023, disputada entre as duas equipes e vencida pelos equatorianos. Uma das poucas associações é o fato de cinco jogadores do elenco adversário seguirem no clube. O ge conta quem são. No Equador, Flamengo revive memórias com a Libertadores Em 2023, Flamengo e Independiente del Valle decidiram a Recopa Sul-Americana. Na ida, vitória equatoriana por 1 a 0, em Quito. Na volta, triunfo rubro-negro pelo mesmo placar, no Maracanã. Porém, nos pênaltis, a taça ficou com o adversário. Dos 22 jogadores relacionados para aquela decisão, cinco seguem no clube e podem estar em campo nesta quinta-feira: Mateo Carabajal, Richard Schunke, Jordy Alcívar, Junior Sornoza e Gustavo Cortez. Sornoza, ex-Fluminense e Corinthians, comemora gol pelo Independiente del Valle — Foto: Getty Images Outro fato que chama a atenção é que Schunke, Carabajal e Sornoza seguem no clube desde então. De 2023 até 2026, não se transferiram no meio do caminho. Gustavo Cortez e Alcívar, no entanto, passaram por outras equipes: o primeiro foi para o Emelec em 2024, mas retornou ao clube; já o segundo foi emprestado ao León em 2025, mas também retornou. A atenção tem que se redobrar em Sornoza. E, sim, é ele mesmo. O meio-campista com passagens por Fluminense e Corinthians não é apenas titular, mas também veste a camisa 10 da equipe equatoriana e é um dos destaques do time. No país natal, reencontrou o bom futebol e pode ser considerado um dos ídolos do clube. Charli González e Daykol Romero, autores dos gols do Del Valle, se abraçam — Foto: EFE Em fase positiva depois de assumir a liderança do Campeonato Brasileiro, o Flamengo chega ao jogo das quartas de final com um ambiente bem mais controlado. Na fase anterior, o confronto contra o Cruzeiro foi cercado de questionamentos, mas a equipe teve boas atuações para se classificar."
Análise: Atlético-MG desmorona no 2º tempo e se complica por vaga na semi da Sul-Americana,10/09/2026,https://ge.globo.com/futebol/times/atletico-mg/noticia/2026/09/10/analise-atletico-mg-desmorona-no-2o-tempo-e-se-complica-por-vaga-na-semi-da-sul-americana.ghtml,"Na noite de quarta-feira, o torcedor viu algo comum quando o Atlético-MG vai à Vila Belmiro: uma equipe frágil e incapaz de competir com o Santos. O cenário foi ainda pior quando o time de Eduardo Domínguez desmoronou no segundo tempo e acabou derrotado por 2 a 0 no primeiro jogo das quartas de final da Sul-Americana . Vários elementos explicam o resultado. Domínguez contou com os retornos de Lyanco e Maycon, recuperados de lesão, entre os titulares. Para suprir a ausência de Cuello, suspenso, o treinador escalou Preciado para jogar aberto pelo lado direito. Em vez de colocar um volante entre os zagueiros, ele optou por segurar um dos laterais quando um descia ao ataque. A ideia do Atlético era clara: impedir o domínio e o volume ofensivo imposto pelo Santos quando joga em casa. No geral, deu certo. O time sofreu um susto logo no início em chute de Bontempo, que colocou Delfim para trabalhar. Santos x Atlético-MG — Foto: Pedro Souza Depois, o Galo se organizou bem defensivamente e pouco sofreu . Também não criou a ponto de incomodar o Peixe. Uma atuação regular para travar o time mandante nos primeiros 90 minutos da decisão. O problema é que a bola parada fez a diferença. Em cobrança de escanteio curto, Arão aproveitou toque de Gabigol na área, e Lyanco dando condições, para abrir o placar. O Santos se mostrou melhor depois do gol, mas, sem criar tanto perigo, chegou em chute de Rodinei pela linha de fundo. O Atlético tentou uma resposta em jogada individual de Fred, mas parou em Brazão. Um primeiro tempo de disputas, de alternância da posse no meio-campo e poucas chances. Faltou mais repertório ofensivo por parte do Atlético para competir e ter oportunidades mais claras. O equilíbrio do primeiro tempo não se repetiu na volta do intervalo. O Atlético voltou desorganizado e frágil: perdeu o meio-campo, deu espaço para o adversário atacar e se viu entregue na Vila Belmiro. A partida ganhou um novo personagem: o goleiro Gabriel Delfim. Embaixo das traves, adiou ao máximo o segundo gol da equipe da casa. Pegou uma cabeçada, um chute de dentro da área, de longe, cara a cara. Mas não conseguiu evitar o gol de Ola. Lyanco Atlético-MG — Foto: GUILHERME DIONIZIO/EFE Domínguez procurou mudar a equipe, dar maior agressividade ao setor ofensivo, mas sem ter sucesso. Quem era referência técnica - como Fred - cometeu erros graves e influenciou no segundo gol do Peixe. O ataque não funcionou, e a defesa sofreu, principalmente com Lyanco. A bronca de Domínguez, na parada técnica, definiu a postura na etapa final: ""Perdemos todos os duelos e deixamos que eles atacassem rapidamente"" . Deram tudo que o Santos queria para a partida. Renan Lodi responde ""Quem é mais... no Galo?"" É difícil imaginar que um time pode sair 'satisfeito' depois de levar 2 a 0 no jogo de ida de um mata-mata. Mas, para o Atlético-MG , a sensação é quase essa. Pela atuação, era para ter ido à Arena MRV com um placar maior nas costas. O cenário é complicado, mas o Galo ainda está vivo na busca por uma vaga na semifinal da Sul-Americana. Mas, para isso, precisa ter uma postura bem diferente diante do seu torcedor."
Governo multa concessionária por gestão do Maracanã; Fla-Flu recorre,10/09/2026,https://ge.globo.com/futebol/times/fluminense/noticia/2026/09/10/governo-multa-concessionaria-por-gestao-do-maracana-fla-flu-recorre.ghtml,"O Governo do Estado do Rio de Janeiro multou o Consórcio Fla-Flu em R$ 401.217,48. A penalidade corresponde a 2% do valor de outorga anual (R$ 20 milhões) e se baseia em relatório de 2025 do verificador independente do contrato. Após a emissão da multa, a concessionária entrou com recurso a cobrança, por ora, está suspensa e em análise pelo Governo. A penalidade se baseia em avaliação da gestão e lista diversos pontos para a Nota Final do Indicador de Desempenho do ano de 2025. A multa de 2% , estabelecida pela Comissão de Fiscalização do contrato do Maracanã, está prevista em casos de infrações médias e graves . Vista geral do Maracanã: Consórcio Fla-Flu ganhou concessão em 2024 — Foto: Thiago Ribeiro/AGIF Em nota, o Governo do Estado informou que a assessoria jurídica analisa o recurso e que “o processo administrativo referente à majoração da outorga permanece em análise. Em razão de recurso administrativo apresentado pelo consórcio que administra o estádio, os autos foram encaminhados à Assessoria Jurídica para apreciação das razões de defesa apresentadas. Até o momento, não houve qualquer decisão definitiva sobre o assunto”. Procurado, o Consórcio não respondeu ao ge até o fechamento da reportagem. A Comissão de Fiscalização do contrato do Maracanã, em abril deste ano, assinalou por ofício que mantinha integralmente a manifestação do Verificador Independente pela “continuidade de falhas e de embaraço à atividade de verificação” e também pela “não conformidade da Concessionária quanto às obrigações de planejamento, execução e comprovação documental”. Um trecho do relatório do Verificador Independente diz que “evidenciou, de forma reiterada, a ocorrência de falhas estruturais na gestão documental e no planejamento das atividades de manutenção , caracterizadas, em síntese, por: Ofício de setembro trata de manutenção da Tribuna de Honra do Maracanã — Foto: Reprodução Em outubro do ano passado, pouco mais de um ano após o Consórcio Fla-Flu vencer a concorrência, houve as primeiras advertências formais por condições de limpeza do estádio. Ofício de outubro de 2025, assinado pelos membros do comitê de fiscalização Luis Felipe Monteiro de Barros — hoje diretor do Maracanã — e Fernando Cunha, apontou que “durante as reuniões de trabalho realizadas nos dias 18/09 e 23/09, a equipe do CFGO (sigla da comissão fiscalizadora do contrato de concessão), advertiu a Fla-Flu Serviços SA., sobre as inaceitáveis condições de limpeza que o Estádio estava sendo entregue para a realização dos jogos ”. O alerta vinha depois de pelo menos três fiscalizações consecutivas entre setembro e outubro. “Na reunião do dia 30/09 a Concessionária foi comunicada oficialmente que, tendo sido cumprida a obrigação contratual de 'advertência' por parte da fiscalização, a partir daquela data a Concessionária encontra-se sujeita às sanções e penalidades previstas na Cláusula 34ª do Contrato de Concessão ”. O contrato de concessão prevê as seguintes: Neste ano, no início de setembro, a Comissão de Fiscalização, Gestão e Operação do Maracanã enviou novo ofício para falar de manutenção dos assentos na Tribuna de Honra do estádio, que vão passar por reforma para a Copa do Mundo de 2027. O contrato de concessão prevê entre as obrigações da concessionária: “ Manter e conservar todos os bens, equipamentos e instalações do BEM PÚBLICO CONCEDIDO em perfeitas condições de funcionamento, promover as substituições demandadas em função do desgaste ou superação tecnológica, ou ainda promover os reparos ou modernizações necessárias à boa execução e à preservação da adequação das atividades e serviços, conforme determinado neste CONTRATO ”."
"Leila defende Paulinho e reforça apoio a Abel no Palmeiras: ""Incontestável""",09/09/2026,https://ge.globo.com/futebol/times/palmeiras/noticia/2026/09/09/leila-defende-paulinho-e-reforca-apoio-a-abel-no-palmeiras-incontestavel.ghtml,"Vivo nos três campeonatos, torcedor do Palmeiras quer a Libertadores Leila Pereira diz que continua confiando ""de forma incontestável"" no trabalho de Abel Ferreira e elenco do Palmeiras . A declaração vem depois de a equipe perder a liderança do Campeonato Brasileiro para o Flamengo e conviver com críticas pelo desempenho recente. – A presidente do Palmeiras nunca vai perder a linha, os atletas sabem meu sentimento, quando estou satisfeita, quando não estou, quando precisamos melhorar – disse, à Espn. – Evidente que continuo confiando de uma forma incontestável no trabalho do Abel e da comissão. Vejo diariamente, todos estão conscientes que podemos entregar mais. Então temos que continuar trabalhando. Perdemos a liderança, estamos satisfeitos? Claro que não. O que pode ser feito? Continuar trabalhando e com a certeza que temos potencial para melhorar ainda mais. Vai ser assim até meu último dia de mandato, em dezembro de 2027 – reforçou. Mais notícias do Palmeiras : + Acompanhe o jogo contra a LDU em tempo real Abel Ferreira e Leila Pereira em homenagem ao treinador português do Palmeiras — Foto: Camila Alves/ge A dirigente ainda minimizou a última entrevista de Abel Ferreira, que repercutiu negativamente entre palmeirenses após o treinador dizer para a torcida desfrutar da sequência vitoriosa dos últimos cinco anos . – Sempre que o Abel fala, que a presidente fala, sempre é uma polêmica. Não achei nada demais o que o Abel falou. Entendi perfeitamente quando ele fala para o torcedor desfrutar. Ele quis dizer que nos cinco anos celebramos muitas coisas importantes. Chegamos muito perto ano passado, tem que ser valorizado, também. – Em momento nenhum, e às vezes me criticam muito nisso, que eu me acho maior que o clube. Eu nunca me posicionei acima da instituição. O Abel também não. As instituições são feitas por homens e mulheres. As conquistas são de pessoas, fantásticas ou não, por trás da instituição. A instituição não pensa, não tem braço, não tem perna. Tem um ser humano ali. Valorizo muito os profissionais no Palmeiras , que fizeram a história do Palmeiras . Aqui nunca nos colocamos acima da instituição. Colocamos para trabalhar para a instituição ser o gigante que é hoje – completou. Na LDU, Deyverson comenta reencontro com o Palmeiras na CONMEBOL Libertadores Leila Pereira negou arrependimento pela contratação de Paulinho no Palmeiras . A presidente foi perguntada sobre o camisa 10 e a declaração que deu antes de sua chegada, em 2024, como se fosse uma crítica a Neymar, de que o clube não é departamento médico para contratar um atleta com problemas físicos. O atacante passou por uma nova cirurgia na perna no Verdão e agora sofreu duas lesões musculares em sequência. – Quando dei a declaração, não me referi ao Neymar, porque nunca houve interesse do Neymar vir ao Palmeiras e nunca houve interesse do Palmeiras contratar o Neymar. Jogador que respeito pelo passado, mas não me arrependo nem um pouco da declaração que dei. – Quando contratamos o Paulinho, um atleta jovem, sabíamos que teria que continuar tratando da cirurgia na Academia de Futebol. Não sabíamos que depois de um tempo ele precisaria de uma nova cirurgia. Acreditávamos, nossos médicos, que a cirurgia tinha sido bem sucedida. Mas sabíamos que terminaria a recuperação na Academia de Futebol. – Por ser jovem e capacitado, fizemos a contratação. Ele ajudou nos jogos que participou, houve o Mundial e depois decidimos que ele teria que fazer uma segunda cirurgia e ele está 100%. Problema é uma lesão que poderia acontecer com qualquer outro atleta. Tem arrependimento de contratar o Paulinho? Em hipótese alguma. Tenho certeza que ainda vai ajudar bastante ao Palmeiras – completou."
"Abel critica regra do limite de jogos para mudar de clube no Brasileirão: ""Vocês acham justo?""",10/09/2026,https://ge.globo.com/futebol/times/palmeiras/noticia/2026/09/10/abel-critica-regra-do-limite-de-jogos-para-mudar-de-clube-no-brasileirao-voces-acham-justo.ghtml,"Abel admite ter errado nas palavras ao falar sobre o palmeirense desfrutar do momento Abel Ferreira criticou a regra que limita os jogadores brasileiros de trocar de clube dentro do país após disputarem 12 partidas no Campeonato Brasileiro. Até o ano passado, o limite para a troca de clube era de seis jogos. Na avaliação do técnico do Palmeiras , a regra praticamente obriga os clubes brasileiros a buscarem jogadores fora do país, o que aumenta consideravelmente o número de estrangeiros atuando no Brasil. Até 2023, cada clube poderia colocar em campo cinco jogadores de outra nacionalidade. Agora, são nove. – Eu gostava muito de buscar jogadores no futebol brasileiro, há dias vi o Silas a falar, é uma coisa boa pra vocês falarem, quando cheguei aqui, eram cinco estrangeiros. Dois ou três anos passaram pra sete. Eu mandei merentiel embora porque eram sete e três dias depois decidiram que ia pra nove. A responsabilidade é de quem? – Queremos contribuir para o futebol brasileiro. Tem jovens aqui diferenciados mas fizeram mais de 10 jogos e não posso ir buscar. Querem que vá buscar quem? Os jogadores que não jogam? Reservas? então temos que buscar fora. Vocês acham justo? Como que eu impeço os clubes do futebol brasileiro de contratar – disse Abel, em coletiva depois da vitória do Palmeiras sobre a LDU pela Libertadores. Mais notícias do Palmeiras : + Abel diz ficar triste sem atletas do Palmeiras na Seleção + Técnico admite erro: ""Ninguém é maior que o Palmeiras"" ""Não vou arranjar nenhuma ala dentro clube igual ao Allan. Isto é impossível"" Abel fez uma relação entre a limitação dos clubes em contratar jogadores brasileiros e o aumento de estrangeiros, diminuindo a possibilidade de dar oportunidades a possíveis novos talentos que despontem no futebol nacional. – Nós somos impedidos, não entendo essa regra e não me interpretem mal. A maioria me interpreta mal. Eu quero ir buscar, podia ir buscar, buscar quem? Os reservas? Custa-me a entender isso. Depois queremos potenciar o fubtril brasileiro, seleção. Qual a equipe brasileira que mais trabalha pra valorização de jogadores pra a seleção? Não deixo de ser quem sou por não ter gostado do que vi (a entrevista do último jogo), ou sou um frame de 15 segundos ou sou a vossa opinião. – Pepa ficou todo chateado porque à liga portuguesa proibiu de jogar no estádio porque a grama estava ruim. Me chama de chato, eu chamo de reflexões Gostaria muito de contratar jogadores, não posso. Gostaria de ter brasileiros, não posso. As vezes olhamos só para nosso quintal e quando o treinador do Palmeiras fala que é pra construir, dizem que é críticas, minha intenção é valorizar o melhor que vocês tem. Se quiserem ouvir tudo certo, é só minha opinião que tenho pra dar – completou o treinador. Abel Ferreira em Palmeiras x LDU — Foto: Marcos Ribolli A reflexão de Abel partiu de uma pergunta sobre a necessidade de reforços depois da venda do atacante Allan ao Manchester City. O treinador disse ser ""impossível"" conseguir uma reposição para o jogador dentro do clube, indicando a necessidade de ir ao mercado."
"Pai de Jair Cunha se emociona com filho na seleção brasileira: ""Ficha não cai""",09/09/2026,https://ge.globo.com/sp/ribeirao-preto-e-regiao/futebol/noticia/2026/09/09/pai-de-jair-cunha-se-emociona-com-filho-na-selecao-brasileira-ficha-nao-cai.ghtml,"Ancelotti convoca a Seleção Brasileira para os amistosos contra Austrália e Índia A primeira convocação do zagueiro Jair Cunha para a seleção brasileira principal emocionou o pai do jogador , que tem o mesmo nome. Aos 21 anos, o zagueiro do Nottingham Forest foi anunciado pelo técnico Carlo Ancelotti na tarde desta quarta-feira, na primeira lista do Brasil após a Copa do Mundo. Jair estará com a seleção para os amistosos contra Austrália e Índia, entre o fim de setembro e o início de outubro. Serão os primeiros testes do ciclo para a Copa de 2030. Carlo Ancelotti ressalta que o momento é de testar jovens talentos Jair ""pai"" acompanhou a convocação em casa, em Orlândia (SP), cidade do interior de São Paulo na região de Ribeirão Preto (SP), onde o zagueiro nasceu e deu os primeiros passos no mundo da bola. - É um sentimento ímpar, uma coisa que não tem como a gente mensurar. Porque servir à seleção brasileira, servir à pátria, é o sonho de qualquer atleta. A gente não ficou muito surpreso pela qualidade dele, mas claro que quando vem uma notícia dessa é uma realização, é gratificante demais – disse Jair ao ge , emocionado. Zagueiro Jair quando criança ao lado do pai na região de Orlândia (SP) — Foto: Acervo Pessoal Antes de virar jogador profissional, Jair Cunha era destaque no atletismo em Orlândia. Era bom nas provas de tiro curto, como 50 metros, e também nos saltos. Tudo isso por conta da passada larga e pela altura. Até os dez anos de idade, Jair representava a escola que estudava e a cidade em competições pela região. Só que o amor pelo futebol falou mais alto. Ele passou em uma peneira no Santos como zagueiro – não como centroavante, como o pai era e sonhava para o filho - e mudou-se para o litoral paulista aos 11 anos. - A gente ficou com ele em Santos, a trajetória dele toda desde a base até no profissional - conta o pai. Em 2024, Jair teve a história de vida contada pelo Globo Esporte Depois se profissionalizar no Santos, Jair foi para o Botafogo. Destaque na equipe carioca, transferiu-se para o Nottingham Forest. - Acompanhamos ele também no Rio de Janeiro, quando ele foi para o Botafogo. Agora que ele foi para a Inglaterra, a gente está dando suporte um pouco mais à distância, né? Mas estamos dando todo o suporte pra ele. Zagueiro Jair com os pais — Foto: Acervo Pessoal O pai de Jair revelou que já estava ansioso para a primeira convocação, principalmente por Ancelotti ter sinalizado uma renovação para a próxima Copa. - A gente viu que o Ancelotti e a própria diretoria da CBF falou que ia fazer uma renovação, convocar jogadores novos, jogadores que jogaram no Sub-20. Como ele foi campeão sul-americano no Sub-20, teve convocação também para seleção para ir pro Mundial, mas aí não pôde ir por causa do clube, a gente esperava que ele estaria nessa. O pai ainda destacou a felicidade em ver o sonho do filho e de toda família concretizado, e torce para que o garoto se destaque para que seja lembrado em outras convocações. - É uma alegria muito grande, felicidade de tudo que foi feito, tudo que foi trabalhado, tudo que foi preparado, desde lá de quando ele era criança. A gente acreditou nisso, acreditou nesse projeto e agora está se tornando realidade, né? Ele tem que trabalhar muito agora também. Trabalhar nessas convocações para lá em 2030 estar bem maduro, bem preparado, com a cabeça boa. É aproveitar todas as oportunidades que ele tiver a partir dessa primeira. Jair Cunha, zagueiro do Nottingham Forest — Foto: Reuters Ana Thaís comenta convocação da Seleção: ""Adorei a lista, em especial o meio-campo"" Nas redes sociais, Jair comemorou a primeira convocação da carreira. - Esse momento representa a realização de um sonho de uma vida inteira. Desde muito novo, eu e minha família nos dedicamos para viver isso que estou vivendo hoje – celebrou Jair. – Foram muitas renúncias, muito trabalho, inúmeros desafios em busca do objetivo de me tornar jogador profissional e defender um dia a camisa da Seleção Brasileira. Esse sonho agora é real e espero aproveitar da melhor forma a oportunidade para que momentos como esse se repitam cada vez mais – completou o zagueiro. Jair Cunha - Nottingham Forest — Foto: Divulgação/Nottingham Forest"
Estudiantes alega ato obsceno e pede suspensão de Memphis no jogo de volta contra o Corinthians,10/09/2026,https://ge.globo.com/futebol/times/corinthians/noticia/2026/09/10/estudiantes-alega-ato-obsceno-e-pede-suspensao-de-memphis-no-jogo-de-volta-contra-o-corinthians.ghtml,"Corinthians empata com Estudiantes e segue invicto como visitante O Estudiantes acionou a unidade disciplinar da Conmebol cobrando a suspensão de Memphis Depay, do Corinthians , no jogo de volta das quartas de final da Conmebol Libertadores. Os argentinos argumentam que o holandês feriu o código disciplinar da entidade e agiu com conduta antidesportiva e provocação aos torcedores. O lance em questão é a comemoração do gol do Corinthians , anotado no segundo tempo da partida da última quarta, que acabou empatada por 1 a 1. Ao correr na direção de Kaio César, o holandês mostrou o dedo do meio à torcida do time da casa. Memphis mostra o dedo do meio para a torcida do Estudiantes — Foto: ESPN Com base nessas imagens, o Estudiantes pede que Memphis seja enquadrado em dois artigos do código disciplinar que preveem suspensão por pelo menos um jogo na competição ou por um determinado período por cometer as seguintes infrações: Rizek reconhece limitações, mas enaltece postura do Corinthians: ""Não dá para falar um ai"" A Conmebol analisará as imagens da partida e a conduta de Memphis Depay. Em breve, os clubes devem ser notificados da decisão da entidade. O jogo de volta entre Corinthians e Estudiantes será disputado na próxima quarta-feira, às 21h30 (de Brasília), na Neo Química Arena, em São Paulo. Como a ida acabou empatada, o vencedor da partida garantirá vaga nas semifinais da Libertadores. Em caso de nova igualdade, a decisão do classificado será nas cobranças de pênaltis. ""Nesta quinta-feira (10), o Sport Club Corinthians Paulista recebeu uma notificação da CONMEBOL referente à denúncia realizada pelo Club Estudiantes de La Plata contra o atleta Memphis Depay. A data-limite de defesa estipulada pela CONMEBOL foi 17 de setembro – um dia após o jogo de volta das quartas-de-final da CONMEBOL Libertadores. Portanto, uma eventual punição da CONMEBOL somente seria cumprida após o julgamento, que se dará posterior à apresentação da defesa. Respeitando o prazo determinado pela CONMEBOL, o Corinthians realizará esta defesa para evitar qualquer tipo de punição a Memphis Depay""."
Nonato alcança estatística rara no Fluminense com gol na Libertadores,10/09/2026,https://ge.globo.com/futebol/times/fluminense/noticia/2026/09/10/nonato-alcanca-estatistica-rara-no-fluminense-com-gol-na-libertadores.ghtml,"Nonato recebeu um passe açucarado de Hulk e bateu entre as pernas do goleiro! A vitória do Fluminense em busca da vaga na semifinal da Libertadores contra o Platense teve o caminho aberto por Nonato. O volante marcou o primeiro gol, atingindo o feito de balançar as redes em todas as competições que disputou com a camisa tricolor. Revelado pelo São Caetano, o meia chegou ao time carioca pela primeira vez em 2021 emprestado pelo Internacional. Foi vendido ao Ludogorets no ano seguinte, mas voltou em 2024, dessa vez em definitivo. Além da Libertadores, ele fez no Carioca, Brasileirão, Copa do Brasil, Copa Sul-Americana e Copa do Mundo de Clubes. — Me sinto honrado de poder atingir essa marca, ainda mais sendo um volante. Saber que consegui deixar minha marca em todas as competições que joguei pelo clube é algo que me enche de orgulho. Só tenho a agradecer aos meus companheiros e à torcida por todo o apoio desde que cheguei — finalizou. Somando as duas passagens, são 139 jogos com 13 gols marcados e 10 assistências. O último deles foi o primeiro em mata-mata da principal competição da América do Sul. Ele ajudou o clube a levar uma vantagem de dois para a volta, na próxima terça-feira. Caio Ribeiro elogia liderança de Marcão no comando do Fluminense Apesar do tempo de casa, o volante tenta ainda o primeiro título de grande porte como tricolor. Ele conquistou somente o Campeonato Carioca de 2022. Abrir o placar contra o Platense foi especial ainda por outro motivo. — Marcar um gol é sempre especial, mas esse teve um gostinho diferente. Por ser um mata-mata de Libertadores e por ter sido o primeiro para dedicar ao meu filho. Estava ansioso por esse momento, e ele veio na melhor hora possível. Foi um resultado importante para a gente, abrir vantagem foi fundamental, mas não tem nada decidido e vamos buscar essa classificação fora de casa — disse o jogador. Nonato comemora o gol do Fluminense contra o Platense — Foto: André Durão O filho Caio nasceu em julho, e o último gol de Nonato pelo Fluminense havia sido em janeiro, contra o Grêmio pelo Brasileirão. Neste sábado, o camisa 16 deve ter nova chance na partida contra o Atlético-MG, às 16h, na Arena MRV, quando o técnico Marcão vai poupar parte da equipe pensando na Libertadores."
Medina de 10? Entenda como Botafogo pode usar o jogador como opção a Montoro,10/09/2026,https://ge.globo.com/futebol/times/botafogo/noticia/2026/09/10/medina-de-10-entenda-como-botafogo-pode-usar-o-jogador-como-opcao-a-montoro.ghtml,"Voz do Setorista: Os detalhes da chegada de Ziyech para assinar com o Botafogo O Botafogo não tem um substituto imediato para Montoro e não buscou um alvo para a posição nesta janela de transferências. A solução, porém, pode estar em casa, como indicou o interino Rodrigo Bellão. Medina, que foi utilizado no clube apenas como volante, já fez essa função na Argentina. Medina em Botafogo 2 x 2 Internacional, pelo Brasileirão 2026 — Foto: Vitor Silva/BFR Na entrevista coletiva após o empate em 0 a 0 com o Palmeiras, Bellão foi questionado sobre uma reposição para Montoro e afirmou que a resposta está no elenco: — Quanto à reposição, vejo que o Medina pode fazer essa função de camisa 10. Ele jogava assim antes de vir para cá. É uma característica diferente, mas acho que é camisa 10 também. Temos espaço para a chegada de um outro jogador, mas também podemos olhar para a base caso não tenha uma chegada. Mas me sinto muito confortável com o Medina também. Na chegada ao Botafogo, Medina foi utilizado por Martín Anselmi como primeiro volante e não fez bons jogos. Ele não tem características de um marcador e muitas vezes pecou na defesa. Com Franclim Carvalho, jogou como segundo volante e melhorou Medina, no Estudiantes, passou a jogar em um 4-2-3-1 que o colocava como o jogador de centro do meio. No papel, parecia um camisa 10, o que diferia na prática. Medina era um facilitador de jogo no meio de campo, um jogador que encontrava caminhos para o ataque sem necessariamente conseguir gols ou assistências. Jogava mais próximo do lado esquerdo para gerar chances com pontas como Cetré e Palacios, destaques do time campeão argentino. No elenco do Botafogo, quem faz uma função mais parecida com essa é Montoro. Medina, embora não tenha jogado por lá na carreira, é destro e pode ser testado. No clube carioca, fez 28 jogos e marcou dois gols. O Botafogo é o 14º colocado do Brasileirão, com 31 pontos. Neste sábado, às 20h30, enfrenta o Bragantino no Nilton Santos pela 27ª rodada da competição."
"Imprensa internacional repercute ""revolução"" de Ancelotti na Seleção",10/09/2026,https://ge.globo.com/futebol/futebol-internacional/noticia/2026/09/10/imprensa-internacional-repercute-revolucao-de-ancelotti-na-selecao-nova-era.ghtml,"Seleção Brasileira: Ancelotti abre ciclo para Copa de 2030 com oito estreantes A primeira convocação da Seleção após a Copa do Mundo de 2026 repercutiu na imprensa internacional. Jornais de Espanha e Portugal destacaram a ampla renovação promovida por Carlo Ancelotti, com 16 mudanças em relação ao grupo que disputou o Mundial, e trataram a lista como o início de uma nova era do treinador italiano no Brasil. Imprensa internacional repercute ""revolução"" de Ancelotti na Seleção — Foto: Reprodução Na Espanha, o jornal ""As"" foi direto na manchete: ""Ancelotti revoluciona o Brasil: 16 novidades!"". O jornal considera que a convocação representa o verdadeiro ponto de partida do trabalho do italiano pensando na Copa do Mundo de 2030. - A verdadeira era de “Carletto” na Seleção começa agora - escreveu o jornal. O ""As"" destacou a saída de integrantes da geração anterior e a intenção de Ancelotti de combinar jogadores experientes com jovens que devem ganhar espaço nos próximos anos. Para o jornal, Vini Jr. e Raphinha assumem o protagonismo neste novo momento da Seleção. O jornal espanhol também chamou atenção para nomes como Rayan e Estêvão entre os representantes da nova geração. Além dos estreantes, a publicação ressaltou o retorno de jogadores que ficaram fora do Mundial, casos de Estêvão, Andrey Santos e João Pedro. ""Foi uma decepção para nós"", afirma Ancelotti sobre a Copa do Mundo da Seleção Brasileira O ""Mundo Deportivo"", também da Espanha, seguiu linha semelhante. A manchete afirmou que ""Ancelotti revoluciona o Brasil e já mira a Copa de 2030"", destacando a declaração do treinador de que está preparado para comandar o novo ciclo. Imprensa internacional repercute “revolução” de Ancelotti na Seleção — Foto: Reprodução O jornal ressaltou as 16 mudanças em relação ao Mundial. Também destacou a intenção declarada de Ancelotti de lançar uma nova geração e aproveitar o período de quatro anos para construir a equipe com mais tempo do que teve na preparação para a Copa de 2026. Imprensa internacional repercute revolução de Ancelotti na Seleção — Foto: Reprodução Em Portugal, ""A Bola"" também utilizou o termo ""revolução"" para definir as mudanças de Ancelotti, mas escolheu um personagem específico para destacar a convocação. Com passagem pelo Gil Vicente, Samuel Lino ganhou a manchete: ""Ex-Gil Vicente é surpresa na revolução de Ancelotti"". O jornal português destacou a presença do atacante do Flamengo e chamou atenção também para o número de jogadores que atuam no futebol brasileiro."
"Abel diz ficar triste sem atletas do Palmeiras na Seleção, mas valoriza base e conversa com Ancelotti",10/09/2026,https://ge.globo.com/futebol/times/palmeiras/noticia/2026/09/10/abel-diz-ficar-triste-sem-atletas-do-palmeiras-na-selecao-mas-valoriza-base-e-conversa-com-ancelotti.ghtml,"Abel admite ter errado nas palavras ao falar sobre o palmeirense desfrutar do momento – Fico triste quando olho para a convocação da seleção brasileira e não vejo nenhum do Palmeiras . Mas vejo lá o Vitor Reis, o Estevão, Danilo, Endrick. Em função da dinâmica financeira e esportiva, na minha opinião temos feito um trabalho consistente. Essas foram as palavras de Abel Ferreira, na quarta-feira, ao responder sobre os erros que cometeu nos últimos anos para perder os títulos que disputava. Ele defendeu o Palmeiras como dono do trabalho mais consistente do país, refletiu sobre a valorização de atletas no clube e compartilhou os temas da conversa com o técnico da seleção brasileira, Carlo Ancelotti. Eles se encontraram no domingo, antes do empate com o Botafogo, no Nilton Santos. Conversaram sobre atletas, gramado sintético, e Abel prometeu entregar-lhe uma garrafa de vinho quando visitar o clube em São Paulo. Abel Ferreira e Carlo Ancelotti no Nilton Santos antes de Botafogo x Palmeiras — Foto: Cesar Greco / Palmeiras – O que posso prometer é que trabalhamos para competir e lutar por títulos até o fim. É a equipe mais consistente ao longo dos últimos anos, mesmo sem títulos expressivos no ano passado. Trabalho não pode ser só avaliado pelos resultados. É pelos resultados, pelos processos, valorização dos jogadores – disse Abel, voltando a citar a formação do clube. – Podíamos ter o Allan na Seleção, mas tivemos que vender e temos que ir atrás de outras soluções, recursos. É tentar equilibrar sempre a equipe sem perder a competitividade, e é o que o Palmeiras tem feito nos últimos anos – completou. ""Não vou arranjar nenhuma ala dentro clube igual ao Allan. Isto é impossível"" Mais notícias do Palmeiras : + Giay faz seu melhor jogo e decide vitória; dê suas notas + Abel admite erro: ""Ninguém é maior que o Palmeiras"" Esse trabalho de valorização de atletas, relata Abel, fez parte da conversa com Ancelotti. Eles haviam conversado antes por telefone, na época em que o Palmeiras negociou Endrick para o Real Madrid, quando o italiano ainda estava no clube. – Foi um dos treinadores que estudei, porque acredito muito no que ele diz. Organização defensiva, talento e a criatividade dos jogadores. Acho que é uma mais valia para o futebol brasileiro, que consigam aproveitar a sabedoria que ele tem – iniciou o técnico. – Ele perguntou: ""Tu jogas em um gramado sintético?"". Professor, eu prefiro jogar mil vezes em um sintético como o do Palmeiras do que ir para o do Fluminense e o Maracanã, que eu olhava quando moleque, ver um estádio daquela dimensão com um gramado natural daquele jeito. Enquanto isso não for alterado, eu prefiro jogar em sintéticos. Veja a coletiva de Abel Ferreira após vitória do Palmeiras sobre a LDU – Gostaria de ter falado muito mais, disse que tenho uma garrafa da minha seleção particular, disse o meu é humilde, simples, mas é meu, português. Ofereço a pessoas que me ajudam, que me inspiro e que eu goste. Disse que só iria lhe oferecer quando vier ao Palmeiras e visitar-nos. Será um gosto recebê-lo aqui. Seja aqui ou na Academia. O vinho citado pelo treinador faz parte da Reserva do Comendador, produzido pela Adega Mayor, do Alentejo, em Portugal, e é entregue em uma caixa personalizada com uma mensagem do treinador português, que ainda detalha um último tópico da conversa. – Perguntou-me por outro jogador aqui dentro, eu disse que os que potenciamos iria levar, perguntou de dois, vamos continuar a trabalhar, fazer o que acreditamos, não só para o que é a valorização do Palmeiras e valorizar o jovem jogador para que a Seleção possa aproveitar, não só para o presente como para o futuro. Nesta convocação, divulgada na tarde de quarta-feira, em que Carlo Ancelotti priorizou jogadores mais jovens, quatro foram formados pelo Palmeiras : o zagueiro Vitor Reis, hoje no Manchester City, o volante Danilo Santos, que está no Botafogo, e os atacantes Endrick, ainda em 2024 negociado ao Real Madrid, e Estêvão, do Chelsea."
"Giay exalta Abel por boa fase no Palmeiras e sonha com chance na Argentina: ""Todo jogador quer""",10/09/2026,https://ge.globo.com/futebol/times/palmeiras/noticia/2026/09/10/giay-exalta-abel-por-boa-fase-no-palmeiras-e-sonha-com-chance-na-argentina-todo-jogador-quer.ghtml,"Palmeiras 1 x 0 LDU | Melhores Momentos | Conmebol Libertadores 2026 Giay precisou de 98 jogos para fazer seu primeiro gol pelo Palmeiras . Ele decidiu a vitória por 1 a 0 sobre a LDU, do Equador , na ida das quartas de final da Conmebol Libertadores e agradeceu a Abel Ferreira pelo bom momento que vive no clube. – Temos um treinador muito bom, ajuda muito a todo mundo. Quando as coisas não correm bem, ele faz um trabalho muito bom, fica perto do jogador. Quando precisa melhorar coisas, ele fala. Gosta de conversar. Para mim, ajudou muito. Estou feliz e agradeço a ele – declarou. Mais notícias do Palmeiras : + Abel admite erro em entrevista + Deyverson sonha com retorno Palmeiras x LDU, comemoração do gol de Giay — Foto: Marcos Ribolli Conhecido pela força defensiva, Giay até o fim de agosto não tinha gols nem assistências pelo Palmeiras . Na vitória por 3 a 0 sobre o Santos, na Copa do Brasil, deu o primeiro passe para gol; e na quarta, enfim, marcou. Nos dois momentos, o lateral foi muito festejado pelo elenco. – Melhor que todo mundo comemore, dizer que todo mundo fica feliz porque faço gol. Feliz para seguir trabalhando neste caminho (risos). Giay chegou a sonhar com a convocação pela seleção argentina para disputar a Copa do Mundo, mas fez apenas parte dos treinos preparatórios antes do Mundial. Com a sequência positiva no Palmeiras , ele nutre a expectativa de receber uma oportunidade para jogar na sua equipe nacional. – Estou feliz, desfrutando o momento no Palmeiras . Dando meu melhor, acho que está saindo um jogo bom, posso ajudar ao time na parte ofensiva, também. Quando você dá seu melhor no clube, é reconhecido na seleção. Trabalhar e obviamente com sonho de ser convocado para a seleção. Todo jogador quer isso. Fiz toda a seleção de base, fui para a principal – completou."
"Rival do Flamengo na Libertadores é destaque em jornal espanhol: ""Revoluciona a América do Sul""",10/09/2026,https://ge.globo.com/futebol/futebol-internacional/noticia/2026/09/10/rival-do-flamengo-na-libertadores-e-destaque-em-jornal-espanhol-revoluciona-a-america-do-sul.ghtml,"Del Valle virou potência com formação antirracista e tenta assombrar novamente o Flamengo Adversário do Flamengo nas quartas de final da Libertadores, o Independiente del Valle ganhou destaque na imprensa espanhola às vésperas do confronto. O jornal espanhol “As” publicou uma reportagem nesta quarta-feira exaltando o crescimento do clube equatoriano nas últimas duas décadas e classificou o projeto da equipe como uma verdadeira “revolução” no futebol sul-americano. O jornal lembra que, em 2006, o Del Valle ainda disputava a terceira divisão do Equador. Vinte anos depois, o clube se consolidou como uma das forças do continente e construiu um modelo baseado principalmente em infraestrutura, formação de jogadores, uso de dados e responsabilidade financeira. Rival do Flamengo na Libertadores é destaque em jornal espanhol — Foto: Reprodução Segundo o jornal espanhol, a transformação começou principalmente a partir de 2007, com a chegada de um grupo de empresários liderado por Michel Deller. A partir daquele momento, o clube passou por uma mudança de gestão e direcionou investimentos para estrutura, captação de talentos e desenvolvimento de jogadores. O Del Valle construiu um moderno centro de treinamento e o Estádio Banco Guayaquil, além de profissionalizar diferentes departamentos do clube. Outro ponto destacado é a estratégia de desenvolver atletas, aproveitá-los no time principal e posteriormente negociá-los, utilizando parte do dinheiro recebido para alimentar novamente a estrutura de formação. A base é apontada como um dos pilares do projeto. O clube mantém uma escola dentro do centro de treinamento para os jovens das categorias inferiores e oferece suporte físico e psicológico aos atletas. A metodologia de formação também recebeu influência europeia, inclusive com a contratação de profissionais estrangeiros para padronizar conceitos desde as categorias mais novas até a equipe profissional. Estádio Atahualpa vai receber Independiente del Valle x Flamengo — Foto: Luiza Sá/ge O crescimento estrutural foi acompanhado por resultados expressivos. O Independiente del Valle chegou à final da Libertadores de 2016, conquistou a Copa Sul-Americana em 2019 e 2022 e levantou a Recopa Sul-Americana de 2023 justamente diante do Flamengo, com o título confirmado no Maracanã. Libertadores: Flamengo enfrenta o Independiente del Valle Além das conquistas continentais, o clube também acumulou títulos nacionais e aumentou sua presença na Libertadores. O jornal espanhol destaca que o Del Valle deixou de ser apenas uma surpresa no continente e passou a ser encarado como um adversário de peso no futebol sul-americano."
Samuel Lino coroa auge pelo Flamengo com convocação e está a dois gols de ano mais artilheiro,10/09/2026,https://ge.globo.com/futebol/times/flamengo/noticia/2026/09/10/samuel-lino-coroa-auge-pelo-flamengo-com-convocacao-e-esta-a-dois-gols-de-ano-mais-artilheiro.ghtml,"Pedro e Samuel Lino, do Flamengo, comemoram convocação à Seleção Brasileira É quase impossível olhar para a temporada do Flamengo sem lembrar de Samuel Lino. Principal jogador da Era Leonardo Jardim, o atacante se destacou tanto que foi convocado por Carlo Ancelotti para a Seleção e vive o melhor momento desde que voltou ao Brasil. Longe das polêmicas e em boa fase, ele deve ter a primeira chance de jogar na altitude nesta quinta-feira, contra o Independiente del Valle, às 21h30 (de Brasília). Lino está a dois gols de igualar a temporada mais artilheira da carreira. Ele tem 12 neste ano e mira as 14 bolas na rede na temporada 2021/22 pelo Gil Vicente, de Portugal. O destaque nos 38 jogos daquela época o fez ser negociado com o Valencia, da Espanha. Apesar de ter marcado mais vezes, o atacante somou cinco assistências pela equipe portuguesa, enquanto já tem 10 pelo Fla nas 43 partidas de 2026. Diante do Cusco, ainda na fase de grupos da Libertadores deste ano, Lino ficou apenas no banco de reservas e não teve a experiência de atuar nessas condições. Agora, a tendência é que Jardim utilize o atacante, que marcou seis gols nos últimos 10 jogos. Samuel Lino esteve na lista larga para a Copa do Mundo de 2026, mas não foi convocado. Ele foi lembrado pelo treinador italiano em agosto do ano passado, quando foi chamado para substituir Matheus Cunha, lesionado, durante uma Data-Fifa. Naquele momento, porém, estava longe do protagonismo que tem hoje no Fla. Samuel Lino comemora o gol da vitória do Flamengo sobre o Remo — Foto: Gilvan de Souza / Flamengo o último jogo, Lino também deixou para trás uma polêmica com Arrascaeta. No jogo contra o Mirassol, ele demonstrou irritação por não receber o passe em algumas jogadas ofensivas, especialmente do uruguaio. Logo depois da partida, o atacante já colocou panos quentes na situação e disse que reclamou do gramado. No primeiro treinamento após o episódio, Arrascaeta chamou Lino na frente de todo o grupo para conversar e aparar as arestas. Os dois se entenderam e no último jogo, contra o Remo, o camisa 16 marcou o gol da vitória com um passe do meia. — Zero polêmica sobre isso. Às vezes o jogador está com vontade de fazer gol, melhor posicionado, com vontade de fazer gol... Eu estava de cabeça quente, mas a gente já se acertou como grupo e está unido para buscar o melhor para o Flamengo — afirmou Lino. Melhorar o rendimento do camisa 16 era uma das missões estabelecidas pelo Flamengo ainda no início da temporada, com Filipe Luís. O clube acreditava que Lino pudesse mostrar mais o seu futebol depois de uma pré-temporada e um plano individual de desenvolvimento. Mais ambientado, o jogador foi favorecido pelo estilo de jogo de Jardim. Com mobilidade, jogando entre as linhas, solto e ocupando espaços, o atacante apareceu bem na ponta, no meio e se tornou homem de confiança. Na atual temporada, Samuel Lino tem 43 jogos, 12 gols marcados e 10 assistências. Nesta quinta-feira, no Estádio Olímpico Atahualpa, em Quito, terá a possibilidade de novamente puxar os holofotes para ajudar o Flamengo a buscar uma vaga na semifinal da Libertadores."
Millán cresce ao lado de Thiago Silva e acirra disputa por vaga na defesa do Fluminense,10/09/2026,https://ge.globo.com/futebol/times/fluminense/noticia/2026/09/10/millan-cresce-ao-lado-de-thiago-silva-e-acirra-disputa-por-vaga-na-defesa-do-fluminense.ghtml,"ge Fluminense analisa atuações da zaga tricolor Millán acirrou de vez a disputa pela titularidade na zaga do Fluminense . Na última terça-feira, contra o Platense, pelo jogo de ida das quartas de final da Libertadores, o defensor colombiano chegou ao terceiro jogo seguido como titular e fez mais uma boa partida, despontando na briga por uma vaga entre os 11 iniciais. Essa é a primeira sequência que Millán tem como titular da equipe tricolor. O jogador teve poucas oportunidades com Zubeldía e, após a Copa, se lesionou na primeira partida do Fluminense, contra o Bragantino. No entanto, desde que Marcão assumiu o comando do time, a maré virou para o zagueiro. Ele entrou em cinco dos seis jogos do Flu, sendo titular em três deles. Millán contra o Platense, pela Libertadores — Foto: Marcelo Gonçalves / Fluminense FC A briga pela vaga não é simples. Até a boa sequência do zagueiro, o Fluminense havia consolidado a dupla formada por Ignácio e Thiago Silva. Após o acúmulo de lesões entre os defensores do elenco, Ignácio agarrou a oportunidade e assumiu a vaga ao lado do capitão. Porém, com a ausência de um dos dois zagueiros em alguns jogos, como contra o Vasco e na Libertadores, Millán voltou a ganhar oportunidades e respondeu à altura. Enfrentando o Platense, fez sua primeira partida completa ao lado de Thiago Silva e destacou a parceria: — Obviamente é um privilégio ter o Thiago como companheiro. Tenho que escutar a ele sempre porque sabemos da importância e do quão importante é para Fluminense. Tenho que aprender muito. É muito importante. Sempre o segui onde esteve, na seleção brasileira, onde jogou na Europa e agora é um privilégio tê-lo como companheiro. Millán fala a experiência de conviver com Thiago Silva Além do bom desempenho do defensor, outros fatores complementam a consolidação na briga por espaço entre os titulares. Recentemente, o Fluminense passou por dificuldades na bola aérea defensiva, e Millán tem se destacado no quesito. No jogo contra o Vasco, por exemplo, Millán somou 12 cortes de bolas cruzadas na direção da área tricolor, e foi responsável direto na vitória por 1 a 0 no clássico. Outro tópico que valoriza a presença do zagueiro no time é a saída de bola. Na ausência de Thiago Silva, ficou a cargo do colombiano o primeiro passe na linha defensiva. Contra o Platense, mesmo ao lado do capitão, também foi bastante participativo. O fato de ser um zagueiro canhoto atuando pelo lado esquerdo do campo também facilita. Sem ele, o Fluminense joga com dois zagueiros destros. Questionado sobre titularidade, Millán foi sucinto: — Estou pronto. Sempre à disposição para fazer as coisas da melhor maneira para o clube, e aí o professor decide. Millán em Fluminense x Platense — Foto: Marcelo Gonçalves / Fluminense FC"
Gabriel Jesus alcança Rivaldo em lista de brasileiros com mais gols na Champions League,10/09/2026,https://ge.globo.com/futebol/futebol-internacional/futebol-espanhol/noticia/2026/09/10/gabriel-jesus-alcanca-rivaldo-em-lista-de-brasileiros-com-mais-gols-na-champions-league.ghtml,"Barcelona 5 x 1 Feyenoord | 1ª rodada | Fase de liga | Liga dos Campões 2026/27 Novo camisa 9 do Barcelona , Gabriel Jesus precisou de poucos minutos para cumprir a missão de um centroavante: nesta quarta, ele entrou na reta final da partida contra o Feyenoord e fechou a goleada por 5 a 1, na estreia do time espanhol na Liga dos Campeões da Uefa, no Camp Nou. Um gol com sabor especial para o atacante, que igualou Rivaldo como o quarto brasileiro com mais gols na Champions: 27. Curiosamente, assim como o campeão mundial de 2002, Gabriel Jesus marcou por três clubes diferentes: Manchester City, Arsenal e, agora, Barcelona. Rivaldo fez gol na competição com as camisa do Barcelona, Milan e Olympiacos. - Rivaldo é fora de série, um ídolo deste clube e um cara que eu sempre admirei dentro de campo. É prazeroso dividir essa lista com grandes nomes da nossa história, com tantos gênios e craques que só o Brasil pode proporcionar, cada um no seu tempo e período atuando a Champions - afirmou Gabriel Jesus após o jogo, através da sua assessoria. Brasileiros com mais gols na Champions League: Gabriel Jesus, do Barcelona, comemora gol contra o Feyenoord, pela Liga dos Campeões. — Foto: REUTERS/Albert Gea Contratado na reta final da janela de transferências, Gabriel Jesus fez apenas sua segunda partida pelo Barcelona nesta quarta. Ele já tinha entrado nos minutos finais da goleada por 5 a 0 sobre o Valencia, domingo, no Mestalla, pelo Espanhol. No primeiro jogo pelo Barça no Camp Nou, conseguiu deixar sua marca para fechar outra goleada. - É a mesma sensação de quando fiz meu primeiro gol na carreira, uma emoção diferente. Meu primeiro gol no Camp Nou lotado, algo que eu sempre projetei e já pude realizar no meu segundo jogo entrando em campo - declarou o brasileiro. Ano passado, Gabriel Jesus estava no Arsenal vice-campeão da Champions, mas teve poucas oportunidades no time de Mikel Arteta. Agora, ele torce para um final feliz com o Barcelona. - Gosto muito de jogar essa competição. Ano passado bati na trave e espero que essa temporada seja diferente."
"Avaí anuncia a contratação de Rildo, ex-Grêmio",10/09/2026,https://ge.globo.com/sc/futebol/times/avai/noticia/2026/09/10/avai-anuncia-a-contratacao-de-rildo-ex-gremio.ghtml,"Avaí perde para o Fortaleza e segue no Z-4 da Série B Conforme adiantado pelo ge , o Avaí contratou o atacante Rildo, que estava no Santa Clara, de Portugal. O atleta de 26 anos firmou contrato com o Leão da Ilha por empréstimo junto ao clube português até 30 de junho de 2027. Rildo chegou a atuar em uma partida do Campeonato Português nesta temporada, no empate em 2 a 2 com o Nacional, no dia 10 de agosto. Avaí perde mais uma e presidente tenta controlar crise Rildo fez base no São Paulo e Grêmio, inclusive, foi no clube gaúcho que o atacante estreou no futebol profissional, em 2021. Além deles, ele passou por Brasil de Pelotas, Bahia, Portimonense (de Portugal), Juventude, Goiás, Portuguesa e Levski Sofia (Bulgária). Rildo é novo atacante do Avaí — Foto: Divulgação/AFC Mais notícias do esporte catarinense no ge.globo/sc"
Da falência na 4ª divisão da Itália ao luxo na Champions: entenda o projeto que transformou o Como,10/09/2026,https://ge.globo.com/futebol/futebol-internacional/liga-dos-campeoes/noticia/2026/09/10/da-falencia-na-4a-divisao-da-italia-ao-luxo-na-champions-entenda-o-projeto-que-transformou-o-como.ghtml,"Conheça o Como, novo rico da Itália e clube das estrelas de Hollywood A Champions League 2026/27 tem quatro times estreantes, mas a trajetória do Como parece ser singular. O pequeno clube da Itália, que nunca foi campeão da Serie A e deixou para trás os gigantes Milan e Juventus , estava na quarta divisão há sete anos . Nesta quinta-feira, depois da consolidação de seu projeto pouco convencional, faz o primeiro jogo na Liga dos Campeões, contra o RB Leipzig, no Stadio Giuseppe Sinigaglia. Como 1907 promete incomodar os grandes clubes da Europa na Champions League — Foto: Reuters O ge contou em fevereiro de 2025 parte da história do Como, que virou o novo rico da Itália e o ""queridinho"" das estrelas de Hollywood. O clube estava quebrado e na quarta divisão do país em 2019, mas voltou à Serie A em 2024. Dois anos depois, alcançou a Champions. Hoje o clube do extremo norte da Itália é uma força emergente . Investiu quase 130 milhões de euros (R$ 771,5 milhões) na última janela de transferências, segundo o jornal ""Gazzetta dello Sport"" . A equipe se encontra em quarto lugar na tabela da Serie A, com sete pontos . Em três rodadas, empatou com a Udinese e venceu Napoli e Genoa. A equipe fez sete amistosos na pré-temporada, incluindo um contra o Arsenal e dois contra o Liverpool. Somando jogos oficiais e não-oficiais, o Como sofreu só uma derrota em 10 partidas. O ex-jogador espanhol de 39 anos começa a sua quarta temporada como técnico do time principal do Como. Desde novembro de 2023, quando assumiu o comando da equipe de forma interina, passando pela efetivação em julho de 2024 , até os dias atuais, Fàbregas sempre foi tratado como pilar fundamental do projeto esportivo do clube. Sua visão de longo prazo é desenvolver jogadores jovens, organizar uma estrutura esportiva relevante, construir um novo estádio e, em suma, estabelecer o Como como um clube forte e sustentável em todos os sentidos . No campo, um time proativo, que controle o ritmo do jogo, faça pressão alta, e conte com atletas ambiciosos e adaptáveis. — Entendo as emoções na cidade e no clube. Entendo que o grande destaque aqui é o fato de ser a primeira partida do Como na Liga dos Campeões, mas, para os jogadores, tem de ser um jogo como qualquer outro . O importante para mim é que, aconteça o que acontecer, nós expressemos nossa ideia de futebol. É isso que o futebol significa para mim: cada partida deve ser disputada com a nossa identidade — comentou Fàbregas, na véspera deste jogo contra o RB Leipzig. Cesc Fàbregas é talvez o maior responsável pelo sucesso do Como, estreantes na Champions League — Foto: Reuters Ele participa de decisões que normalmente extrapolam a função de um treinador de futebol. O presidente Mirwan Suwarso descreve Fàbregas como ""Football CEO"" do projeto. Mas há um detalhe: Fàbregas é de fato um dos acionistas minoritários do clube. Contratado como técnico até junho de 2028, Fàbregas é quem manda nos aspectos táticos do time profissional. Quando o assunto é contratar, ele tem o mesmo poder de voz que outros diretores do chamado ""Conselho de Futebol"" do clube, composto por seis pessoas. O elenco do time italiano mistura jogadores jovens com alguns nomes mais experientes e renomados no futebol internacional. Um grupo que tem agora o goleiro Robert Sánchez e o zagueiro Chalobah, ex-Chelsea, os laterais brasileiros Kaiki Bruno e Yan Couto, o atacante Moise Kean e, como maior destaque, o meia argentino Nico Paz. Em anos recentes, o Como contou com o centroavante espanhol Álvaro Morata, o zagueiro Diego Carlos, o lateral Sergi Roberto, ex-Barcelona, o zagueiro francês Varane, entre outros. Porém, o momento desta vez é de nomes ainda promissores , como os pontas Diao e Jesús Rodríguez, assim como o meia Baturina. As contratações obedecem a um modelo de jogo já estabelecido, com um portfólio de jogadores valorizáveis no mercado. Nico Paz é o organizador do jogo do Como, que promete incomodar nesta Champions League — Foto: Reuters * O mercado de inverno da temporada 2026/27 será apenas em janeiro do ano que vem. O presidente do Como é o executivo Mirwan Suwarso, a serviço do grupo Djarum, da indústria de cigarro, e um dos maiores e mais poderosos conglomerados da Indonésia, controlado pela família Hartono. O clube de futebol virou propriedade do Djarum em 2019. Executivo de mídia e entretenimento, Suwarso recebeu dos irmãos Robert e Michael Hartono a missão de ser o responsável pela gestão do projeto. No início, o plano não era transformar o clube em potência nacional, mas sim em cenário para documentários sobre futebol, para a televisão da Indonésia. Diante das possibilidades econômicas que o Como proporcionava, o plano mudou. Passou a ser alterar a imagem da instituição, deixando o papel de pequeno centenário clube de futebol falido e virando uma marca global de estilo de vida luxuoso. — Nós não temos metas esportivas. Objetivos esportivos não são mensuráveis quando você está rodando um negócio. E o que fazemos aqui é gerir um negócio — comentou Mirwan Suwarso, em entrevista recente ao site ""Spear's"", dedicado ao mercado de luxo. Em seu site oficial, o Como oferece peças de vestuário que vão muito além das tradicionais camisas de futebol. Coleções para corrida de carro, passeio em barco, trilha, alta costura ... Entre as empresas parceiras estão Brioni, Rhude, Hublot e Adidas. O clube também vende passeios de turismo para a região do Lago Como — o pacote ""clássico"" de três noites custa 3.560 euros, o equivalente a R$ 21 mil. Michael Fassbender, Keira Knightley e James Righton durante jogo do Como na Itália — Foto: Getty Images O uso de análises de dados permeia diferentes áreas do clube. Essas análises ajudaram a apontar, por exemplo, problemas de performance nesses anos de subida até a elite do Campeonato Italiano, mesmo quando os resultados não mostravam problemas. O departamento de recrutamento para o futebol do Como é liderado por Barend Verkerk, que conta com um analista de dados e seis scouts, além de três analistas táticos e dois psicólogos esportivos. Da 4ª divisão da Itália à Champions: entenda a transformação do Como 1907 Depois da estreia hoje contra o RB Leipzig, o Como enfrenta na fase de liga da Champions: Feyenoord (fora), Manchester United (casa), Lens (fora), AEK Atenas (casa), Betis (fora), PSG (casa) e Barcelona (fora). Mas o clube ainda não conseguiu montar um elenco encorpado, que possa aguentar a disputa simultânea da Liga dos Campeões, Campeonato Italiano e Copa da Itália. A direção do clube trabalha com a perspectiva de superávit, ou seja, rodar no azul, nas duas próximas temporadas. Só que o estádio Giuseppe Sinigaglia, às margens do Lago Como, precisou passar por reforma para atender às exigências das competições da Uefa . Reconstrução de parte da arquibancada, sistema de iluminação novo e ampliação do gramado. O estádio, que tem capacidade hoje para cerca de 12 mil torcedores, também deve receber novos assentos no ano que vem. Esse tamanho limita os ganhos do clube com receitas de dias de jogo, principalmente na comparação com outros clubes da Itália. Apesar disso, o Como conseguiu dobrar a receita de bilheteria e aumentar o merchandising em 300%, ao final da temporada 2025/26. O futebol é usado para abrir canais de distribuição e introduzir produtos cada vez mais sofisticados. Mas a direção reconhece que as iniciativas não podem ter ""preços exorbitantes"" para os habitantes da região, como admitiu o próprio Suwarso, em entrevista à Revista ""Undici"". Estádio Giuseppe Sinigaglia, casa do Como 1907 — Foto: Divulgação / Como 1907"
"Atuações do Corinthians: Garro dá assistência, e Kaio César decide na Libertadores; dê suas notas",09/09/2026,https://ge.globo.com/futebol/times/corinthians/noticia/2026/09/09/atuacoes-do-corinthians-garro-da-assistencia-e-kaio-cesar-decide-na-libertadores-de-suas-notas.ghtml,"Fez grande defesa nos minutos finais para segurar o empate. Não teve culpa no gol sofrido pelo Corinthians no primeiro tempo. Competiu no lado direito e cedeu poucas chances aos atacantes adversários na defesa. Atuação regular, mas não conseguiu fazer a diferença no ataque. Boa atuação defensiva, com cortes e desarmes. Cometeu poucos erros e teve uma atuação segura na Argentina. Foi derrubado por Alexis Castro na grande área, no escanteio que resultou no gol do próprio atacante. Pareceu inseguro em alguns momentos do primeiro tempo, mas melhorou na etapa final. Teve pouco espaço para ficar com a bola pelo lado esquerdo e não se destacou no ataque. No campo de defesa, conseguiu interceptar jogadas do Estudiantes. Acertou boas inversões para o campo de ataque e serviu como desafogo para o time em alguns momentos. Se movimentou pelos dois lados do campo, encontrou espaços pelo lado direito do ataque e contribuiu defensivamente com desarmes. No segundo tempo, cansou e deu lugar a Charles. Entrou no segundo tempo e ajudou o time na defesa. Perdeu a bola no lance que antecedeu o escanteio que resultou no gol do Estudiantes, mas se recuperou. No início do segundo tempo, fez boa jogada e deu lindo passe para Kaio César avançar e empatar a partida. Ficou pouco tempo em campo e, por isso, sem nota. Recebeu lindo passe de Garro no início do segundo tempo, invadiu a área e bateu rasteiro na saída de Muslera. Poderia ter tido atuação ainda melhor se tivesse tomado decisões mais acertadas durante a partida. Ainda distante do ritmo ideal, o holandês teve apenas uma finalização, para fora, e pouco contribuiu para o desempenho ofensivo da equipe. Entrou nos minutos finais e não participou do jogo. Foi um dos poucos que se salvaram no primeiro tempo. Cadenciou o jogo no meio de campo e ajudou a controlar a euforia inicial do Corinthians. Manteve a tranquilidade para jogar na etapa final com o ajuste no posicionamento dos meias. Conseguiu montar uma equipe que cedeu poucas chances claras ao adversário. O gol sofrido nos primeiros minutos saiu de escanteio, após três defensores reclamarem de faltas no lance. Apesar de controlar o primeiro tempo, viu o time levar alguns sustos. Na etapa final, ajustou o posicionamento do meio e o time melhorou. Corinthians X Estudiantes - Taça Conmebol Libertadores 2026 - Quartas de final Avalie os atletas para aparecer no compartilhamento Estudiantes 1 x 1 Corinthians | Melhores momentos | Quartas de final | CONMEBOL Libertadores 2026 Mais notícias do Corinthians : + Matheuzinho, Hugo e Bidon festejam convocação para a Seleção + Dívida do Corinthians com empresário se aproxima de R$ 100 milhões Jogadores do Corinthians antes de jogo contra o Estudiantes, pelas quartas de final da Conmebol Libertadores — Foto: Gabriel Oliveira"
"Investigado pela Polícia, Julio Casares é expulso do São Paulo",10/09/2026,https://ge.globo.com/futebol/times/sao-paulo/noticia/2026/09/10/investigado-pela-policia-julio-casares-e-expulso-do-sao-paulo.ghtml,"Julio Casares gastou mais de R$1 milhão no cartão do São Paulo Julio Casares está expulso do São Paulo . Em votação que terminou nesta quinta-feira, o Conselho Deliberativo aprovou a expulsão do ex-presidente, por 223 votos a cinco, do quatro associativo do clube. Nos últimos meses, Julio Casares enfrentou um processo na Comissão de Ética do São Paulo , que recomendou a expulsão ao Conselho Deliberativo por gestão temerária ou irregular. O ex-presidente também é investigado pela Polícia Civil e pelo Ministério Público pelos mesmos motivos. Julio Casares foi presidente do São Paulo de janeiro de 2021 a janeiro de 2026 e conquistou os títulos da Copa do Brasil, do Campeonato Paulista e da Supercopa Rei. Ele sofreu impeachment no início deste ano e entregou o cargo em seguida, antes de ter o impedimento votado em Assembleia Geral pelos sócios. Mais do São Paulo : + E o Pedro Ferreira? Entenda por que joia da base não engrenou no time profissional do São Paulo Julio Casares em Flamengo x São Paulo — Foto: Jorge Rodrigues/AGIF De maneira unânime, os cinco membros da Comissão de Ética (Luiz Braga, Mario Celso Braga, Milton Jose Neves Junior, José Edgard Galvão Machado e Fabio Cesar de Souza Azambuja) votaram pela expulsão de Julio Casares. A decisão foi baseada em investigações internas que apontaram gestão temerária ou irregular de Julio Casares, presidente do São Paulo de 2021 a janeiro de 2026. O ex-dirigente foi enquadrado no Artigo 34 do Estatuto Social. Casares em restaurante com filha, amiga e namorada — Foto: Reprodução / Instagram O relatório da Comissão de Ética, do relator Luiz Braga, cita a constatação de aproximadamente R$ 7 milhões em saques das contas do clube ""cuja documentação não permitia comprovar adequadamente origem, finalidade e destino"". Outro argumento da Comissão de Ética são os gastos no cartão corporativo do São Paulo . O relatório cita compras em estabelecimentos de luxo, restaurantes, charutaria, salões de beleza, despesas médicas e medicamentos pessoais, além de compras até em petshops. O caso foi revelado pelo ge em reportagem de julho deste ano, mostrando que Julio Casares gastou R$ 1 milhão no cartão corporativo do São Paulo . Entre os gastos estão 71 idas ao Esch Café, uma casa de charutos; 53 pagamentos ao Gero, um dos restaurantes mais badalados da capital paulista; e diversas despesas em lojas de luxo. Casares devolveu R$ 560.401,74 ao São Paulo em novembro do ano passado, quando já era investigado pela Polícia Civil por possíveis irregularidades em sua gestão. Julio Casares ao lado de médico — Foto: Reprodução / Instagram A Comissão de Ética recomendou que Casares indenize o São Paulo com base no Artigo 11 do Estatuto Social, que diz que a penalidade de indenização “é aplicável ao associado que (...) causar dano ou prejuízo material ao clube”. O valor ainda será apurado. Em meio às investigações, Julio Casares pediu o encerramento do processo contra ele na Comissão de Ética. O relatório aprovado pelo Conselho explica também por que o pedido de encerramento do processo não foi aceito, usando como base o Artigo 38 do Estatuto Social do clube, que determina que não será aceito o pedido de demissão do quadro associativo do São Paulo durante um procedimento administrativo disciplinar, até sua conclusão. A Comissão de Ética argumenta que isso não impede que Julio Casares deixe o quadro associativo do São Paulo “para sempre”, mas apenas durante o processo que enfrenta e que pode acarretar sua expulsão. Nos últimos meses, por envolvimento no esquema de exploração de um camarote clandestino do Morumbis, Douglas Schwartzmann, Mara Casares e Marcio Carlomagno foram expulsos do São Paulo."
Palmeiras inicia preparação para clássico contra São Paulo com desfalques e um retorno,10/09/2026,https://ge.globo.com/futebol/times/palmeiras/noticia/2026/09/10/escalacao-palmeiras-inicia-preparacao-para-classico-contra-sao-paulo-com-desfalques-e-um-retorno.ghtml,"Palmeiras 1 x 0 LDU | Melhores Momentos | Conmebol Libertadores 2026 Passada a vitória por 1 a 0 sobre a LDU , na última quarta-feira, pelo primeiro jogo das quartas de final da Conmebol Libertadores, o Palmeiras retomou as atividades nesta quinta pela manhã e iniciou a preparação para o clássico contra o São Paulo com desfalques e apenas um retorno. O volante Marlon Freitas e o zagueiro Barboza, titulares na última partida, cumprem suspensão e não enfrentam o rival, às 18h30 do sábado, no Nubank Parque pela 27ª rodada do Brasileiro. Mais notícias do Palmeiras : + Abel critica regra do limite de jogos para mudar de clube + Giay exalta Abel por boa fase no Palmeiras Andreas Pereira em treino de reapresentação do Palmeiras — Foto: Cesar Greco / Palmeiras Por outro lado, o meio-campista Andreas Pereira, que cumpriu suspensão na Libertadores, pode atuar contra o São Paulo e voltará à escalação titular. Pode ser acompanhado no setor por Lucas Evangelista ou por Emiliano Martínez. Os atletas que foram titulares contra a LDU fizeram um treino regenerativo, enquanto os demais foram ao campo para trabalhos técnicos em dimensões reduzidas com participação de jogadores da base. Andreas Pereira fez a festa da garotada na arquibancada O técnico Abel Ferreira ainda trabalha na sexta-feira para começar a desenhar o time que jogará o Choque-Rei e costuma ter uma última atividade mais leve na manhã das partidas como mandante. Neste momento, uma provável tem: Carlos Miguel; Giay, Gómez, Murilo e Piquerez (Arthur); Lucas Evangelista (Emiliano Martínez), Andreas Pereira; Arias, Mauricio, Flaco López e Vitor Roque . Deyverson diz que espera poder encerrar a carreira no Palmeiras"
"Versatilidade, bola parada e finalização: como Lescano pode ajudar Pedro Emanuel no Vasco",10/09/2026,https://ge.globo.com/futebol/times/vasco/noticia/2026/09/10/versatilidade-bola-parada-e-finalizacao-como-lescano-pode-ajudar-pedro-emanuel-no-vasco.ghtml,"Voz do setorista: João Guerra traz detalhes da apresentação de Lescano no CT do Vasco Quinto reforço anunciado na atual janela de transferências , Alan Lescano será apresentado na tarde desta quinta-feira pelo Vasco . O meia estava no topo da lista do scout vascaíno e chega para preencher um perfil que faltava ao elenco na avaliação da diretoria. Mas como o argentino poderá se encaixar no esquema de Pedro Emanuel? Dono da camisa 10 e capitão do Argentinos Juniors, Lescano reúne atributos que o tornam um meia moderno. É um jogador de boa chegada à área adversária, que não se restringe à função de armador clássico. O meia era um dos destaques da equipe argentina, que lidera um dos grupos do campeonato nacional. Lescano Vasco — Foto: Matheus Lima/Vasco A versatilidade foi um dos pontos que contribuíram para a excelente avaliação feita pelo departamento de scout sobre ""Pipa"". Apesar de vestir a camisa 10, Lescano já atuou em diferentes funções ao longo da carreira. No time do técnico Nicolás Diez, ele já foi foi utilizado como meia armador, como um camisa 8 com liberdade para chegar à frente e até aberto pelos lados do campo. Lescano, muitas vezes, dividia a função de construir o jogo com Nicolás Oroz no meio-campo. Alan Lescano, meia do Argentinos Juniors — Foto: Reprodução Além disso, é um jogador que acelera o ritmo da equipe através do passe. Não se destaca por arrancadas ou pela capacidade de romper linhas de marcação em velocidade, mas compensa com leitura de jogo, domínio de bola e inteligência para proteger a posse sob pressão. No esquema de três volantes utilizado por Pedro Emanuel, Lescano poderia atuar ao lado de Thiago Mendes e dar mais uma opção à função que, hoje, tem Tchê Tchê como titular. O jogador atua pelo corredor central, mas, muitas vezes, cai para o lado direito para aproveitar o arremate de fora da área com o pé esquerdo. O argentino chama atenção pela qualidade e quantidade de finalizações de média distância. Na atual temporada, três dos seis gols marcados pelo Argentinos Juniors foram marcados em chutes de fora da área. Uma arma pouco explorada pelo Vasco ao longo do ano. A bola parada também é uma virtude. Pipa era o responsável pelas faltas diretas do Argentinos Juniors e, inclusive, anotou um gol em bonita cobrança no jogo de despedida do seu antigo clube, na vitória por 2 a 1 contra o Aldosivi, pelo Campeonato Argentino, no último dia 30. Alan Lescano, do Argentinos Juniors — Foto: X/Argentinos Juniors Outro aspecto observado pelo departamento de futebol é o perfil de liderança. Assim como Santiago Sosa foi capitão do Racing antes de chegar a São Januário, Lescano exercia a mesma função no Argentinos Juniors. Mesmo sendo um jogador relativamente jovem, assumiu protagonismo dentro de campo e se tornou uma das referências da equipe argentina. Alan Lescano, do Argentinos Jrs — Foto: Getty Images Lescano é visto internamente no Vasco como um jogador que chega para ser titular e com bastante potencial. A negociação girou em torno de US$ 7 milhões (cerca de R$ 36 milhões). Pipa assinou contrato até dezembro de 2029. Voz do setorista: João Guerra traz detalhes da apresentação de Lescano no CT do Vasco"
"Raphinha diz que já esperava ausência na Bola de Ouro: ""Não me surpreendeu nem um pouco""",09/09/2026,https://ge.globo.com/futebol/futebol-internacional/futebol-espanhol/noticia/2026/09/09/raphinha-diz-que-ja-esperava-ausencia-na-lista-de-indicados-a-bola-de-ouro-nao-me-surpreendeu-nem-um-pouco.ghtml,"Barcelona 5 x 1 Feyenoord | 1ª rodada | Fase de liga | Liga dos Campões 2026/27 Fora da lista de 30 jogadores indicados à Bola de Ouro, o brasileiro Raphinha afirmou que não se surpreendeu com a ausência. Vivendo grande fase no Barcelona, o atacante desabafou sobre o critério da premiação, que não sua opinião não avalia o ""resultado individual do jogador"". - Não me surpreendeu nem um pouco (a ausência), eu já esperava. Afinal de contas, como eu falei no começo da temporada passada, é um prêmio que aparentemente não compete com o resultado individual do jogador. Então, não compete a mim, aquilo que compete a mim é a entrega dentro de campo e o resultado, e acho que isso eu venho entregando nas últimas três temporadas, contando com essa já, esse começo de temporada. Então, aquilo que não compete a mim eu não tenho muito o que falar sobre - afirmou Raphinha em entrevista à ""TNT Sports"". Raphinha marca dois gols na vitória do Barça sobre o Feyenoord — Foto: Reuters Raphinha foi eleito o melhor em campo na goleada de 5 a 1 do Barcelona sobre o Feyenoord nesta quarta-feira, pela primeira rodada da Liga dos Campeões da Uefa. O brasileiro marcou dois gols na partida, um deles driblando três adversários antes de chutar. Em grande fase, Raphinha marcou em todas as partidas oficiais desta temporada até aqui, e já soma oito gols em cinco jogos. Com 21 gols em 33 partidas na última temporada, sendo um dos destaques do Barcelona na conquista do título espanhol e da campanha semifinalista da Liga dos Campeões, Raphinha ficou em quinto lugar na última Bola de Ouro e não escondeu a frustração com o resultado, acreditando que merecia uma colocação melhor ou mesmo vencer a premiação - o eleito foi o francês Ousmane Dembélé, do Paris Saint-Germain. Raphinha faz primeiro discurso como capitão do Barcelona"
Gómez desfalca o Palmeiras contra a LDU no Equador pela Libertadores,09/09/2026,https://ge.globo.com/futebol/times/palmeiras/noticia/2026/09/09/gomez-desfalca-o-palmeiras-contra-a-ldu-no-equador-pela-libertadores.ghtml,"Gustavo Gómez recebeu o terceiro cartão amarelo na Conmebol Libertadores, durante a partida desta quarta-feira contra a LDU , e desfalca o Palmeiras no confronto de volta das quartas de final, na quarta-feira da próxima semana, em Quito, no Equador. O lance aconteceu aos 43 minutos do primeiro tempo, por falta de contra-ataque em Estrada. Gustavo Gómez antes de Palmeiras x LDU — Foto: Marcos Ribolli Sem o capitão no Equador, o técnico Abel Ferreira tem a opção de acionar Bruno Fuchs caso queira repetir o esquema de três zagueiros, ou modificar o formato da escalação e ter apenas Murilo e Barboza. É uma perda relevante para o Palmeiras , que decidirá a classificação à semifinal da Libertadores fora de casa, algo que não vinha sendo o roteiro dos últimos anos. Em compensação, terá ao menos o retorno de Andreas Pereira no meio de campo. Ele cumpriu nesta quarta-feira a segunda partida de suspensão, imposta pela Conmebol pela expulsão ainda no jogo de ida contra o Cerro Porteño. Antes, os clubes acumulavam cartões amarelos desde a fase preliminar até a última rodada da fase de grupos da Libertadores, e as punições zeravam nas oitavas de final. Só ficava suspenso quem levasse cartão vermelho ou acumulasse cartões amarelos na última rodada dos grupos. Agora, porém, os cartões só irão zerar a partir do jogo de ida das semifinais. Ou seja, até a volta das quartas, todos os cartões recebidos desde a fase preliminar seguem sendo contados. A mudança, feita pela Conmebol, aconteceu para as competições internacionais deste ano. O outro atleta pendurado do Palmeiras até o momento é o lateral-esquerdo Arthur."
Estudiantes x Corinthians: cotovelada deixa Gabriel Paulista com galo na testa; veja o vídeo,09/09/2026,https://ge.globo.com/futebol/times/corinthians/noticia/2026/09/09/estudiantes-x-corinthians-cotovelada-deixa-gabriel-paulista-com-galo-na-testa-veja-o-video.ghtml,"Gabriel Paulista leva cotovelada no rosto e fica com ""galo"" na testa Gabriel Paulista ficou com um galo enorme na testa após levar uma cotovelada de Carrillo no início do segundo tempo contra o Estudiantes, da Argentina, na noite desta quarta-feira , em La Plata, pela ida das quartas de final da Conmebol Libertadores. Logo no primeiro minuto da etapa final, o zagueiro do Corinthians ficou caído no gramado, mas conseguiu seguir na partida. O árbitro marcou apenas a falta e não aplicou cartão ao atacante do Estudiantes. Gabriel Paulista com galo na testa após cotovelada de atacante do Estudiantes — Foto: Reprodução Mais notícias do Corinthians : + Matheuzinho, Hugo e Bidon festejam convocação para a Seleção + Corinthians faz acordo com Carlos Leite por dívida de quase R$ 100 milhões O duelo decisivo de volta entre Corinthians e Estudiantes acontece na próxima quarta-feira, na Neo Química Arena. O vencedor do confronto encara Independiente Del Valle, do Equador, ou Flamengo, na semifinal do torneio. Antes do Estudiantes, a equipe de Fernando Diniz visita o Flamengo, no domingo, no Maracanã, pelo Campeonato Brasileiro."
Danilo volta a ser convocado para a Seleção em meio a críticas no Botafogo,10/09/2026,https://ge.globo.com/futebol/times/botafogo/noticia/2026/09/10/danilo-volta-a-ser-convocado-para-a-selecao-em-meio-a-criticas-no-botafogo.ghtml,"Carlo Ancelotti convoca jogadores para amistosos contra Austrália e Índia Danilo foi convocado por Carlo Ancelotti para os próximos amistosos da seleção brasileira. O volante, que disputou a Copa do Mundo, vive um momento muito diferente do que vivia na última convocação e chegou a ser alvo de vaias no Botafogo , recentemente . Danilo Santos posa para ensaio do Brasil para a Copa do Mundo — Foto: Getty Images Quando foi convocado para a Copa do Mundo, Danilo era tido por muitos como o melhor jogador do futebol brasileiro. Destaque em amistosos, chegou a ser cotado para ser titular na Copa, mas teve participação menor que o esperado. No retorno ao Botafogo, Danilo era cercado por rumores de saída. O Palmeiras chegou a oferecer 28 milhões de euros ao clube carioca para ter o volante, mas a proposta foi rejeitada. Danilo fez o 13º jogo no Brasileirão e ficou impossibilitado de jogar por outro time na competição. Voz do Setorista: Os detalhes da chegada de Ziyech para assinar com o Botafogo Neste mesmo dia, no empate por 0 a 0 com o Vitória, publicou nas redes sociais que havia respeitado o desejo do Botafogo de não negociá-lo com o futebol brasileiro, mas que também queria ser respeitado por não querer jogar na Rússia. O Botafogo avaliava envolver Danilo em uma troca com Luiz Henrique, do Zenit. A declaração não caiu bem entre torcedores, que juntaram a publicação nas redes com a queda de rendimento em relação ao primeiro semestre. Danilo foi vaiado na eliminação para o Cienciano na Sul-Americana. O momento do Botafogo não ajuda. A última vitória foi em julho, contra o Cruzeiro. O clube é o 14º colocado do Brasileirão, com 31 pontos, e volta a jogar neste sábado, às 20h30, contra o Bragantino no Nilton Santos."
Morre o jornalista Claudio Carsughi,10/09/2026,https://ge.globo.com/futebol/noticia/2026/09/10/morre-o-jornalista-claudio-carsughi.ghtml,"Morre o jornalista Claudio Carsughi, aos 93 anos, em decorrência de infecção respiratória Morreu nesta quinta-feira, em São Paulo, o jornalista Claudio Carsughi. Aos 93 anos, ele lutava contra complicações de uma infeccão respitarória. O velório e sepultamento serão neste sábado, no Memorial Jardim da Vida, em Alphaville. Por meio das redes sociais, a filha do jornalista informou a causa da morte e pediu orações. – Meu pai acabou de partir depois de 27 dias lutando contra uma infecção respiratória. Ele agora está em paz junto aos nossos antepassados. Pedimos aos fãs que orem por ele. Claudio Carsughi foi um dos comentaristas mais renomados da Fórmula 1 Claudio Carsughi morreu aos 93 anos em São Paulo — Foto: Reprodução/Instagram Carsughi construiu carreira no radio e ganhou fama ao ser um dos comentaristas mais renomados de automobilismo, principalmente da Fórmula 1. Nascido na Itália, ele se mudou para o Brasil ainda na infância e chegou a estudar engenharia antes de migrar para o jornalismo. Claudio Carsughi conta história com Emerson Fittipaldi em corrida no Brasil O jornalista trabalhou no sportv e participou durante alguns anos do programa ""Arena Sportv"". Carsughi também passou pelo Jornal da Tarde, revista Placar, Jovem Pan, ESPN e outros veículos de comunicação do Brasil. Claudio Carsughi conta como foi a ideia de criar a Copa Rio após o Mundial de 1950"
"Pedro e Samuel Lino, do Flamengo, comemoram convocação para Seleção; veja",09/09/2026,https://ge.globo.com/futebol/times/flamengo/noticia/2026/09/09/pedro-e-samuel-lino-do-flamengo-comemoram-convocacao-para-a-selecao-brasileira.ghtml,"Carlo Ancelotti convoca jogadores para amistosos contra Austrália e Índia O Flamengo teve dois jogadores convocados para a Seleção Brasileira. Nesta quarta-feira, o técnico Carlo Ancelotti divulgou os 26 nomes chamados para os próximos amistosos contra Austrália e Índia, entre o fim de setembro e o início de outubro. Pedro e Samuel Lino estarão com a delegação e comemoraram a presença com a Amarelinha. — Muito feliz de retornar à Seleção neste novo ciclo. É gratificante. Agradeço ao Flamengo . Isso é fruto de muito trabalho no dia a dia e nos jogos. Espero desfrutar. Que seja um novo ciclo de vitórias na Seleção — declarou Pedro à Flamengo TV,. Pedro disputou a Copa do Mundo de 2022. Pela Seleção, fez a última partida num amistoso contra Senegal, na derrota por 4 a 2, no dia 20 de junho de 2023. O atacante foi convocado em 2024 por Dorival Júnior, mas sofreu grave lesão com a ruptura no ligamento cruzado anterior do joelho esquerdo e foi cortado. Pedro, atacante do Flamengo, em treino da Seleção — Foto: Lucas Figueiredo / CBF Já Samuel Lino esteve na lista larga para o Mundial de 2026, mas não foi convocado. Ele foi lembrado pelo treinador italiano em agosto do ano passado, quando foi chamado para substituir Matheus Cunha, lesionado, durante uma Data-Fifa. — Estou feliz de estar sendo convocado nesse novo ciclo. Espero desfrutar muito — afirmou Samuel Lino. Samuel Lino, do Flamengo, em sua estreia na Seleção contra a Bolívia — Foto: Buda Mendes / Getty Images A Seleção Brasileira terá três compromissos nesta Data Fifa. O primeiro será contra a Austrália, no dia 25 de setembro, em Townsville. Quatro dias depois, brasileiros e australianos voltam a se enfrentar, desta vez em Brisbane. Por fim, o Brasil encara a Índia em 3 de outubro, em Calcutá."
Cuiabá volta a vencer por três gols em competição nacional após dois anos,10/09/2026,https://ge.globo.com/mt/futebol/times/cuiaba/noticia/2026/09/10/cuiaba-volta-a-vencer-por-tres-gols-em-competicao-nacional-apos-dois-anos.ghtml,"Cuiabá 3 x 0 Athletic | 27ª rodada | Campeonato Brasileiro Série B 2026 O Cuiabá voltou a vencer por três gols de diferença em uma competição nacional após mais de dois anos. O time superou o Athletic por 3 a 0, na terça-feira, na Arena Pantanal, pela 27ª rodada da Série B , e alcançou pela primeira vez sob o comando de Eduardo Barros um resultado com essa diferença no placar. A última vez que o Cuiabá havia vencido uma partida de competição nacional por três gols de diferença tinha sido em 16 de junho de 2024. Na ocasião, o time goleou o Fortaleza por 5 a 0, também na Arena Pantanal, pela Série A do Campeonato Brasileiro. Cuiabá 5 x 0 Fortaleza | melhores momentos | 9ª rodada | Brasileirão 2024 Mais: + Cuiabá vence o Athletic Club por 3 a 0 na Arena Pantanal O período sem uma vitória por três gols de diferença não se aplica às competições estaduais. Em 2025, o Cuiabá venceu o Nova Mutum por 5 a 0 pelo Campeonato Mato-Grossense. Na última rodada da primeira fase da competição, o time também goleou o Sport Sinop por 5 a 0. Cuiabá 5 X 0 Sport Sinop | Gols | 9ª rodada | Campeonato Mato-grossense Além do resultado, a vitória sobre o Athletic mostra evolução apresentada pelo Cuiabá na segunda metade da Série B. Se considerado apenas o returno, o time tem aproveitamento de 62,5% dos pontos disputados. Nos últimos oito jogos, o Cuiabá marcou 12 gols, média de 1,5 por partida. Nesse período, são quatro vitórias, três empates e uma derrota, com sete gols sofridos. No acumulado da Série B, porém, o ataque ainda apresenta números baixos. Lorenzo conduz a bola contra o Athletic na Arena Pantanal — Foto: AssCom Dourado A produção ofensiva cresceu após a chegada dos reforços. O Cuiabá passou a aproveitar melhor as oportunidades criadas e aumentou o número de gols marcados nas últimas partidas. Em 27 rodadas, o time sofreu 21 gols e divide com o Criciúma a segunda melhor defesa da Série B. Restam 11 rodadas para o fim da competição. O Cuiabá terá seis jogos fora de casa e cinco na Arena Pantanal nesta reta final da Série B."
"Ex-Grêmio, Kaick vive ascensão na MLS com dois gols seguidos e titularidade",10/09/2026,https://ge.globo.com/rs/futebol/times/gremio/noticia/2026/09/10/ex-gremio-kaick-vive-ascensao-na-mls-com-dois-gols-seguidos-e-titularidade.ghtml,"Veja últimos gols de Kaick, volante ex-Grêmio que vem se destacando na MLS Vendido pelo Grêmio no início de 2025, Kaick encontrou seu melhor momento nesta temporada da MLS. O volante de 20 anos soma 21 partidas como titular pelo FC Dallas e, nos últimos dois jogos, marcou dois gols (veja no vídeo acima). Grêmio decide vaga na final da Copa do Brasil fora de casa Kaick abriu o placar contra o Minnesota na quarta-feira. A partida terminou com vitória do FC Dallas por 3 a 1. O resultado levou a equipe a 40 pontos, na quarta posição da Conferência Oeste, com a mesma pontuação do Los Angeles FC, dentro da zona de classificação. No sábado passado, Kaick marcou um dos gols da vitória por 4 a 3 sobre o Sporting Kansas City. Nos últimos cinco jogos, o volante foi titular em quatro partidas. Ficou no banco e entrou ainda no primeiro tempo na derrota por 5 a 0 para o Vancouver Whitecaps, que lidera a conferência. Kaick, ex-Grêmio, pelo FC Dallas — Foto: Divulgação/FC Dallas Ao todo, Kaick tem 27 jogos em 2026 pelo FC Dallas, com três gols e duas assistências. No ano passado, participou de 31 jogos, 25 como titular. O ex-atleta da base gremista é companheiro de time de Ramiro, campeão da Copa do Brasil de 2016 e da Libertadores de 2017 pelo Grêmio. No próximo sábado, o FC Dallas recebe em casa o Portland Timbers, do atacante Alexander Aravena, emprestado pelo Grêmio. O chileno, contudo, não é titular na equipe. Jovem do Grêmio é chamado para ser quarto goleiro da Seleção na data Fifa Kaick tem contrato com o Dallas FC até dezembro de 2028. Feita em fevereiro do ano passado, a transferência envolveu US$ 4 milhões (R$ 23,1 milhões na época). O Grêmio mantém 20% dos direitos do atleta em uma futura venda. O atleta fez um jogo pela equipe profissional do Grêmio, diante do Ypiranga, pelo Campeonato Gaúcho, quando o técnicos Gustavo Quinteros utilizou um time de reservas. Ele havia acabado de disputar a Copa São Paulo de Futebol Junior e foi integrado ao grupo principal pouco antes de ser vendido. Natural do Rio de Janeiro, Kaick é formado pelas categorias de base do Tricolor."
"Deyverson agradece carinho e sonha com retorno ao Palmeiras: ""Terminar a carreira aqui""",09/09/2026,https://ge.globo.com/futebol/times/palmeiras/noticia/2026/09/09/deyverson-agradece-carinho-e-sonha-com-retorno-ao-palmeiras-terminar-a-carreira-aqui.ghtml,"Palmeiras 1 x 0 LDU | Melhores Momentos | Conmebol Libertadores 2026 Deyverson agradeceu o carinho da torcida do Palmeiras no reencontro, agora como jogador da LDU. Mesmo jogando apenas os minutos finais da derrota da equipe equatoriana por 1 a 0 para o Verdão , nesta quarta-feira, no Nubank Parque, o atacante viveu uma noite especial. Antes de a bola rolar, ele levou as filhas para o gramado e brincou com elas; depois do apito final, tirou fotos e ouviu pedidos para que entregasse peças do vestuário e até retornasse ao clube. – Gratidão pelo carinho, por pedirem para eu voltar. Sei que não vou voltar (agora), tem muitos jogadores para serem revelados ainda aqui no Palmeiras . Mas quem sabe terminar a carreira aqui um dia, fazer um contrato de um ano, terminar a carreira e está tudo certo – declarou. Mais notícias do Palmeiras : + Abel admite erro em entrevista e manda recado + Quem foi bem no jogo? Quem foi mal? Dê suas notas Deyverson antes de Palmeiras x LDU — Foto: Marcos Ribolli Aos 35 anos, Deyverson está na história do Palmeiras por ser o autor do gol do título da Libertadores de 2021. Foram 144 partidas, marcou 31 gols e quatro títulos: Brasileirão de 2018, Libertadores de 2021, Recopa de 2022 e Paulistão de 2022. Desde janeiro pela LDU, tem 37 jogos e sete gols no novo clube. Apesar do renome, não é titular absoluto e disputa a posição com o atacante Estrada, que marcou 11 gols em 31 jogos neste ano. Contra o Palmeiras , o atacante entrou apenas nos minutos finais e teve atuação apagada. Deyverson com as filhas no gramado antes de Palmeiras x LDU — Foto: Marcos Ribolli"
Presidente do Avaí fala sobre últimos dias do mercado aberto e explica trâmites da SAF,10/09/2026,https://ge.globo.com/sc/futebol/times/avai/noticia/2026/09/10/presidente-do-avai-fala-sobre-ultimos-dias-do-mercado-aberto-e-explica-tramites-da-saf.ghtml,"Fortaleza 1 x 0 Avaí | Melhores momentos | 27ª rodada | Brasileirão Série B O Avaí chegou a três derrotas consecutivas na Série B do Brasileiro após perder para o Fortaleza por 1 a 0, nesta quarta-feira. Depois da partida, Bernardo Pessi, presidente do clube, fez um pronunciamento para, entre alguns assuntos, falar das cobranças para tirar o time dessa situação. — As cobranças são muito sérias e muito graves, não estamos brincando. Estamos todos com senso de urgência muito grande. Esse grupo, com todas as dificuldades que temos tido no extracampo, tem honrado o Avaí, não deixa de dar a vida em campo e faz com que a gente tenha um futuro mais concreto na competição. Além do momento atual do Avaí, em 17° lugar, Bernardo Pessi também falou sobre os últimos dias do mercado de transferências aberto - se encerra na sexta-feira -, das vendas de atletas, da tramitação da SAF e fez um apelo para a reta final da Série B. Mercado de transferências Estamos no mercado, buscando substituições, para o Thayllon especialmente. Infelizmente a notícia que foi veiculada ontem em relação ao clube fez com que a gente perdesse uma negociação que estava muito avançada para uma substituição direta ao Thayllon. Não tô transferindo a responsabilidade ao repórter, muito pelo contrário, ele tá fazendo o trabalho dele, mas preciso pontuar que esse tipo de situação atrapalha, perdemos uma negociação importante. Existem outras negociações em curso e temos ciência da necessidade de reforço no elenco . Bernardo Pessi, presidente do Avaí — Foto: Leandro Boeira/Avaí FC Vendas de atletas e folha de pagamento Nenhuma das vendas desse ano fizemos sem perceber o dano que iria causar no ponto de vista desportivo. Todas as vendas foram feitas em razão de necessidade , ninguém aqui acha que foi uma boa ideia se desfazer desses atletas que foram muito importantes. Infelizmente a condição financeira e administrativa do clube exige que esses atos sejam realizados. A folha salarial do clube não se paga com uma venda, com duas, três ou quatro. Temos 13 folhas pra pagar no ano, cada folha dessa, com funcionários, supera R$ 2 milhões , não são aportes ou vendas pontuais que vão fazer com que a gente consiga bancar o ano inteiro. Trâmites da SAF No início do ano, uma tentativa de implementação de SAF foi parar na justiça , isso atrasou o processo todo, que é um processo complexo e longo. Por isso a gente precisa, agora, entender que o Avaí não vai virar SAF do dia pra noite. Temos um percurso burocrático e contratual a ser percorrido, que, depois dele vencido, a gente passa a, de fato, considerar o Avaí uma SAF com os investimentos que estão previstos no contrato que foi aprovado pelo Conselho Deliberativo e pela assembleia do clube . As diligências contratuais que se iniciaram logo depois da aprovação da assembleia geral do clube estão caminhando com normalidade. Todos os aportes de empréstimo-ponte, duas parcelas de R$ 2,5 milhões, foram cumpridas por parte da Kactus, e todos os investidores da Kactus têm trabalhado muito forte em tentar contribuir com o clube nesse período antes da implementação da SAF. Eles têm transmitido bastante motivação, e o trabalho vem sendo feito de forma bastante célere e séria, sabendo das responsabilidades envolvidas. Apelo para a reta final da Série B Quero assumir a responsabilidade completa por tudo que acontece e deixa de acontecer no Avaí, a responsabilidade é do presidente, exatamente como tem que ser e estou aqui para fazer isso nas horas boas e ruins, principalmente nas ruins. A responsabilidade de encontrar solução também é minha e vou assumi-las até o final. Preciso registrar, contudo, que estamos a 11 rodadas do final do campeonato. Precisamos entender que todos aqueles que amam o clube, que tratam o clube como seu produto, isso vale pra imprensa, canais que cobrem o Avaí, que nós precisamos ter uma concepção geral de união. Se nós não tivermos essa concepção e continuarmos com excesso de críticas, muitas vezes injustas e destrutivas, nós só vamos ajudar a afundar o Avaí, e não vou permitir que isso aconteça. Dentro do clube, todo diálogo tem sido feito entre a diretoria e os atletas e funcionários e estão todos cientes das nossas responsabilidades. Faço um apelo para que todos que estejam envolvidos no dia a dia, na comunidade do Avaí, percebam que as próximas 11 rodadas são rodadas que o Avaí precisa de união e ajuda, e somente na união de todos, especialmente a torcida do Avaí, nós vamos conseguir sair dessa. Mais notícias do esporte catarinense no ge.globo/sc"
"Jornal: Vini Jr. recebeu aviso de que ganharia a Bola de Ouro de 2024, vencida por Rodri; entenda",10/09/2026,https://ge.globo.com/futebol/futebol-internacional/futebol-espanhol/times/real-madrid/noticia/2026/09/10/jornal-vini-jr-recebeu-aviso-de-que-ganharia-a-bola-de-ouro-de-2024-vencida-por-rodri-entenda.ghtml,"Vini Jr. comenta início de trabalho com José Mourinho após reapresentação no Real Madrid Rafa Hermoso, irmão da jogadora espanhola Jenni Hermoso, revelou um bastidor envolvendo Vinícius Júnior antes da cerimônia da Bola de Ouro de 2024. Segundo ele, o atacante do Real Madrid recebeu a informação de que seria o vencedor e chegou a preparar um espaço em casa para colocar o troféu. De acordo com Rafa, Vini contou a ele e a Jenni que havia sido avisado sobre a vitória. O brasileiro teria dito que já tinha até um lugar preparado em uma vitrine para colocar a Bola de Ouro. — A ele disseram que ganharia a Bola de Ouro, que (Vini) já tinha um lugar em uma vitrine para colocá-la — afirmou Rafa nas redes sociais. Jornal: Vini recebeu aviso de que ganharia a Bola de Ouro de 2024, vencida por Rodri — Foto: Reprodução/Instagram Ainda segundo o relato, Vini e Jenni planejavam trocar os prêmios que receberiam na cerimônia. A espanhola entregaria a Bola de Ouro ao brasileiro, enquanto Vini entregaria a Jenni o Troféu Sócrates, concedido à jogadora em reconhecimento à sua atuação após denunciar uma agressão sexual cometida por Luis Rubiales, ex-presidente da Federação Espanhola de Futebol. Jornal: Vini recebeu aviso de que ganharia a Bola de Ouro de 2024, vencida por Rodri — Foto: Reprodução/Marca O roteiro mudou na véspera da cerimônia, quando o Real Madrid tomou conhecimento de que Rodri seria o vencedor. Vini não viajou a Paris com a delegação do clube, que decidiu não comparecer à premiação. Rodri acabou eleito o melhor jogador do mundo em 2024."
"Kaio César admite incômodo com atrasos no Corinthians, mas diz: ""Não pode pensar em dinheiro""",10/09/2026,https://ge.globo.com/futebol/times/corinthians/noticia/2026/09/10/kaio-cesar-admite-incomodo-com-atrasos-no-corinthians-mas-diz-nao-pode-pensar-em-dinheiro.ghtml,"Kaio César empata para o Corinthians no início do segundo tempo contra o Estudiantes Kaio César admitiu incômodo com o atraso de salários no Corinthians , mas ponderou que os jogadores não podem deixar a situação interferir na disputa da Conmebol Libertadores. O atacante fez o único gol corintiano no empate por 1 a 1 com o Estudiantes, da Argentina, na última quarta-feira, pela ida das quartas de final da competição. — Das portas do CT para dentro a gente procura se blindar o bastante para essas coisas não afetar a gente. Em jogo de Libertadores a gente não pode pensar em dinheiro, não pode pensar nisso. É um jogo que a gente tem que dar a nossa vida, independente do que está acontecendo fora do clube. — Se eu falar que não atrapalha, eu estou mentindo também. Salário é muito importante para nós jogadores e para as nossas famílias. Então, assim, atrapalha realmente, mas a gente não pode deixar isso entrar dentro de campo. Temos que dar nosso melhor independente se está atrasado ou não. Kaio César em Estudiantes x Corinthians pela Conmebol Libertadores — Foto: Rodrigo Coca / Corinthians Mais notícias do Corinthians : + Diniz elogia mudança de postura do Corinthians na Libertadores + Garro vira líder de assistências na Libertadores e ganha elogio de Diniz O Corinthians atrasou mais uma vez o pagamento dos salários dos jogadores e da comissão técnica, previsto para o quinto dia útil de setembro. A diretoria ainda não definiu um prazo para quitar os valores pendentes. Com o empate na Argentina, a equipe de Fernando Diniz precisa de uma vitória por qualquer resultado para avançar à semifinal da Libertadores. O duelo decisivo de volta acontece na próxima quarta-feira, às 21h30 (de Brasília), na Neo Química Arena."
"Lescano diz que já pode estrear pelo Vasco e se apresenta à torcida: ""Gosto de fazer gols""",10/09/2026,https://ge.globo.com/futebol/times/vasco/noticia/2026/09/10/lescano-e-apresentado-como-reforco-do-vasco-veja-respostas.ghtml,"Vasco anuncia a contratação do meio-campista argentino Alan Lescano Mais um argentino chegou ao Vasco . Nesta sexta-feira, o clube apresentou o meia Alan Lescano, ex-Argentinos Juniors. O atleta de 24 anos realizou exames médicos e assinou contrato de quatro anos. Ele usará a camisa 22 e afirmou já estar apto para poder fazer a estreia. — Antes de chegar, vi o que o Vasco tinha, as instalações, a torcida, tudo. Isso me incentivou muito a querer vir. Era um passo importante vir para a liga brasileira e para o Vasco. Vou tentar corresponder a todas as expectativas [...] Por sorte, como você disse, já posso começar a jogar. As expectativas são altas. Sei que o grupo está muito bem. Quero contribuir de onde puder, sempre pensando no que for melhor para a equipe, e tentar dar o melhor de mim. Hoje pude conversar com o treinador. Foi muito bom, ele me explicou o que queria, o que quer para o clube, e vou tentar ajudá-lo de onde me tocar — afirmou Lescano, falando também sobre os objetivos iniciais na temporada: Lescano é apresentado pelo Vasco — Foto: João Guerra/ge.globo A negociação gira em torno de US$ 7 milhões (cerca de R$ 36 milhões). A avaliação é de que Lescano pode oferecer mais capacidade de criação para a equipe. ""Pipa"", como é conhecido na Argentina, estava no topo da lista do scout vascaíno e é o quinto reforço anunciado para o segundo semestre. Ele afirmou que já conhecia o Vasco anteriormente, mas pegou conselhos de Colidio e Sosa, também argentinos. — Sim. Quando surgiu a possibilidade de vir, conversei com eles e perguntei sobre o clube. Falaram muito bem do Vasco, disseram que era um clube muito bonito. As instalações também são muito boas. Era um passo importante para mim vir para o Vasco. A primeira coisa que eles me disseram foi para vir, porque eu encontraria um grande clube. Lescano é visto internamente como um jogador que chega para ser titular e que tem bastante potencial. O argentino pode atuar tanto como camisa 10, mais adiantado e próximo dos atacantes, quanto como um meio-campista mais recuado, na função de um 8 com características ofensivas, perfil que falta ao elenco. — Minhas características são de um jogador criativo. Gosto de chegar na área, fazer gols. Gosto de marcar gols. [...] Gosto de atuar no meio-campo. Sempre joguei como interior e também posso jogar em uma dupla de volantes, mas onde me sinto mais confortável é no meio, como um meia ofensivo. Como disse, isso me permite chegar mais à área e criar o jogo. O meia iniciou a carreira profissional no Gimnasia, em 2022. Na temporada seguinte, acertou com o Argentinos Juniors, clube pelo qual ganhou destaque. Por lá, foram 123 jogos disputados, com 27 gols e nove assistências. Promoção com Maradona: ""Maradona me subiu para a primeira equipe de Gimnasia. Foi um orgulho alguém como ele me dar essa oportunidade"". O que conhece do Brasil? ""Na Argentina se acompanha muito o futebol brasileiro. Sei que está crescendo muito, que a liga é muito competitiva e todos os jogos são difíceis. Talvez a diferença esteja no contato: o futebol argentino é mais físico, mais disputado, tem mais choque. Aqui é um pouco diferente, tem mais técnica e um jogo mais bonito. É também um pouco do que eu gosto, então vou tentar aproveitar isso"". Quebrar jejum com jogadores argentinos: ""Acho que pouco tempo. Espero que seja muito pouco. Obviamente, ter tantos argentinos e uruguaios ajuda bastante. Os jogadores brasileiros também me receberam muito bem, tentam se comunicar comigo e me ensinam algumas palavras para eu ir me acostumando"". Liderança e adaptação ao elenco: ""Encontrei um grupo muito bom, com pessoas muito boas. Acho que as referências do elenco são muito positivas. Desde que cheguei, todos me receberam da melhor maneira. Sei que sair da Argentina é um passo importante para mim, mas tinha muita vontade de vir para cá"". Conversa com Pedro Emanuel e o que pode oferecer: ""Sim, pude conversar com o treinador. Minhas características são contribuir com bom jogo, bola parada e chegada à área. Ele me explicou o que quer de mim, e vou tentar fazer o que ele pedir"". Apelidos e referências sobre o Vasco: ""Tenho vários apelidos. Na Argentina, chamamos de apodos. Me chamavam de Pupi, Pipa... foram apelidos que minha família colocou quando eu era pequeno e acabaram ficando. Sobre o Vasco, eu já sabia que era um clube muito grande. Também pude conversar com o Orellano, que passou por aqui, e com outros argentinos. Sempre me falaram muito bem, disseram que eu chegaria a um clube muito bonito, com uma torcida muito louca, mas apaixonada. E isso também é muito legal""."
"Entenda o desgaste entre Tottenham e Richarlison, alvo do Vasco",10/09/2026,https://ge.globo.com/futebol/times/vasco/noticia/2026/09/10/entenda-o-desgaste-entre-tottenham-e-richarlison-alvo-do-vasco.ghtml,"Ele é primeira prateleira da América do Sul | ge Vasco debate o nome de Richarlison A decisão de Richarlison de pedir a rescisão de contrato com o Tottenham na Justiça não surgiu de um dia para o outro. O atacante brasileiro vive um desgaste que dura algum tempo com o clube inglês. Isso tudo acontece enquanto o Vasco tenta contratar o jogador. O atrito aumentou nas últimas semanas, a ponto de Richarlison se pronunciar nas redes sociais contra o Tottenham. Nesta janela de transferências, o clube inglês tentou negociar com o Everton, também da Inglaterra, mas o atacante não aceitou os valores oferecidos. O Tottenham queria Ndiaye, enquanto o Everton aceitava ter Richarlison de volta. No entanto, a negociação caiu após Ndiaye se acertar com o Manchester City. O Tottenham, externamente, tratou como se a negociação houvesse caído graças à negativa inicial de Richarlison, mas ainda havia conversas entre o atacante e o Everton. Richarlison, do Tottenham, antes da partida contra o Brentford, pelo Campeonato Inglês. — Foto: Action Images via Reuters/Matthew Childs Pessoas próximas a Richarlison veem que o treinador De Zerbi, além do próprio Tottenham, expuseram o atleta nesta negociação. Ndiaye, ao ser apresentado no City, confirmou que esperava o clube de Manchester durante a janela. — Para mim, sempre seria o City. Eu queria a Liga dos Campeões e jogar em uma das melhores equipes do mundo. Não estou dizendo que o Tottenham não seja bom, mas quando o Manchester City aparece, você não diz não — disse o atacante senegalês. Ndiaye assina com o Manchester City — Foto: Divulgação/Manchester City Outro motivo de desgaste foi a negociação de Richarlison com o Trabzonspor. O atacante havia recebido uma ótima proposta salarial e queria ir para o clube turco, que anunciou Salah, ex-Liverpool, nesta janela de transferências. No entanto, o clube inglês recusou duas propostas dos turcos: uma de 15 milhões e outra de 20 milhões de libras. Depois de todo o desgaste nesta janela de transferências, Richarlison fez um pronunciamento em que pediu respeito ao Tottenham. Ele garantiu que tinha, sim, vontade de ir para o Everton. — Depois de tudo que eu passei nos últimos anos, decidi que NUNCA MAIS decidiriam meu futuro por mim. Eu passei por muita coisa ruim nesse tempo e quase todas elas aconteceram por decisões tomadas por outras pessoas. Pressão, ameaça, retaliações, nada disso me assusta. Já passei por coisas piores… acreditem! — Sempre deixei claro, em todas as oportunidades, que uma saída minha para outro lugar teria também de ser boa para o clube. Se não fosse, eu jamais aceitaria… como não aceitei quando tudo aqui estava desmoronando e precisaram de mim. Eu fiquei e dei minha vida. Então, espero que tratem a minha situação com o mesmo respeito que eu sempre tive pelos Spurs e por todas as pessoas que trabalharam comigo neste período. Só não queiram decidir por mim. A situação piorou depois que o Tottenham decidiu não inscrever Richarlison na lista de jogadores que disputariam a Premier League nesta temporada. Com isso, o brasileiro ficaria à disposição somente em jogos de copas ou do sub-21 do clube. Com o encerramento da janela de transferências das principais ligas e o movimento criado pela torcida do Vasco nas redes, o jogador se empolgou em vestir a camisa do clube do coração. Com isso, o estafe de Richarlison decidiu entrar na Justiça para pedir uma rescisão de contrato com o clube inglês. O atacante quer ser liberado para jogar no Vasco até dezembro. Para o estafe do jogador, o caso se assemelha ao de Renan Lodi, que alegou na Justiça que estava impedido de exercer sua profissão após não ter sido inscrito na liga saudita. O jogador conseguiu uma rescisão unilateral e assinou com o Atlético-MG meses depois. Torcedor vascaíno desde a infância, o atacante aceitou um empréstimo na última terça, mas um limite imposto pela Fifa para este tipo de transferência fez o negócio com o Tottenham inicialmente melar. Enquanto Richarlison tenta a rescisão contratual, Pedrinho e a direção do Vasco seguem negociando a compra do jogador, mas sabem que é uma transação difícil. A vontade do jogador tem sido determinante na negociação com o Vasco. Richarlison quer vestir a camisa vascaína até dezembro de 2026. Por isso, pediu ao clube inglês para ser negociado com a equipe carioca. No entanto, o Tottenham pede mais de 20 milhões de libras para negociar o jogador em definitivo, valor que o Vasco não pode investir neste momento."
"Pelo Cruzeiro, Matheus Pereira atinge temporada mais artilheira da carreira; veja números",10/09/2026,https://ge.globo.com/futebol/times/cruzeiro/noticia/2026/09/10/pelo-cruzeiro-matheus-pereira-atinge-temporada-mais-artilheira-da-carreira-veja-numeros.ghtml,"Aos 29 min do 1º tempo - gol de cabeça de Matheus Pereira do Cruzeiro contra o Athletico-PR Matheus Pereira atingiu a temporada mais artilheira pelo Cruzeiro e igualou a que havia alcançado na Premier League, da Inglaterra. O meia marcou o 12º dele contra o Athletico-PR, no Mineirão. Na mesma partida, ainda foi o garçom para o gol de Lucas Romero, chegando a oito assistências na temporada. Aos 52 min do 1º tempo - defesa de Matheus Pereira do Cruzeiro contra o Athletico-PR Matheus havia já igualado o melhor desempenho pelo Cruzeiro. Em 2024, o meia marcou 11 gols e deu 15 assistências, em 59 jogos. Matheus Pereira Cruzeiro — Foto: Gilson Lobo Em 2026, Matheus passa a ter o ano com mais gols marcados pelo Cruzeiro e igualou o de melhor desempenho fora do país. Na Inglaterra, em 2020/2021, o meia fez 12 gols em 34 jogos pelo West Bromwich, atuando pela Premier e a Copa da Inglaterra. Pereira participou de 19 gols do Cruzeiro, empatando com Kaio Jorge no quesito. Ele ultrapassou o companheiro na artilharia da Raposa, no Brasileiro. Pereira tem sete gols, um a mais que que o atacante."
"Zagueiro Jair Cunha celebra primeira convocação para a Seleção: ""Sonho de uma vida""",09/09/2026,https://ge.globo.com/futebol/selecao-brasileira/noticia/2026/09/09/zagueiro-jair-cunha-celebra-primeira-convocacao-para-a-selecao-sonho-de-uma-vida.ghtml,"Em 2024, quando estava no Santos, Jair teve a história contada pelo Globo Esporte O zagueiro Jair Cunha, de 21 anos, é uma das caras novas na seleção brasileira para o início do ciclo da Copa do Mundo de 2030. Revelado pelo Santos e com passagem pelo Botafogo, o jogador do Nottingham Forest, da Inglaterra, foi chamado pelo técnico Carlo Ancelotti para amistosos contra Austrália e Índia. – Esse momento representa a realização de um sonho de uma vida inteira. Desde muito novo, eu e minha família nos dedicamos para viver isso que estou vivendo hoje – celebrou Jair. – Foram muitas renúncias, muito trabalho, inúmeros desafios em busca do objetivo de me tornar jogador profissional e defender um dia a camisa da Seleção Brasileira. Esse sonho agora é real e espero aproveitar da melhor forma a oportunidade para que momentos como esse se repitam cada vez mais – completou o zagueiro. Natural de Orlândia, no interior de São Paulo, Jair Cunha se destaca pela altura. Ele tem 1,98m. Jair Cunha em ação na Premier League pelo Nottingham Forest — Foto: Reuters O jovem estreou como profissional em 2023 e, em 2025, foi negociado pelo Santos com o Botafogo. Quatro meses depois o clube carioca vendeu o defensor ao Nottingham por 12 milhões de euros. Jair Cunha defendeu a seleção sub-20 do Brasil no Sul-Americano da categoria, em 2025. O zagueiro começou a temporada como titular do Nottingham, atuando nas quatro partidas disputadas até aqui. O Brasil enfrentará a Austrália duas vezes. A primeira no dia 25 de setembro, no Queensland Country Bank Stadium, em Townsville, e a segunda no dia 29, no Suncorp Stadium, em Brisbane. Depois, a Seleção jogará contra a Índia no dia 3 de outubro, no Salt Lake Stadium, em Calcutá. Será o primeiro confronto na história entre as duas equipes. Além de Jair, a convocação desta quarta-feira tem outros sete novatos. São eles:"
Atacante sul-africano do Fluminense é convocado para a seleção sub-20,10/09/2026,https://ge.globo.com/futebol/times/fluminense/noticia/2026/09/10/atacante-sul-africano-do-fluminense-e-convocado-para-a-selecao-sub-20.ghtml,"Caio Ribeiro elogia liderança de Marcão no comando do Fluminense O atacante Kgomotso Madiba, do Fluminense , foi convocado para defender o título da Taça Cosafa, pela Seleção Sul-Africana Sub-20. O jogador de 18 anos faz parte da mesma categoria da base carioca e chegou a ser inscrito na Libertadores pelo time principal. Madiba chegou ao Fluminense no início deste ano, quando assinou contrato válido por três temporadas. Ele é constantemente convocado para as seleções de base de seu país. Em 2025, com 17 anos, fez parte do grupo que conquistou a Copa Africana de Nações sub-20. A África do Sul está no Grupo B com Angola, Lesoto e Eswatini. O primeiro jogo será no dia 18 de setembro, e a competição se estende até o dia 27 desse mês. Atacante sul-africano Madiba, que chegou esse ano. No fundo, Tibúrcio e Ruan — Foto: Marcelo Gonçalves / Fluminense FC Fluminense troca 28 passes em 1 minuto e meio até o gol de Hulk"
"França retira apoio à reeleição de Infantino e cita ""confiança quebrada""",10/09/2026,https://ge.globo.com/futebol/futebol-internacional/noticia/2026/09/10/federacao-da-franca-retira-apoio-a-reeleicao-de-infantino.ghtml,"Infantino desiste de plano para vender ações de competições A Federação Francesa de Futbeol (FFF) anunciou publicamente a retirada do apoio à Gianni Infantino na campanha de reeleição na Fifa. Philippe Diallo, presidente da entidade, fez um pronunciamento nesta quinta-feira e anunciou a decisão após a reunião do Comitê Executivo. Além dos franceses, Bélgica, Alemanha, Itália e Inglaterra se posicionaram contra a candidatura do atual gestor. — Essas iniciativas (como o plano de venda de ações da Copa do Mundo) prejudicaram seriamente a imagem e a unidade do futebol. Eu e meus colegas do Comitê acreditamos que a confiança depositada no presidente da Fifa foi quebrada. A maneira como imaginamos a gestão do futebol mundial não se alinha mais com nossos valores. Por isso, por unanimidade, o Comitê Executivo da FFF decidiu retirar seu apoio à candidatura de Gianni Infantino à presidência da FIFA. Nossa posição é clara — disse Diallo. A eleição presidencial da Fifa ocorrerá no dia 18 de março de 2027, em Rabat, no Marrocos. Gianni Infantino assumiu o primeiro mandato em fevereiro de 2016 e substituiu Joseph Blatter. Ele foi reeleito três anos depois, em uma disputa sem oponentes, e novamente em 2023. Até o momento, o atual dirigente é o único candidato na disputa para a presidência. A campanha de reeleição de Infantino começou a perder força especialmente após a Copa do Mundo de 2026. O presidente é investigado pela relação com Donald Trump por causa de possíveis violações da neutralidade política e por usar de forma indevida os poderes do cargo. Outra polêmica em torno do nome de Infantino foi em relação a uma proposta de criação da empresa Fifa Forward Enterprise para organizar os torneios da entidade. A companhia permitiria a venda de participações minoritárias, com objetivo de lucrar até US$ 4,2 bilhões (R$ 21,5 bilhões). No anúncio da Bélgica, por exemplo, a decisão também se baseou na suspensão do cartão vermelho para Balogun, dos EUA. O atacante americano havia sido expulso contra a Bósnia, mas foi liberado para enfrentar a seleção belga depois que o Comitê Disciplinar da Fifa retirou seu cartão vermelho. Infantino explica proposta de empresa para gerenciar operações da Fifa"
São Paulo atrasa também salários em carteira e não dá previsão de pagamento aos jogadores,10/09/2026,https://ge.globo.com/futebol/times/sao-paulo/noticia/2026/09/10/sao-paulo-atrasa-tambem-salarios-em-carteira-e-nao-da-previsao-de-pagamento-aos-jogadores.ghtml,"Voz do Setorista: São Paulo atrasa salários em carteira e não dá previsão de pagamento O São Paulo não pagou os salários em carteira neste mês de setembro. Os valores deveriam ter caído nas contas dos jogadores no último dia 8, o que não ocorreu. Internamente, o clube não deu prazo para pagar. Foi a primeira vez que o clube atrasou também os valores em carteira. São Paulo está otimista em ter Luciano contra o Boca | Voz do Setorista SPFC Os atletas sabem da briga política que envolve os bastidores do clube e, agora, enxergam que isso tem atrapalhado também o futebol e os pagamentos. O ge ouviu de pessoas da alta cúpula que ""o clube está parado"". O São Paulo tem três meses de direitos de imagem em atraso: junho, julho e agosto. O grupo de atletas entende que a tendência hoje é que o atraso chegue a quatro meses no dia 28 de setembro, quando vence mais um direito de imagem. Mais do São Paulo : + E o Pedro Ferreira? Entenda por que joia não engrenou + A crise que levou Casares a novo julgamento no São Paulo Harry Massis, presidente do São Paulo — Foto: Marcos Ribolli Procurado pela reportagem, o São Paulo confirmou o atraso no pagamento da folha e disse que busca fazer a quitação. O clube ainda pontuou que ""lamenta a questão do contrato com a Ticketmaster estar sendo tratado como algo político e eleitoreiro. O contrato foi aprovado no dia 19 pelo Conselho de Administração e está desde o dia 27 com o presidente do Conselho Deliberativo"". O acerto com a nova ticketeira do estádio virou uma guerra política no clube . No futebol, os salários de atletas são divididos entre valores em carteira de trabalho e direitos de imagem. O São Paulo se acostumou a deixar um mês de imagem em atraso nos últimos anos, mas não chegou a atrasar salários em carteira."
Santos 2x0 Atlético-MG: assista aos melhores momentos,09/09/2026,https://ge.globo.com/sp/santos-e-regiao/futebol/times/santos/noticia/2026/09/09/santos-2x0-atletico-mg-assista-aos-melhores-momentos.ghtml,"O Santos venceu o Atlético-MG por 2 a 0 na noite desta quarta-feira, na Vila Belmiro, no jogo de ida das quartas de final da Copa Sul-Americana. Willian Arão e Oliva fizeram os gols da vitória. Os times voltam a se enfrentar na quarta-feira, dia 16, na Arena MRV, em Belo Horizonte. O Santos pode até perder por um gol de diferença para avançar à semifinal do torneio. O Atlético-MG, por sua vez, precisa vencer por três gols de diferença ou pelo menos por dois para levar a disputa da vaga para os pênaltis. Willian Arão comemora gol do Santos contra o Atlético-MG — Foto: Mauricio De Souza/AGIF"
Al-Ahli recusa investidas por Matheus Gonçalves e frustra Botafogo,10/09/2026,https://ge.globo.com/futebol/times/botafogo/noticia/2026/09/10/al-ahli-recusa-investidas-por-matheus-goncalves-e-frusta-botafogo.ghtml,"Al-Ahli decidiu não negociar Matheus Gonçalves nesta janela de transferências. O clube recusou as propostas de Botafogo e Vasco apresentada pelos empresários do jovem de 21 anos. Matheus Gonçalves era o principal alvo do Botafogo nesta última semana de janela. O perfil versátil do jogador agradou ao clube carioca, que podia utilizá-lo como ponta e meia. Matheus Gonçalves, do Al-Ahli — Foto: Divulgação/Al-Ahli No início da janela, o Al-Ahli havia sinalizado a possibilidade de negociar o brasileiro. Com as propostas de Botafogo e Vasco, o estafe do jogador viajou para se reunir com o clube, que informou que não iria liberá-lo até janeiro. Tanto Botafogo quanto Vasco apresentaram uma proposta por empréstimo com opção de compra fixada. No caso do Botafogo, o valor foi de 12 milhões de euros (R$ 71 milhões). O Vasco apresentou 10 milhões de euros (R$ 59 milhões). As bases salariais oferecidas pelo Botafogo era quase duas vezes a do Vasco. Sem Gonçalves, o Botafogo contratou o zagueiro Arthur Chaves, os goleiros Warleson e Gabriel Batista, o lateral Paulinho, o zagueiro Lucas Monzón, o volante Domingos Andrade, o atacante Danilo Pereira e ponta marroquino Ziyech."
De Paul e Lewandowski batem boca e trocam empurrões na MLS; veja vídeo,10/09/2026,https://ge.globo.com/futebol/futebol-internacional/noticia/2026/09/10/de-paul-e-lewandowski-batem-boca-e-trocam-empurroes-na-mls-veja-video.ghtml,"Inseparáveis! Messi e De Paul juntos em mais um treinamento da Argentina De Paul e Lewandowski se envolveram em uma discussão acalorada nos minutos finais do empate por 1 a 1 entre Chicago Fire e Inter Miami, nesta quarta-feira, pela MLS. Os dois ficaram cara a cara, trocaram provocações e chegaram a se empurrar antes de serem separados pelos companheiros. O episódio aconteceu depois de o atacante polonês se desentender com Ian Fray, do Inter Miami. De Paul entrou na confusão para defender Fray e não recuou diante de Lewandowski. Os dois, já se enfrentaram diversas vezes na Espanha — quando o argentino defendia o Atlético de Madrid e o polonês, o Barcelona. De Paul e Lewandowski batem boca e trocam empurrões na MLS — Foto: Reprodução/X Dentro de campo, Lewandowski abriu o placar para o Chicago Fire aos nove minutos do primeiro tempo, chegando ao sexto gol na temporada. O Inter Miami empatou logo no início da segunda etapa, com Casemiro, de cabeça, após cobrança de escanteio de Lionel Messi. Com o resultado, o Inter Miami chegou aos 44 pontos e permaneceu na segunda colocação da Conferência Leste. O Chicago Fire foi a 39 pontos. A partida teve público superior a 63 mil pessoas no Soldier Field, em Chicago"
"Diniz elogia mudança de postura do Corinthians na Libertadores: ""É o que a torcida merece""",10/09/2026,https://ge.globo.com/futebol/times/corinthians/noticia/2026/09/10/diniz-elogia-mudanca-de-postura-do-corinthians-na-libertadores-e-o-que-a-torcida-merece.ghtml,"Estudiantes 1 x 1 Corinthians | Melhores momentos | Quartas de final | CONMEBOL Libertadores 2026 Para o técnico Fernando Diniz, mais importante do que o empate fora de casa com o Estudiantes no jogo de ida da quartas de final da Conmebol Libertadores, a postura dos jogadores em campo foi digna de elogios. Depois de três derrotas seguidas no Brasileirão, o Corinthians fez um jogo competitivo na Argentina, saiu atrás, mas teve forças para evitar a derrota. — É o que a torcida merece. O que a torcida merece de nós é entrega total, absoluta e irrestrita em todos os jogos. Jogar bem tecnicamente é algo que a gente treina, mas essa entrega que os jogadores tiveram, isso faz uma simbiose que todo mundo ganha. Torcida do Corinthians merece — afirmou Diniz, em coletiva de imprensa. Mais notícias do Corinthians : + Veja como foi o confronto com o Estudiantes + Atuações: dê suas notas aos jogadores do Timão Fernando Diniz em Estudiantes x Corinthians pela Conmebol Libertadores — Foto: Rodrigo Coca / Corinthians Entre jogadores e comissão técnica, a postura do time foi encarada como uma resposta às críticas externas em meio aos seguidos tropeços no Campeonato Brasileiro, incluindo a derrota em casa no último domingo para a lanterna Chapecoense, e a consequente queda na tabela. — Teve momentos que a torcida do Corinthians fez mais barulho do que o estádio todo. Tem que procurar jogar nesse ritmo da torcida, nesse desejo de ganhar, de não desistir nunca, de ir até o final. Estou muito feliz por podermos agradar o torcedor — disse o treinador. Embora o resultado no jogo de ida contra o Estudiantes tenha sido considerado positivo, o confronto está aberto. Na próxima quarta-feira, a partir das 21h30 (horário de Brasília), brasileiros e argentinos se enfrentam na Neo Química Arena valendo vaga nas semifinais da Libertadores. Quem vencer, fica com a classificação. Em caso de novo empate, independentemente da quantidade de gols, o confronto será decidido nas cobranças de pênaltis. ""Bom resultado para decidir na Neo Química Arena"", diz Careca após empate do Corinthians"
Athletico e Coritiba voltam a ter jogadores convocados à Seleção juntos depois de 85 anos,10/09/2026,https://ge.globo.com/pr/futebol/brasileirao-serie-a/noticia/2026/09/10/athletico-e-coritiba-voltam-a-ter-jogadores-convocados-a-selecao-juntos-depois-de-85-anos.ghtml,"Arthur Dias e Pedro Morisco, de Athletico e Coritiba, são convocados para a Seleção Às vésperas do Athletiba, Athletico e Coritiba voltaram a ter jogadores convocados à Seleção, juntos, depois de 85 anos. O zagueiro Arthur Dias, do Furacão, e o goleiro Pedro Morisco, do Coxa, foram chamados pelo técnico Carlo Ancelotti para os amistosos contra Austrália e Índia. Arthur Dias, zagueiro do Athletico, chora ao ser convocado pela seleção brasileira. A última vez que a lista de convocados pela Seleção principal teve nomes de Athletico e Coritiba tinha sido em dezembro de 1941, na convocação para a disputa do Sul-Americano de 1942. Na ocasião, o goleiro Caju e o meio-campista Joanino, do Furacão, foram chamados junto com o defensor Tonico, do Coxa. Tonico acabou cortado em seguida do elenco que disputou o Sul-Americano de 1942, no Uruguai. Caju foi titular em todos os jogos, e Joanino disputou uma partida. O Brasil terminou em terceiro, e o Uruguai foi campeão . Gazeta do Povo com notícia sobre convocação de Caju, Joanino e Tonico, de Athletico e Coritiba, em 1941 — Foto: Arquivo/Cahuê Miranda Jornal da Tarde com notícia sobre convocação de Caju e de Tonico, de Athletico e Coritiba, em 1941 — Foto: Arquivo Helênicos Jornal da Tarde com notícia sobre convocação de Caju, Joanino e Tonico, de Athletico e Coritiba, em 1941 — Foto: Arquivo Helênicos O Dia com notícia sobre convocação de Caju, Joanino e Tonico, de Athletico e Coritiba, em 1941 — Foto: Arquivo/Cahuê Miranda 🗞️ Leia mais notícias do Coritiba 🗞️ Leia mais notícias do Athletico Mais recentemente, em 2000, Coritiba e Athletico tiveram o volante Mozart e o atacante Lucas entre os chamados para a seleção olímpica. Eles foram campeões do Pré-Olímpico, em janeiro de 2000, em Londrina , garantindo a vaga nas Olimpíadas de Sydney, no mesmo ano. O goleiro Pedro Morisco, do Coritiba, e o zagueiro Arthur Dias, do Athletico, estão entre as novidades do técnico Carlo Ancelotti na primeira convocação da Seleção Brasileira após a Copa do Mundo. Foi a primeira vez que os dois foram chamados. Aos 22 anos, Pedro Morisco chegou ao Coritiba aos nove anos de idade e construiu toda a trajetória no clube. Depois de passar pelas seleções de base, ele se firmou no profissional a partir do fim de 2023 e alcançou a marca de 100 jogos pelo Coxa ainda nesta temporada. Pedro Morisco, do Coritiba, e Arthur Dias, do Athletico — Foto: JP Pacheco/Coritiba - Luis Miguel Ferreira/Athletico A convocação de Morisco é a primeira do Coritiba após 15 anos. O último jogador do Coxa chamado para a Seleção foi o zagueiro Emerson, em setembro de 2011. Já o zagueiro Arthur Dias tem 19 anos e era um nome constante nas seleções de base. Ele foi campeão do Sul-Americano Sub-20 no ano passado, mas nunca havia sido chamado para a equipe principal do Brasil. O jogador é um dos pilares de Odair Hellmann na temporada. Antes, o último convocado do Athletico pela Seleção foi o goleiro Bento, em 2024. No último ciclo da Copa do Mundo, o goleiro Mycael também foi chamado pela Seleção, em 2023. O Brasil enfrentará a Austrália duas vezes: no dia 25 de setembro, no Queensland Country Bank Stadium, em Townsville, e no dia 29, no Suncorp Stadium, em Brisbane. Na sequência, a delegação seguirá para a Índia. No dia 3 de outubro, o Brasil enfrentará a seleção indiana no Salt Lake Stadium, em Calcutá. Será o primeiro confronto da história entre as seleções principais dos dois países. Com a dupla convocada, Coritiba e Athletico se enfrentam nesta sexta-feira, às 21h (de Brasília), no Couto Pereira, abrindo a 27ª rodada do Campeonato Brasileiro. O ge acompanha o jogo em Tempo Real. Mais notícias do esporte paranaense em ge.globo/pr"
Anderson Conceição ganha espaço no Figueirense e mira reação na Copa SC,10/09/2026,https://ge.globo.com/sc/futebol/times/figueirense/noticia/2026/09/10/anderson-conceicao-ganha-espaco-no-figueirense-e-mira-reacao-na-copa-sc.ghtml,"Melhores momentos de Figueirense 1 x 1 Barra, pela Copa SC - Vídeo: Metrópoles Esportes Anderson Conceição voltou a ganhar espaço no Figueirense. O zagueiro de 36 anos entrou no segundo tempo do empate em 1 a 1 com o Barra, pela estreia da Copa Santa Catarina, e agora aparece como provável titular para o duelo diante do Nação, neste sábado, pela terceira rodada da competição. Anderson Conceição, zagueiro do Figueirense — Foto: Patrick Floriani / FFC A partida contra o Pescador marcou o retorno do defensor aos jogos oficiais depois de mais de quatro meses. Antes disso, sua última atuação havia sido na derrota por 4 a 2 para o Carlos Renaux, no encerramento do quadrangular contra o rebaixamento do Campeonato Catarinense. Desde então, Anderson chegou a ser relacionado para partidas da Série C contra Anápolis, Barra, Ferroviária, Caxias e Maranhão, mas permaneceu no banco. — Durante esse período, eu estava sempre presente, procurando ajudar dentro e fora de campo também, no vestiário, nos treinamentos. Sei da minha capacidade de poder ajudar mesmo quando não jogo e, principalmente, de auxiliar os mais jovens, os meninos que vêm subindo da base, e poder aconselhar também nos momentos de dificuldade que a gente vinha passando durante a maior parte do tempo — afirmou. Anderson Conceição treina com o elenco do Figueirense, mas não atua desde o Campeonato Catarinense — Foto: Eduardo Pauli/FFC Anderson soma oito partidas pelo Figueirense em 2026. Sete delas foram disputadas no Campeonato Catarinense, competição em que o Alvinegro iniciou o ano como candidato ao título, mas terminou rebaixado após uma campanha marcada por resultados ruins e mudanças dentro e fora de campo, com troca de comando técnico entre Waguinho Dias para Márcio Zanardi no término da 1ª fase do estadual e depois para Raul Cabral, na 3ª rodada do Brasileiro. — Principalmente como um dos líderes no início do ano, eu tive responsabilidade também. De pensar: ""Pô, velho, poderia ter feito alguma coisa diferente, ajudado de outra forma, dado um pouco mais"". Infelizmente, a gente acabou iniciando o ano muito mal. E falo isso no todo, sabe? — disse. — Não só o externo, mas o interno também acabou prejudicando um pouco o que a gente iria construir. Aí você tem que começar a remar de novo, mudar peças, mudar muitas coisas e acaba tendo que fazer outro planejamento — completou. Anderson Conceição, zagueiro do Figueirense — Foto: Patrick Floriani / FFC O time chegou à última rodada da primeira fase da Série C ainda com chances de classificação, venceu o Maranhão por 2 a 1 no Orlando Scarpelli, mas encerrou a participação na 11ª colocação, com 28 pontos, fora do G-8. Sem conseguir o acesso, a Copa Santa Catarina passou a ser o último objetivo esportivo do clube em 2026. Atual campeão do torneio, o Figueirense busca novamente a taça e uma forma de encerrar uma temporada garantindo a vaga para a Copa do Brasil em 2027. — A gente acaba sendo visado, tem o peso de ser o atual campeão. Temos um grupo para brigar pelo título novamente, mas a gente tem que saber que, quando entra em campo, são 11 contra 11. Não tem jogo ganho no futebol. Se a gente não tiver humildade para marcar o adversário na hora em que tiver que marcar e, na hora em que tiver as oportunidades, fazer também, não adianta. Então, é ter essa capacidade de entender a competição, a mudança de cenário, aumentar o nosso nível e continuar competindo para buscar o título. Anderson Conceição em treino pelo Figueirense — Foto: Patrick Floriani/FFC A tendência é que Anderson Conceição tenha sua primeira oportunidade como titular desde o Campeonato Catarinense no próximo compromisso. Leonan está fora após passar por cirurgia devido a uma fratura em um dos dedos da mão, e o veterano deve formar a dupla de zaga com Jhonnathan diante do Nação. — A gente tem que buscar fazer o que está ao nosso alcance, sabe? Tentar terminar o ano pelo menos deixando uma imagem legal no clube. Esse grupo não vai ser o mesmo no ano que vem, mas, pelo menos, terminar o ano pensando: ""Pô, vamos terminar aqui com um título, para deixar alguma coisa para o clube"". — O Figueirense vai, eu tenho certeza, se reconstruir. É uma camisa muito forte, muito pesada. Sou um cara que torce muito para que isso aconteça o mais rápido possível, porque o torcedor já vem sofrendo há muito tempo com isso — encerrou. Mais notícias do esporte catarinense no ge.globo/sc"
Chuva atinge tribuna de imprensa do Camp Nou durante jogo do Barcelona na Champions; veja,09/09/2026,https://ge.globo.com/futebol/futebol-internacional/noticia/2026/09/09/chuva-atinge-tribuna-de-imprensa-do-camp-nou-durante-jogo-do-barcelona-na-champions-veja.ghtml,"Vazamento de água na tribuna de imprensa do Camp Nou Uma parte da tribuna de imprensa do Camp Nou ficou alagada durante o jogo Barcelona x Feyenoord, nesta quarta-feira . O setor não resistiu à chuva forte, e o vazamento atrapalhou o trabalho dos jornalistas que faziam a cobertura da partida, válida pela primeira rodada da Liga dos Campeões da Uefa. Reformado recentemente, o estádio do Barcelona ainda tem pontos de obras e está operando com capacidade parcial. No vídeo, é possível observar uma ""cachoeira"" caindo do teto diretamente sobre as mesas. O fluxo intenso atingiu assentos e bancadas e os profissionais precisaram deixar a área atingida. Alguns correram para recolher cadernos, celulares, mochilas e outros equipamentos, enquanto outros tentaram afastar a água que se acumulava no local. Raphinha marca na estreia do Barcelona na Champions — Foto: Reuters Dentro de campo, o Barcelona goleou o Feyenoord por 5 a 1 e estreou com vitória na Champions . Raphinha marcou duas vezes, enquanto Karim Adeyemi, Lamine Yamal e Gabriel Jesus completaram o placar para o time catalão. Sem Steijn descontou para os holandeses."
Botafogo anuncia contratação de Ziyech,10/09/2026,https://ge.globo.com/futebol/times/botafogo/noticia/2026/09/10/botafogo-anuncia-contratacao-de-ziyech.ghtml,"O Botafogo anunciou nesta quinta-feira a contratação do atacante Hakim Ziyech. Com passagem pelo Chelsea, o marroquino de 33 anos assinou contrato válido até o fim de 2028 com o clube alvinegro. O reforço está na Rio de Janeiro deste a última terça, quando foi recebido com festa no aeroporto . O clube anunciou o reforço com um vídeo publicado nas redes sociais. A produção conecta o deserto marroquino com a enseada de Botafogo, na Zona Sul da cidade do Rio, e traz um discurso de Ziyech. O jogador usa o símbolo da estrela para evocar identificação com o novo clube. Para o Botafogo, há a estrela solitária. Para o jogador, a estrela verde da bandeira do Marrocos. Voz do Setorista: Os detalhes da chegada de Ziyech para assinar com o Botafogo — Direção. Brilho. Propósito. A luz que um dia apontou o caminho, hoje, nos conecta. Encontros. Escolhas. Identidade. Histórias que começam, mas parecem que sempre existiram. Glórias. Conquistas. Paixão. Duas histórias, uma estrela. A estrela sempre me guiou. Ziyech é Botafogo — disse o atleta. Ziyech é o oitavo reforço contratado pelo Botafogo na atual janela de transferência. Na última terça, a diretoria apresentou o zagueiro Arthur Chaves, ex-Hoffenheim, da Alemanha. Antes, o clube já havia anunciado os goleiros Warleson e Gabriel Batista, o lateral Paulinho, o zagueiro Monzón, o volante Domingos Andrade e o atacante Danilo Pereira. O atacante de 33 anos se despediu do Wydad Casablanca logo após chegar a acordo verbal com o Botafogo. Ziyech é o grande nome do clube na janela e preencherá uma função desejada pela comissão técnica, a de ponta canhoto. Na Copa do Mundo de 2022, o jogador foi um dos destaques na campanha histórica do Marrocos, quarto colocado na competição. Pelo clube atual, o Wydad Casablanca, fez 16 jogos, marcou nove gols e contribuiu com duas assistências. Antes do Wydad, ele defendeu Heerenveen, Twente, Ajax (todos da Holanda), Chelsea, Galatasaray e Al-Duhail (Catar). Botafogo anuncia contratação de Ziyech — Foto: Divulgação"
Manchester United x Sabah na Champions League: onde assistir ao vivo e horário,10/09/2026,https://ge.globo.com/futebol/futebol-internacional/noticia/2026/09/10/manchester-united-x-sabah-na-champions-league-onde-assistir-ao-vivo-e-horario.ghtml,"O Manchester United está de volta à Champions League. O clube inglês estreia na edição 2026/27 nesta quinta-feira, diante do Sabah, do Azerbaijão. A bola rola às 16h (de Brasília), no Old Trafford, pela primeira rodada da fase de liga. O ge acompanha em Tempo Real. O United ficou as duas últimas temporadas sem disputar a Liga dos Campeões, em meio a mais uma turbulência dentro e fora de campo. A equipe se classificou para a principal competição de clubes da Europa após uma campanha de recuperação na última Premier League, sob o comando do ex-meia Michael Carrick, sucessor de Rúben Amorim no cargo. Matheus Cunha em treinamento do Manchester United — Foto: Reuters A última participação do tradicional time de Manchester na Champions não foi boa: o United foi eliminado na fase de grupos da temporada 2023/24, em uma chave com Bayern de Munique, Galatasaray e Copenhagen. Agora, o clube disputará o novo formato, com a fase de liga, pela primeira vez. A campanha começa em um cenário que tem tudo para gerar uma boa estreia: o time de Carrick jogará em casa, recebendo o Sabah, um dos estreantes da edição 2026/27. A equipe, campeã do Azerbaijão pela primeira vez na história, conseguiu chegar à fase de liga e iniciará sua trajetória enfrentando um clube tricampeão europeu. O United precisa superar um começo ruim de temporada para buscar a vitória no torneio europeu. A equipe inglesa venceu apenas um dos três primeiros compromissos na Premier League, diante do Ipswich Town, somando também um empate com o Everton e uma derrota para o Hull City, logo na estreia. De Ligt, Ugarte, Baleba, Diallo e Heaton são desfalques para Carrick. Rashford ainda é dúvida após deixar o duelo contra o Everton com dores. O técnico pode dar espaço para Sesko no ataque, junto a Matheus Cunha."
Deco nega que Barcelona tenha pedido a Julián Álvarez para forçar saída do Atlético de Madrid,10/09/2026,https://ge.globo.com/futebol/futebol-internacional/noticia/2026/09/10/deco-nega-que-barcelona-tenha-pedido-a-julian-alvarez-para-forcar-saida-do-atletico.ghtml,"Barcelona 5 x 1 Feyenoord | 1ª rodada | Fase de liga | Liga dos Campões 2026/27 Deco negou que o Barcelona tenha orientado Julián Álvarez a manifestar publicamente o desejo de deixar o Atlético de Madrid durante a última janela de transferências. Em entrevista à rádio catalã RAC1, o diretor esportivo confirmou que o clube apresentou uma proposta pelo atacante argentino, mas afirmou que não houve resposta. Julián Álvarez, do Atlético de Madrid, durante partida contra o Villarreal, pelo Campeonato Espanhol. — Foto: REUTERS/Thomas Peter - Não quero mais falar sobre isso. Fizemos tudo certo. Enviamos uma proposta, mas não houve resposta. Tem havido mais conversa na imprensa do que realidade. Laporta já explicou que conversou com eles de forma respeitosa e clara. E é isso. Não podemos continuar falando da mesma coisa. Há mais pressão social envolvida do que realidade - afirmou Deco. O dirigente também rejeitou diretamente a informação de que o Barcelona teria incentivado Julián Álvarez a tornar pública sua vontade de sair do Atlético. - O Barça não disse para ele expressar publicamente o desejo de sair do Atlético - garantiu. Barcelona x Real Madrid: quem tem o melhor elenco Ao comentar o caso, Deco comparou a situação com a própria experiência como jogador. Em 2004, o então meio-campista deixou o Porto para defender o Barcelona depois de conquistar a Champions League pelo clube português. - O presidente do Porto não me deixou ir para o Barça. Disseram-me para ficar um ano e depois me deixariam ir. Fiquei, e minha obsessão era jogar bem. Felizmente, no meu caso, consegui ir para onde queria. Deco e Ronaldinho Gaúcho no Barcelona — Foto: Getty Images"
"Análise: Palmeiras cria mais para vencer e melhora, mas vantagem mínima no placar ainda preocupa",10/09/2026,https://ge.globo.com/futebol/times/palmeiras/noticia/2026/09/10/analise-palmeiras-cria-mais-para-vencer-e-melhora-mas-vantagem-minima-no-placar-ainda-preocupa.ghtml,"Veja a coletiva de Abel Ferreira após vitória do Palmeiras sobre a LDU Se comparado às últimas atuações ao longo da recente queda de rendimento do Palmeiras , o time melhorou. Criou mais chances, com 23 finalizações, para vencer, no Nubank Parque, a LDU por 1 a 0, com gol de Giay na melhor atuação do lateral clube. Mas o placar mínimo na ida das quartas de final da Libertadores ainda preocupa. Isso principalmente pelo histórico entre as equipes que se enfrentaram nas semifinais de 2025, sendo a ida em Quito, quando o Palmeiras perdeu por 3 a 0 em uma atuação irreconhecível no Equador. Precisou fazer o 4 a 0 na volta para avançar. Palmeiras 1 x 0 LDU | Melhores Momentos | Conmebol Libertadores 2026 Mais notícias do Palmeiras : + Gómez desfalca o Palmeiras contra a LDU no Equador + Giay faz seu melhor jogo e decide vitória; dê suas notas Nos primeiros 90 minutos do confronto, porém, Abel recorreu aos três zagueiros, assim como havia feito em 2025, mas com características distintas. À época tinha Allan e Sosa, agora teve Giay e Piquerez. O time sustentou maior posse de bola, com 57%, e as principais chances criadas, levando sustos mais em situações de erros individuais. A defesa, portanto, ainda esteve inconsistente, com Carlos Miguel errando uma saída de bola (que o time conseguiu evitar virar gol rival), e Barboza fez ao menos três faltas antes de encaixar desarmes. Gómez levou cartão amarelo e está fora do jogo de volta. Giay, do Palmeiras, comemora gol contra a LDU, pelas quartas de final da Copa Libertadores. — Foto: Mauro Horita/Staff Images O Palmeiras também teve dificuldade de traduzir o volume de chances em número de gols: das 23 finalizações, só oito foram no alvo. E essa eficácia foi caindo no decorrer da partida. Empurrado pela torcida, o Palmeiras arriscou com Arias aos 7 minutos, depois com Marlon Freitas de cabeça aos 8, e Giay de fora da área aos 17. Pouco após a pausa para hidratação, Vitor Roque, que melhorou em comparação aos seus últimos jogos e foi mais participativo (com quatro chances arriscadas), roubou a bola de Adé na marcação e na área finalizou. A bola parou na defesa espalmada do goleiro Valle, mas ficou viva na área, e assim Giay se jogou de peixinho para cabecear: 1 a 0. Caio Ribeiro, sobre Abel Ferreira: ""Entrevista dele está muito condicionada ao resultado"" No segundo tempo, Arias, Piquerez e Vitor Roque tiveram tentativas logo nos primeiros minutos. Depois, Gómez de cabeça, Murilo, em que o goleiro defendeu aos 12, Roque outra vez aos 14, Flaco aos 18, enquanto a LDU só assustou aos 22, quando Alvarado recebeu cara a cara com Carlos Miguel, tocou para Carabalí e ele não finalizou para o gol. Aos 36 e 38 saíram as melhores chances da etapa: Jhon Arias recebeu de Flaco, driblou o marcador e chutou a bola, que desviou na perna do zagueiro, e o Cria da Academia recebeu de Giay e cabeceou buscando o canto, mas a bola passou perto da trave. Abel fez apenas uma alteração durante todo o jogo, tirando Vitor Roque, com câimbras, por Heittor, e explicou ter sido por não ver necessidade, entender que o time estava em bom ritmo na busca pelo gol. Agora, retomará a preparação, mas para o Brasileiro, em que enfrentará o São Paulo, às 18h30 deste sábado, no Nubank Parque. Giay, do Palmeiras, comemora gol contra a LDU, pelas quartas de final da Copa Libertadores. — Foto: Mauro Horita/Staff Images"
Bragantino goleia Cruzeiro por 8 a 1 pelo Brasileirão Sub-17,09/09/2026,https://ge.globo.com/sp/vale-do-paraiba-regiao/futebol/times/bragantino/noticia/2026/09/09/bragantino-goleia-cruzeiro-por-8-a-1-pelo-brasileirao-sub-17.ghtml,"O Red Bull Bragantino goleou o Cruzeiro por 8 a 1 na tarde desta quarta-feira pelo Brasileirão Sub-17. A partida foi disputada no Centro de Performance e Desenvolvimento (CPD), em Atibaia. Os gols do Braga foram marcados por Bruninho (duas vezes), João Lucas (duas vezes), Matheus Macena (duas vezes) e Samuel Alves. Pelo Cruzeiro, Ian descontou. Bragantino e Cruzeiro pelo Brasileirão Sub-17 — Foto: Jonathan Silva, técnico do Bragantino sub-17 O técnico do Bragantino Sub-17, que já dirigiu o Cruzeiro, analisou o resultado. - Eu conheço bastante os jogadores do Cruzeiro e conheço bastante o clube, tem um grande trabalho, tem um grande treinador, então isso enaltece ainda mais a nossa vitória no dia de hoje e o que a gente conseguiu colocar em campo é a nossa identidade do jogo. Eu acredito muito que a gente tem que ter uma ideia de jogo que vai evoluir os jogadores e a equipe, e é isso que a gente tem buscado fazer e eles conseguiram reproduzir em resultado aquilo que a gente faz no treino. Então eu estou muito feliz pela mentalidade deles, com a forma que eles encararam o jogo - disse. No primeiro tempo, Samuel Alves e Bruninho marcaram para o Bragantino. Ian descontou para o Cruzeiro. O atropelo aconteceu na segunda etapa. Mateus Macena e João Lucas, marcaram duas vezes cada um. Bruninho e Reinaldo ainda ampliaram para o Massa Bruta na segunda etapa. Jonathan Silva, técnico do Bragantino sub-17 — Foto: Bruno Sousa/Red Bull Bragantino Com a vitória, o Bragantino agora ocupa a terceira colocação, com 32 pontos. Já o Cruzeiro acabou caindo para o sexto lugar, com 28 pontos. O Massa Bruta volta a campo na próxima terça-feira, 15, quando enfrenta o Palmeiras na Arena Barueri. Já os Crias da Toca recebem o América na Toca da Raposa, também na terça-feira, 15. Essa não é a primeira goleada do Braga na competição. Na terceira rodada, o Bragantino havia goleado o Internacional por 5 a 1 jogando fora de casa. Já no oitavo jogo do campeonato, o Massa Bruta bateu o Juventude por 6 a 0. Já na décima rodada, o Braga voltou a aplicar um 6 a 0, desta vez contra o Atlético-GO."
Auxiliar do Fluminense viraliza com gesto para chamar jogadores no aquecimento; veja,10/09/2026,https://ge.globo.com/futebol/times/fluminense/noticia/2026/09/10/auxiliar-do-fluminense-viraliza-com-gesto-para-chamar-jogadores-no-aquecimento-veja.ghtml,"Auxiliar cria gestos para chamar os jogadores do Fluminense Os gestos do auxiliar técnico Cadu chamaram a atenção nas duas últimas partidas do Fluminense — contra o Vasco, pelo Brasileirão, e contra o Platense, pela Conmebol Libertadores. Para agilizar as substituições na beira do campo, onde o uso de rádio é proibido, ele recorre a sinais criativos: ao chamar Lucho Acosta para entrar, fez um sinal com a mão para o preparador físico Ricardo Henriques referindo-se à altura do jogador. Mas este n o único código da comissão técnica. Diante do Platense, por exemplo, Cadu correu do banco até a linha de fundo para chamar Germán Cano. Ao se aproximar, o auxiliar fez o tradicional gesto do ""duplo L"" com as mãos para que o atacante argentino apressasse o aquecimento e iniciasse a corrida. A estratégia visa garantir a máxima agilidade possível no processo de substituição. Como as regras impedem a comunicação por rádio na área técnica, o auxiliar gesticula algo que identifique o atleta imediatamente para o preparador físico. Se a opção for a entrada de Ganso, por exemplo, o sinal é o número ""10"" com os dedos. Cadu, auxiliar técnico de Marcão, chama Lucho para entrar no Fluminense — Foto: Marcelo Gonçalves / Fluminense FC A comissão técnica atual, comandada por Marcão, tem ótima relação com o elenco, fruto também do longo tempo de casa dos profissionais. Essa sintonia se reflete em pequenos detalhes do dia a dia e no clima leve que tomou conta do vestiário tricolor. O bom ambiente e o conhecimento profundo das características de cada atleta foram trunfos cruciais para a recuperação do Fluminense na temporada. Em pouco tempo, o treinador conseguiu mudar a forma de atuar da equipe com eficiência, fazendo a transição de um modelo de transição direta para um futebol baseado em posse de bola e controle de ritmo. — Falando de Ganso, a ideia é clara para a equipe que a gente quer: ter o controle do jogo, saber o que está fazendo e aproximar as linhas. Por isso, a gente o trouxe de volta. Foi muito importante e decisivo. Temos que achar uma maneira de, quando perdermos o Paulo, ter a aceleração do Lucho, um jogo mais direto, que funcionou na última partida — explicou Marcão em entrevista coletiva. Fluminense troca 28 passes em 1 minuto e meio até o gol de Hulk O ""Baixola"", apelido carinhoso de Lucho Acosta entre os companheiros, deve ganhar nova oportunidade neste sábado, desta vez como titular. O Fluminense enfrenta o Atlético-MG às 16h (de Brasília), na Arena MRV, pela 27ª rodada do Campeonato Brasileiro, partida em que alguns titulares serão preservados."
"Zico opina sobre convocação e elogia Pedro, do Flamengo: ""Melhor centroavante do Brasil""",09/09/2026,https://ge.globo.com/futebol/times/flamengo/noticia/2026/09/09/zico-opina-sobre-convocacao-e-elogia-pedro-do-flamengo-melhor-do-brasil.ghtml,"Zico opina sobre convocação e elogia Pedro, do Flamengo: ""Melhor centroavante do Brasil"" Zico gostou da convocação de Pedro para a Seleção Brasileira. Nesta quarta-feira, o Galinho acompanhou a lista divulgada por Carlo Ancelotti para os próximos amistosos contra Austrália e Índia, entre o fim de setembro e o início de outubro, e não poupou elogios para o centroavante do Flamengo . Pedro e Samuel Lino, do Flamengo, comemoram convocação à Seleção Brasileira Zico recebeu, nesta quarta-feira, o título de Doutor Honoris Causa pela Universidade Candido Mendes. Ele é o primeiro esportista a receber a honraria em 125 anos de existência da instituição. Ao todo, apenas 14 pessoas foram premiadas, entre elas os ex-presidentes do Brasil Tancredo Neves e Fernando Henrique Cardoso. Na sequência de perguntas sobre a convocação da Seleção Brasileira, Zico analisou as oportunidades dadas a atletas que jogam no Brasil e a estreantes, casos de Matheuzinho e Gabriel Bontempo, por exemplo. Ele comparou a situação do Brasil com a da Itália e elogiou até mesmo Dorival Júnior, ex-comandante da Canarinho. — Pegar gente nova, que está aqui, é um alento. Dorival, quando pegou a Seleção, depois de anos fez ter mais jogadores do Brasil do que fora. E fez dois jogos ótimos contra Espanha e Inglaterra. É um alento. A Itália está na situação que está porque só tem estrangeiro jogando lá. Isso é um problema sério. A Seleção Brasileira terá três compromissos nesta Data Fifa. O primeiro será contra a Austrália, no dia 25 de setembro, em Townsville. Quatro dias depois, brasileiros e australianos voltam a se enfrentar, desta vez em Brisbane. Por fim, o Brasil encara a Índia em 3 de outubro, em Calcutá. Zico durante homenagem em universidade — Foto: Andressa Abbade/ge.globo"
Volta Redonda chega a cinco jogadores emprestados a times da Série B,10/09/2026,https://ge.globo.com/rj/sul-do-rio-costa-verde/futebol/times/volta-redonda/noticia/2026/09/10/volta-redonda-chega-a-cinco-jogadores-emprestados-a-times-da-serie-b.ghtml,"Barra 2 x 0 Volta Redonda | Melhores momentos | 19ª rodada | Série C O volante Victor Feitosa, do Volta Redonda, foi anunciado na última quarta-feira como reforço do Londrina para a reta final da Série B do Brasileirão. Ele se tornou o quinto jogador emprestado pelo Esquadrão de Aço na disputa da segunda divisão nacional em 2026. Dois atletas começaram a temporada emprestados para seus respectivos clubes: Gabriel Bahia, do Novorizontino , e Gabriel Pinheiro, no Juventude . A dupla jogou pelo Voltaço em 2025 e foi projetada no fim da temporada passada. Victor Feitosa volante Londrina — Foto: Reprodução/Redes Sociais Do elenco atual do Volta Redonda, três jogadores encerraram o calendário pelo clube e estão se juntando a novos clubes por empréstimo para os meses finais da temporada: Ygor Catatau, no CRB , Victor Feitosa e Fellipinho, no Londrina . Entre eles, apenas Fellipinho já estreou, jogando cerca de 15 minutos na derrota para o Operário por 2 a 1, no último fim de semana. Feitosa e Ygor Catatau podem ganhar espaço nos próximos jogos. Emprestados pelo Volta Redonda na Série B do Brasileirão Ygor Catatau comemora classificação — Foto: João Braz/VRFC Sem calendário para a reta final de 2026, o Volta Redonda terá eleições nos próximos meses e segue com poucas movimentações no mercado."
Flamengo busca contra o Independiente del Valle sequência inédita de vitórias na altitude,10/09/2026,https://ge.globo.com/futebol/times/flamengo/noticia/2026/09/10/flamengo-busca-contra-o-independiente-del-valle-sequencia-inedita-de-vitorias-na-altitude.ghtml,"Voz do Setorista: Veja preparação do Atahualpa para jogo do Flamengo e estado ruim do gram Depois de fazer a melhor campanha da fase de grupos e deixar o Cruzeiro pelo caminho nas oitavas de final, o Flamengo encara a temida altitude no próximo desafio na Libertadores. A equipe acumulou experiência nessas condições nos últimos anos e já venceu nesta temporada. Agora, o adversário é o Independiente del Valle, no Estádio Olímpico Atahualpa, em Quito, a 2.850 metros acima do nível do mar, às 21h30 (de Brasília). Este será o 13º jogo do Fla em altitudes acima dos 2.500 metros nos últimos 10 anos. São três vitórias, três empates e seis derrotas neste período. Ainda na fase de grupos, a equipe carioca bateu o Cusco por 2 a 0 no Estádio Inca Garcilaso de la Vega, quebrando uma sequência de cinco partidas sem vitórias nessas condições. Pedro e Samuel Lino, do Flamengo, comemoram convocação à Seleção Brasileira Vencer duas vezes na altitude em uma mesma temporada, inclusive, seria algo inédito para o clube. Seria também a terceira partida seguida sem perder. Para isso, porém, o Flamengo precisará quebrar o momento positivo do Del Valle, que venceu seus últimos cinco jogos como mandante na Libertadores. Plata e Leonardo Jardim em Cusco x Flamengo — Foto: Gilvan de Souza / Flamengo O conhecimento recente pode ajudar o Flamengo a traçar as estratégias para lidar com a adversidade. O clube optou por chegar ao Equador três dias antes do jogo justamente para ajudar na adaptação, fazendo dois treinos no CT da LDU. Nem sempre essa é a logística escolhida, mas geralmente em altitudes menores é por esse caminho que o clube segue. — A gente já tem experiência de jogar na altitude, fizemos jogos ano passado na fase de grupos contra o Bolívar, e nos anos anteriores na Colômbia em Medellín. Teve Cusco também esse ano. O Independiente del Valle vem em uma fase muito boa, acho que na liderança do campeonato deles, vencendo muitos jogos. Vai ser um jogo muito importante, mas como sempre falo, na Libertadores não tem jogo fácil. Tem que se adaptar às diferentes situações que o jogo propõe: altitude, frio, calor, o que for... Vamos tentar fazer um grande jogo lá para depois tentar vencer em casa — analisou Rossi. Em fase positiva depois de assumir a liderança do Campeonato Brasileiro, o Flamengo chega ao jogo das quartas de final com um ambiente bem mais controlado. Na fase anterior, o confronto contra o Cruzeiro foi cercado de questionamentos, mas a equipe teve boas atuações para se classificar."
Richarlison entrará com pedido de rescisão com Tottenham para assinar com o Vasco,09/09/2026,https://ge.globo.com/futebol/times/vasco/noticia/2026/09/09/estafe-de-richarlison-entrara-com-pedido-de-rescisao-com-tottenham-para-assinar-com-o-vasco.ghtml,"Ele é primeira prateleira da América do Sul | ge Vasco debate o nome de Richarlison O estafe de Richarlison entrará com pedido de rescisão contratual com o Tottenham para o atacante assinar com o Vasco . O jogador está incomodado com a decisão do clube inglês em não inscrevê-lo na Premier League e colocá-lo à disposição do sub-21. O atacante quer ser liberado para jogar no Vasco até dezembro. O estafe do atacante acredita que o Tottenham não poderia tomar a decisão de afastar o jogador do time profissional e o deixar apenas a serviço do sub-21 da equipe inglesa. Por isso, os advogados de Richarlison entrarão com pedido na Justiça para rescindir o contrato com o Tottenham. Importante: isso não significa que Richarlison tenha que rescindir até sexta-feira. Ele poderá assinar com o Vasco mesmo se rescindir após o fim da janela. O que importa é a data da notificação do pedido de rescisão. Para o estafe do jogador, o caso se assemelha ao de Renan Lodi, que alegou na Justiça que estava impedido de exercer sua profissão após não ter sido inscrito na liga saudita. O jogador conseguiu uma rescisão unilateral e assinou com o Atlético-MG meses depois. Torcedor vascaíno desde a infância, o atacante aceitou um empréstimo na última terça, mas um limite imposto pela Fifa para este tipo de transferência fez o negócio com o Tottenham inicialmente melar. Enquanto Richarlison tenta a rescisão contratual, Pedrinho e a direção do Vasco seguem negociando a compra do jogador, mas sabem que é uma transação difícil. Richarlison com a camisa do Tottenham — Foto: Reuters A vontade do jogador tem sido determinante na negociação com o Vasco. Richarlison quer vestir a camisa vascaína até dezembro de 2026. Por isso, pediu ao clube inglês para ser negociado com a equipe carioca. No entanto, o Tottenham pede mais de 20 milhões de libras para negociar o jogador em definitivo, valor que o Vasco não pode investir neste momento."
"Com Estêvão de titular, Chelsea vence de virada e avança na Copa da Liga Inglesa",09/09/2026,https://ge.globo.com/futebol/futebol-internacional/futebol-ingles/copa-da-liga-inglesa/noticia/2026/09/09/com-estevao-de-titular-chelsea-vence-de-virada-e-avanca-na-copa-da-liga-inglesa.ghtml,"Chelsea 6 x 3 Leeds United | Melhores momentos | 3ª fase Copa da Liga Inglesa Com uma atuação arrasadora no segundo tempo, o Chelsea venceu o Leeds United nesta quarta-feira, por 6 a 3 , no estádio Stamford Bridge, e avançou na Copa da Liga Inglesa 2026/27 . Convocado para os próximos jogos da seleção brasileira , o atacante Estêvão foi titular do Chelsea, mas acabou sendo substituído no intervalo. Convocado pela Seleção, Estêvão foi titular do Chelsea contra o Leeds United na Copa da Liga Inglesa — Foto: Reuters O técnico Xabi Alonso decidiu deixar titulares como Pedro Neto, Cole Palmer e João Pedro no banco de reservas. Melhor no primeiro tempo, o Leeds abriu o placar aos 23 minutos. O meia Harry Wilson bateu o escanteio, e o zagueiro Muharemovic completou de cabeça. O Chelsea foi para o vestiário no intervalo sob vaias da torcida. A situação do time de Londres ficou pior logo no início do segundo tempo. Após roubada de bola do Leeds no campo de ataque, o meio-campista Ampadu avançou pela direita e cruzou rasteiro. O centroavante Nmecha deu uma leve pisada na bola, e o meia Aaronson finalizou. A ""cavalaria"" lançada por Xabi Alonso no intervalo começou a surtir efeito aos oito minutos do segundo tempo. O ala-esquerdo Chavarria foi derrubado pelo lateral-direito James dentro da área, e o meia Cole Palmer converteu a cobrança do pênalti. Cole Palmer comemora um dos gols marcados pelo Chelsea contra o Leeds United — Foto: Reuters O gol de empate do Chelsea veio no minuto seguinte, de novo de Cole Palmer. O camisa 10 do time aproveitou a escorada do meia Morgan Rogers e bateu no cantinho, sem chances para o goleiro Zetterer. O Chelsea continuou imparável e virou o jogo aos 15 minutos do segundo tempo . Cole Palmer tocou na frente para Morgan Rogers, que, de carrinho, ajeitou para Pedro Neto. O atacante português bateu rasteiro e marcou o terceiro gol da equipe. Jogadores do Chelsea comemoram o terceiro gol do time sobre o Leeds United, na Copa da Liga Inglesa — Foto: Reuters A reação impressionante da equipe de Londres em poucos minutos seguiu com o quarto gol , do centroavante Welbeck. Ele recebeu a bola dentro da área, de costas para o gol, fez o giro contra dois marcadores e chutou rasteiro. O Chelsea, portanto, fez quatro gols em 12 minutos. Só que o Leeds United não estava morto na partida. Em lance de contra-ataque, a bola chegou quase na marca do pênalti para o centroavante Calvert-Lewin completar, de primeira, chapado. Dois minutos depois, o Chelsea marcou o quinto gol. Morgan Rogers fez a jogada pela direita e cruzou rasteiro. A bola atravessou a área, até chegar no pé esquerdo do meio-campista Barco, que bateu forte. Welbeck ainda anotaria o sexto do time, nos acréscimos, ao desviar de cabeça outro chute de canhota de Barco, da entrada da área . Final: 6 a 3, e Chelsea classificado para a próxima fase da Copa da Liga Inglesa. Welbeck comemora o quarto gol do Chelsea contra o Leeds United na Copa da Liga Inglesa — Foto: Reuters"
Quem foram os destaques do São Paulo no Mundial Sub-17,09/09/2026,https://ge.globo.com/futebol/times/sao-paulo/noticia/2026/09/09/quem-foram-os-destaques-do-sao-paulo-no-mundial-sub-17.ghtml,"São Paulo está otimista em ter Luciano contra o Boca | Voz do Setorista SPFC O São Paulo encerrou a participação no Mundial de Clubes Sub-17, realizado em Córdoba, na Espanha. Na segunda-feira, a equipe foi eliminada na semifinal pelo Athletico, com derrota por 2 a 0. São Paulo disputa Mundial de base na Espanha — Foto: Sérgio Rocha / São Paulo FC O time comandado por Alexandre Torrezan disputou cinco partidas na competição, com destaque para duas goleadas sobre adversários europeus. Na primeira fase, o São Paulo venceu o Sporting por 6 a 0 e, nas quartas de final, bateu o Bayer Leverkusen por 6 a 1. São Paulo perde para Boca Juniors-ARG na Argentina e sai atrás na Sul-Americana Na primeira fase, o Tricolor também empatou por 0 a 0 com o Málaga e por 2 a 2 com o Dínamo Zagreb. Mais do São Paulo : + Dorival descarta poupar titulares no Choque-Rei, mas São Paulo pode perder Luciano O atacante Brenno foi o artilheiro da equipe na competição, com quatro gols marcados. Na sequência aparecem Robert William e Gustavo Zabarelli, com dois gols cada. O trio é formado por promessas de Cotia. No fim do ano passado, Brenno, com 16 anos, foi chamado por Crespo para treinar com os profissionais. A joia chegou ao clube em 2023, depois de passagem pelo futsal do Palmeiras, e tem contrato com o São Paulo até 2028. Brenno comemora gol pelo São Paulo no Mundial de Clubes Juvenil — Foto: Divulgação/Mundial de Clubes Juvenil Robert William é um meia-atacante promissor da base do São Paulo . Aos 16 anos, tem passagem pela equipe sub-20, mas desceu de categoria para disputar o Mundial. O jogador tem contrato com o Tricolor até 2029. Destaque do Sub-17, Zabarelli chegou a ser inscrito na Copinha deste ano, mas não entrou em campo. Nascido em 2009, o atacante atua pelas pontas ou centralizado, tem o drible curto e a visão de jogo como principais características e já defendeu o sub-20. Com dupla cidadania, está na mira da seleção italiana de base. Gustavo Zabarelli em jogo do sub-17 do São Paulo — Foto: Arquivo pessoal Os atletas retornam ao Brasil nesta semana para integrar o elenco nas disputas do Brasileirão e do Campeonato Paulista da categoria. O São Paulo ocupa a 13ª colocação na competição nacional e é o vice-líder do Grupo 2 do Paulistão."
Luciano tem edema na coxa e deve desfalcar o São Paulo no Choque-Rei,10/09/2026,https://ge.globo.com/futebol/times/sao-paulo/noticia/2026/09/10/luciano-e-diagnosticado-com-edema-na-coxa-e-deve-desfalcar-o-sao-paulo-no-choque-rei.ghtml,"São Paulo está otimista em ter Luciano contra o Boca | Voz do Setorista SPFC O São Paulo treinou nesta quinta-feira, no CT da Barra Funda, e deu início à preparação para o jogo contra o Palmeiras, pela próxima rodada do Brasileirão. Foi a primeira atividade da equipe desde a derrota para o Boca Juniors. Luciano realizou exames de imagem e foi diagnosticado com um edema no músculo posterior da coxa esquerda. O atacante iniciou tratamento com fisioterapia e não foi ao gramado. Mais do São Paulo : + São Paulo atrasa salários e não dá previsão de pagamento aos jogadores Voz do Setorista: São Paulo atrasa salários em carteira e não dá previsão de pagamento A tendência é que o atleta fique fora contra o Palmeiras, mas esteja apto para a partida contra o Boca, na próxima terça-feira. Dorival Júnior dividiu o treinamento em três partes. Inicialmente, os jogadores fizeram aquecimento com atividades de fundamentos técnicos e dinâmicas de passe. Dorival Júnior comandou atividade no CT da Barra Funda — Foto: Erico Leonan/São Paulo Na sequência, o elenco realizou um trabalho de posse de bola em espaço reduzido. Por fim, os titulares na partida contra o Boca foram para a parte interna do CT para exercícios regenerativos, enquanto os demais fizeram uma atividade tática com foco em movimentação e criação de jogadas. O São Paulo volta aos treinos na tarde desta sexta-feira. O Choque-Rei está marcado para o próximo sábado, às 18h30, no Nubank Parque. Atualmente, a equipe de Dorival Júnior ocupa a décima colocação no Brasileirão."
"Scarpa ativa modo sincero em derrota do Atlético-MG para o Santos: ""Ficou barato""",09/09/2026,https://ge.globo.com/futebol/times/atletico-mg/noticia/2026/09/09/scarpa-ativa-modo-sincero-em-derrota-do-atletico-mg-para-o-santos-ficou-barato.ghtml,"O meia Gustavo Scarpa não procurou esconder a atuação do Atlético-MG na derrota por 2 a 0 para o Santos, na Vila Belmiro, pelas quartas de final da Sul-Americana. Para ele, o Galo poderá reverter a situação na Arena MRV, na próxima quarta, às 19h (de Brasília), mas o resultado da ida poderia ter sido pior. Gustavo Scarpa Atlético-MG — Foto: Pedro Souza Para o meia, que entrou no segundo tempo da derrota na Vila Belmiro, o Atlético-MG não foi eliminado antecipadamente. Na Arena MRV, o Galo precisa vencer por mais de dois gols de diferença para se classificar no tempo normal. Vitória por dois gols de diferença leva a decisão para os pênaltis. - Acredito que estamos vivos. Temos condições de virar esse confronto. Temos condições - finalizou"
"Avaí parabeniza os 50 anos de Guga Kuerten, torcedor símbolo do clube",10/09/2026,https://ge.globo.com/sc/futebol/times/avai/noticia/2026/09/10/avai-parabeniza-os-50-anos-de-guga-kuerten-torcedor-simbolo-do-clube.ghtml,"Larri recorda conquistas históricas de Guga Kuerten A ligação entre Avaí e Guga Kuerten ultrapassa os limites de torcida. O ex-atleta carregou o nome do clube por onde passou, sendo um embaixador avaiano nos principais torneios de tênis e ajudando a dar visibilidade mundial ao Leão da Ilha. O relacionamento com o Avaí e as pessoas envolvidas com o clube é tão grande que, quando o ídolo Marquinhos se aposentou, em 2018, Guga Kuerten raspou o inconfundível cabelo em homenagem ao camisa 10. Larri recorda conquistas históricas de Guga Kuerten Do outro lado, o Avaí sempre fez questão de homenageá-lo. Em 2023, no ano do centenário do Leão da Ilha, o clube concedeu a medalha Saul Oliveira, maior honraria do clube, a Guga Kuerten. — Por meio do clube, eu sempre acreditei em algo mais esperançoso, em que vai dar certo, em conseguir meus sonhos. E foi bacana, pois aos poucos a gente conseguiu transmitir essa ligação com o Avaí e a leveza que é torcer, brincar, se emocionar no campo para as pessoas. E todo mundo parece que abraçou, desde 1997, quando a nossa vida se transformou — disse Guga Kuerten, em 2023. Guga Kuerten com a medalha Saul Oliveira, maior honraria do Avaí, em 2023 — Foto: Leandro Boeira/Avaí F.C. Neste 10 de setembro, Guga Kuerten completa 50 anos e o Avaí, naturalmente, prestou homenagem ao torcedor símbolo do clube. "" 🎾🦁 Ídolo do esporte brasileiro e orgulho da nossa terra! O Avaí Futebol Clube parabeniza Guga Kuerten, o nosso Guga, por mais um ano de vida. Desejamos muita saúde, felicidade e conquistas para um dos maiores nomes da história do esporte catarinense e brasileiro. "" Mais notícias do esporte catarinense no ge.globo/sc"
"Domínguez reconhece erros do Atlético-MG, mas vê vaga aberta na Sul-Americana: ""Com vida""",09/09/2026,https://ge.globo.com/futebol/times/atletico-mg/noticia/2026/09/09/dominguez-reconhece-erros-do-atletico-mg-mas-ve-vaga-na-semi-em-aberto-com-vida.ghtml,"O Atlético-MG fez uma partida recheada de erros contra o Santos, nesta quarta-feira, pela Sul-Americana. O técnico Eduardo Domínguez reconheceu o desempenho abaixo das média na derrota por 2 a 0 na Vila Belmiro, mas pregou otimismo para a decisão da vaga à semifinal. Domínguez comentou os erros do Atlético, que vinha de uma derrota por 2 a 0 para o São Paulo, pelo Brasileirão. O treinador apontou Gabriel Delfim como decisivo e admitiu que o placar poderia ter sido mais favorável ao Peixe. - No segundo tempo, eles iniciaram melhor. E tivemos os mesmos erros na partida passada, saída com a bola, tentávamos sair com a bola, tínhamos que saltar a pressão deles. Então eles criaram muitas situações que, graças a Delfim, na segunda etapa, teve um grande rendimento, e nos deixou com vida, porque poderíamos perder por muito mais gols. Não criamos nada, quase nada. Domínguez, técnico do Atlético — Foto: Pedro Souza/Atlético O comandante pregou otimismo para a sequência. Com o revés, o Galo precisa vencer por três gols de diferença para se classificar. Um placar com dois gols de vantagem leva a decisão para os pênaltis. A vaga será definida na próxima quarta-feira, às 19h (de Brasília), na Arena MRV. Com pouco volume ofensivo, o Galo mal incomodou o Santos. O grande lance foi no fim do primeiro tempo, quando Willian Arão interceptou cabeçada de Lyanco para o meio da área. Sem marcar há 17 jogos, o atacante Cassierra fez mais um jogo tímido. Domínguez defendeu a equipe. - Foi muito fácil para ele nos pressionar, muito fácil. Entramos no jogo deles. Quando tínhamos que saltar à pressão deles, não fizemos, ou não pudemos, não sei. O grupo acredita nele (Cassierra). O grupo tem que dar tranquilidade a ele. Porque tirando a partida de hoje, o time criou muitas situações, mas hoje não foi a partida. Por fim, Domínguez lamentou a ausência de Cuello, que foi uma baixa no ataque do Atlético. O jogador cumpriu suspensão automática. O comandante fez questão de reforçar a importância do argentino, que esteve na mira do CSKA, da Rússia . - Hoje um dos nossos melhores jogadores não jogou. Vamos esperar para saber o que acontece. Então, de novo, olhando a partida como finalizou, estamos com vida. Vamos finalizar em nossa Arena com o nosso torcedor. Falei com os jogadores. Vai ser muito difícil jogar. Mas estamos com vida. E somos muito fortes em casa. Antes de encarar o Santos, o Atlético recebe o Fluminense, neste sábado, às 16h, na Arena MRV, pela 27ª rodada do Campeonato Brasileiro."
"Tottenham recusa proposta do Vasco, que insiste na contratação de Richarlison",10/09/2026,https://ge.globo.com/futebol/times/vasco/noticia/2026/09/10/tottenham-recusa-primeira-proposta-do-vasco-que-segue-negociacao-para-ter-richarlison.ghtml,"Diretor confirma proposta do Vasco para contratar Richarlison O Tottenham recusou a primeira proposta de compra do Vasco para ter Richarlison, mas o clube carioca segue na negociação com os ingleses para tentar a chegada do atacante em definitivo. A proposta da direção vascaína foi de cerca de 10 milhões de euros, sem bônus. Pedrinho e Admar Lopes seguem em conversas com os londrinos para aumentar os valores apresentados. Internamente, a direção do Vasco não acredita em um final feliz com a possibilidade de rescisão no Tottenham. O jogador havia notificado o clube inglês e foi à Justiça para tentar a rescisão contratual de forma unilateral porque não foi inscrito na Premier League e treinaria só com os reservas. Em Londres, nesta quinta-feira, o atacante fez a parte do aquecimento com o elenco principal, o que foi considerado uma surpresa. Richarlison entrará com pedido de rescisão com Tottenham para assinar com o Vasco A principal questão que preocupa a direção do Vasco, neste momento, não é um acordo com o Tottenham . O departamento de futebol vascaíno acredita que o clube inglês aceitaria uma proposta melhor, com cláusulas que sejam aceitas pelos ingleses. No entanto, o Vasco já sabe que Richarlison não tem interesse em um contrato longo no Brasil neste momento. A ideia inicial era jogar até dezembro de 2026 com a camisa vascaína e depois avaliar outros cenários no exterior. Richarlison em Chelsea x Tottenham — Foto: REUTERS/David Klein Richarlison recebeu uma proposta financeiramente muito vantajosa do Trabzonspor, da Turquia, nas últimas semanas, que foi recusada pelo Tottenham. O atacante ficou muito insatisfeito com a recusa. Este caso e a novela com o Everton são os principais pontos que culminaram no desgaste do jogador com a direção do clube londrino. Por isso, neste momento, Richarlison prioriza uma transferência para o futebol brasileiro apenas até o fim da temporada. O jogador é torcedor de infância do Vasco e tem família vascaína. A campanha nas redes sociais também fez o atleta se empolgar com a ideia."
"Independiente del Valle x Flamengo: onde assistir ao vivo, horário e escalações",10/09/2026,https://ge.globo.com/futebol/times/flamengo/noticia/2026/09/10/independiente-del-valle-x-flamengo-onde-assistir-ao-vivo-horario-e-escalacoes.ghtml,"Libertadores: Flamengo enfrenta o Independiente del Valle amanhã Base da seleção equatoriana, o Independiente del Valle chega às quartas de final da Conmebol Libertadores depois de ter se classificado diante do Tolima, da Colômbia, na fase anterior. O clube já foi vice-campeão do torneio em 2016, quando perdeu a decisão para o Atlético Nacional. No Campeonato Equatoriano, conquistou o título de forma antecipada e detém 22 pontos de vantagem sobre o segundo colocado neste momento. O Flamengo chega embalado na temporada. Classificado às quartas de final da Libertadores após uma boa atuação em casa contra o Cruzeiro , o time de Leonardo Jardim também vem em crescente no Campeonato Brasileiro e ultrapassou o Palmeiras para assumir a liderança. O clube rubro-negro busca o seu quinto título na competição. Estádio Olímpico Atahualpa, no Equador, para Universidad de Quito x Santos — Foto: Staff Images / CONMEBOL A tendência é que o técnico Joaquín Papa repita o time que venceu o Tolima nas oitavas de final da Conmebol Libertadores. O comandante costuma rodar bastante o elenco no Campeonato Equatoriano e, apesar de repetir pouco a escalação, tem utilizado a mesma base da equipe em jogos decisivos. A dúvida fica pela utilização de Djorkaeff Reasco, que anotou dois gols no último jogo pelo Equatoriano e pode ser uma novidade entre os titulares. Pulgar, que foi poupado diante do Remo, voltará a ser titular no Flamengo. Jardim tem algumas novidades entre os relacionados. A principal delas é a presença de Plata. O atacante se reapresentou depois da negociação frustrada com o Dínamo Moscou, da Rússia, e alguns dias em Dubai. Cebolinha e Lorran também não vão para a partida. Evertton Araújo, com uma lesão muscular na coxa esquerda, nem sequer viajou e ficará um tempo mais longo fora. Já o lateral-esquerdo Alex Sandro também ficou fora da delegação, já que ainda realiza trabalho no campo com a preparação física após sentir dores na panturrilha direita."
Coritiba x Athletico: Athletiba já tem mais de 30 mil ingressos ocupados no Couto Pereira,10/09/2026,https://ge.globo.com/pr/futebol/brasileirao-serie-a/noticia/2026/09/10/coritiba-x-athletico-athletiba-ja-tem-mais-de-30-mil-ingressos-ocupados-no-couto-pereira.ghtml,"O que está em jogo no Athletiba de sexta-feira O Athletiba desta sexta-feira, às 21h (de Brasília), já tem mais de 30 mil ingressos ocupados no Couto Pereira. O Coritiba divulgou uma nova parcial de público para o clássico pela 27ª rodada do Campeonato Brasileiro, com três setores já esgotados. Arthur Dias e Pedro Morisco, de Athletico e Coritiba, são convocados para a Seleção 🗞️ Leia mais notícias do Coritiba 🗞️ Leia mais notícias do Athletico Cadeiras Mauá, Social e Arquibancada Amâncio Môro estão com 100% de ocupação, enquanto a Curva da Mauá aparece com 47%. A expectativa é de que o estádio receba um dos maiores públicos do Coxa na temporada. O recorde do ano é de 36.100 torcedores, registrado na derrota para o Santos, pela Copa do Brasil. No Brasileirão, a maior marca até agora é de 32.798 pessoas, na vitória sobre o Corinthians. Ainda há ingressos disponíveis para a torcida do Coritiba, com preços entre R$ 125 e R$ 290, dependendo do setor. A venda é realizada pelo Coxa Tickets . Torcida do Coritiba — Foto: Luís Lisbôa / CFC Para a torcida do Athletico, a carga é de 3.880 ingressos , com preço fixo de R$ 200 (inteira) e R$ 100 (meia-entrada). O valor, inclusive, gerou protesto por parte dos rubro-negros . No entendimento do clube, o valor colocado para os visitantes não condiz com a ""isonomia e os direitos assegurados pela legislação"" e argumenta que o Coxa tem um ""tratamento distinto entre as torcidas para setores equivalentes"". No jogo do turno, que teve a vitória do Athletico por 2 a 0, na Arena da Baixada, o público registrado foi de 31.885 torcedores. O acesso ao estádio é exclusivamente através da biometria facial. Todos os torcedores ainda deverão apresentar o documento original com foto para acessar o Couto Pereira. O cadastro da biometria facial deve ser feito antecipadamente em: captura.futebolcard.com/facial A venda presencial dos ingressos que ainda restarem ocorrerá somente no dia do jogo, nas bilheterias do Couto Pereira (Rua Amânio Moro para os torcedores do Coritiba e Rua Floriano Essenfelder para torcedores do Athletico), a partir das 14h, seguindo até 21h45, horário do intervalo da partida. Torcida do Athletico — Foto: José Tramontin/athletico.com.br Mais notícias do esporte paranaense em ge.globo/pr"
Alan Lescano é regularizado no BID e pode estrear pelo Vasco contra o Grêmio,09/09/2026,https://ge.globo.com/futebol/times/vasco/noticia/2026/09/09/alan-lescano-e-regularizado-no-bid-e-pode-estrear-pelo-vasco.ghtml,"João Guerra explica andamento da negociação do Vasco com Richarlison | Podcast ge Vasco Alan Lescano já pode estrear pelo Vasco . O argentino foi registrado no Boletim Informativo Diário (BID) da CBF nesta quarta-feira e está apto para atuar pelo clube carioca no próximo compromisso, diante do Grêmio, no sábado, pela 27ª rodada do Campeonato Brasileiro, na Arena do Grêmio. O meia de 24 anos foi anunciado oficialmente nesta quarta-feira e assinou contrato até dezembro de 2029. A negociação com o Argentinos Juniors girou em torno de US$ 7 milhões (cerca de R$ 36 milhões). Lescano é regularizado no BID e pode estrear pelo Vasco — Foto: Reprodução Lescano é o quinto reforço anunciado pelo Vasco nesta janela de transferências. Antes, a diretoria havia contratado o lateral Paulinho, o volante Sosa e os atacantes Colidio e Bruno Duarte. O clube também encaminhou o acerto com o zagueiro Gabriel Pereira e sonha com a chegada do atacante Richarlison. O meia é visto internamente como um jogador que chega para ser titular e que tem bastante potencial. O argentino pode atuar tanto como camisa 10, mais adiantado e próximo dos atacantes, quanto como um meio-campista mais recuado, na função de um 8 com características ofensivas, perfil que falta ao elenco. Lescano Vasco — Foto: Matheus Lima/Vasco O meia iniciou a carreira profissional no Gimnasia, em 2022. Na temporada seguinte, acertou com o Argentinos Juniors, clube pelo qual ganhou destaque. Por lá, foram 123 jogos disputados, com 27 gols e nove assistências."
"Ex-Atlético-MG, Alisson estreia na Champions pelo Shakhtar Donetsk",10/09/2026,https://ge.globo.com/futebol/futebol-internacional/noticia/2026/09/10/ex-atletico-mg-alisson-estreia-na-champions-pelo-shakhtar-donetsk.ghtml,"Alisson revela que recebeu apoio de Pedrinho e Bernard para transferência ao Shakhtar Revelado pelo Atlético-MG, Alisson vai realizar um dos grandes sonhos da carreira. O atacante vai disputar a Champions League pela primeira vez com a camisa do Shakhtar Donetsk . Em boa fase no início da temporada, o brasileiro falou ao ge sobre a expectativa para estrear na principal competição de clubes da Europa. Alisson, ex-Atlético-MG, comemora gol pelo Shakhtar Donetsk — Foto: Esra Bilgin/Anadolu via Getty Images — Posso dizer, com tranquilidade, que é a realização de um sonho. Não só um sonho, mas um dos grandes sonhos como jogador de futebol. É uma competição que cresci assistindo, me imaginando ali e agora poderei realizar — disse o ex-Atlético. Kauã Elias fala sobre adaptação e ajuda de brasileiros no Shakhtar Alisson marcou dois gols e deu duas assistências nos primeiros cinco jogos da equipe no Campeonato Ucraniano. O desempenho na fase inicial da temporada rendeu ao jogador o prêmio de destaque do mês no clube em votação da torcida. Segundo o brasileiro, o início de temporada dá confiança para o maior desafio da carreira. — Com certeza, sim. Não só eu, mas o grupo está bem, confiante e muito consciente do próprio potencial. A gente lutou muito para estar aqui e, agora, é desfrutar, fazendo o que a gente mais gosta e o que melhor sabe — afirmou. O Shakhtar terá pela frente uma sequência de adversários tradicionais na fase de liga. Entre eles estão Real Madrid e Inter de Milão. Alisson comentou que a competição é um salto no nível de enfrentamento em relação aos jogos que disputou até aqui pelo clube ucraniano. — Acredito que a Champions vai nos colocar num nível de enfrentamento diferente. Na última temporada a gente já teve uma prova na Europa League e na Conference, quando enfrentamos clubes tradicionais de outros países. Teremos pela frente PSV, Leipzig, Inter de Milão, Real Madrid, fora outros, então, com certeza serão várias provas de fogo pra gente. Mas estamos conscientes e empolgados para cada desafio — finalizou. O Shakhtar estreia na Champions League contra o PSV, nesta quinta-feira, às 13h45, fora de casa. Depois, a equipe só voltará a jogar pela competição em outubro, diante do AEK. Crystal Palace 2 x 1 Shakhtar Donetsk | Melhores momentos | Semifinal | Conference League"
Cristiano Ronaldo marca em vitória do Al-Nassr e fica a 21 gols do milésimo,09/09/2026,https://ge.globo.com/futebol/futebol-internacional/noticia/2026/09/09/cristiano-ronaldo-marca-em-vitoria-do-al-nassr-e-fica-a-21-gols-do-milesimo.ghtml,"A distância entre Cristiano Ronaldo e o milésimo gol segue diminuindo. O craque português balançou as redes mais uma vez nesta quarta-feira, na vitória do Al-Nassr sobre o Abha, por 2 a 1, em casa, pelo Campeonato Saudita. CR7 abriu o placar e chegou a 979 gols na carreira, ficando a 21 do gol 1.000. Al-Hamdan também marcou para os donos da casa, e Fékir diminuiu para os visitantes. Cristiano Ronaldo celebra gol em vitória do Al-Nassr — Foto: Reuters O gol saiu em uma das especialidades do astro, mesmo aos 41 anos. Após cobrança de escanteio pela direita, Cristiano Ronaldo subiu bem entre os marcadores e testou firme, no canto e sem chances para o goleiro adversário, aos 21 do primeiro tempo. Foi o terceiro gol de Cristiano Ronaldo em cinco partidas na temporada 2026/27, iniciada após a última Copa do Mundo da carreira do craque de 41 anos. O camisa 7 também marcou diante do Al-Riyadh e do Al-Taawoun - passou em branco contra Al-Ettifaq e Al-Ittihad. Cristiano Ronaldo celebra gol em vitória do Al-Nassr — Foto: Reuters Esta é a quinta vitória do Al-Nassr em cinco rodadas do Campeonato Saudita 2026/27. A equipe, que agora é comandada por Ange Postecoglou, tem 15 pontos, mas está na segunda colocação da competição, atrás do Al-Hilal, que também venceu seus cinco primeiros jogos e leva vantagem no saldo de gols: 12 a 10."
Justiça condena Cruzeiro a indenizar jogadora após grave lesão; entenda o caso,09/09/2026,https://ge.globo.com/futebol/times/cruzeiro/noticia/2026/09/09/justica-condena-cruzeiro-a-indenizar-jogadora-apos-grave-lesao-entenda-o-caso.ghtml,"Cruzeiro perde para o Corinthians e é eliminado do Brasileiro Feminino O Tribunal Regional do Trabalho (TRT) determinou que o Cruzeiro indenize a paraguaia Camila Arrieta por não ter garantido estabilidade à jogadora após uma grave lesão no joelho. O tribunal entendeu que o clube deveria ter prorrogado o contrato da atleta por um ano após a liberação médica. Camila Arrieta chegou ao Cruzeiro em 2023. Em fevereiro do ano seguinte, rompeu os ligamentos do joelho direito durante uma partida da Supercopa Feminina, contra o Minas Brasília. Depois da lesão, a atleta passou por três cirurgias e realizou todo o processo de recuperação no departamento médico do clube. O contrato de Arrieta chegava ao fim no dia 17 de fevereiro de 2025. Três dias antes, o departamento médico considerou a lateral apta a retornar aos gramados. Ela deixou o Cruzeiro e, posteriormente, acertou com o 3B da Amazônia. Otávio viaja para acompanhar convocação com a família; veja reação No processo, o desembargador Anemar Pereira Amaral considerou que o Cruzeiro deveria ter mantido o vínculo com a atleta até 14 de fevereiro de 2026, garantindo o período de estabilidade após a recuperação. O clube alegou nos autos que Arrieta não foi afastada pelo INSS e não recebeu auxílio-doença. Apesar do argumento, o relator do caso entendeu que a lesão foi caracterizada como acidente de trabalho e que, por isso, o recebimento de benefício previdenciário não seria necessário para assegurar a estabilidade. Camila Arrieta sofreu lesão pelo Cruzeiro em 2024 — Foto: Gustavo Martins/ Cruzeiro O desembargador também condenou o Cruzeiro ao pagamento de diferenças salariais por entender que o direito de imagem recebido por Arrieta ""se deu apenas como forma de reduzir encargos trabalhistas e previdenciários"". Com a decisão, o clube mineiro terá de arcar com as diferenças nos cálculos de férias, 13º salário, FGTS e demais encargos trabalhistas. Procurado pelo ge , o Cruzeiro informou que não se manifesta sobre procedimentos judiciais e se resguarda de se manifestar somente em âmbito judicial ."
Sorteio dos mandos da semifinal da Copa do Brasil 2026: veja onde assistir ao vivo,10/09/2026,https://ge.globo.com/rs/futebol/copa-do-brasil/noticia/2026/09/10/sorteio-dos-mandos-da-semifinal-da-copa-do-brasil-2026-veja-onde-assistir-ao-vivo.ghtml,"Final da Copa do Brasil será no Estádio Mané Garrincha, em Brasília O sorteio dos mandos das semifinais da Copa do Brasil ocorre nesta quinta-feira, a partir das 11h. O evento ocorre na sede da CBF, no Rio de Janeiro, e tem transmissão ao vivo do ge e do Sportv. O sorteio define a ordem dos dois confrontos. Palmeiras e Vasco se enfrentam de um lado, e Grêmio e Atlético-MG duelam do outro. As partidas das semifinais têm como datas-base 1º e 8 de novembro. As quartas da Copa do Brasil foram recheadas de clássicos estaduais e o EE acompanhou Taça da Copa do Brasil 2026 — Foto: Marcos Ribolli A Copa do Brasil 2026 começou em fevereiro, com 126 clubes. Sete fases eliminatórias depois, apenas quatro times continuam na disputa. Todos disputam a Série A do Campeonato Brasileiro e entraram já na quinta fase. Abaixo, veja o caminho das equipes até a semifinal: Novidade neste ano, a Copa do Brasil será decidida em apenas um jogo, no dia 6 de dezembro. A CBF vai anunciar nesta quinta-feira que Brasília será a sede da decisão, na Arena Mané Garrincha. O governo do Distrito Federal enviou um ofício à CBF em agosto para oferecer Brasília como sede da final da Copa do Brasil. A capital federal tem rede hoteleira e acesso mais viável para vias rodoviárias e aéreas. Estádio Mané Garrincha, em Brasília, vai receber a final da Copa do Brasil 2026 — Foto: Vitor Silva/Botafogo A classificação para a semifinal rendeu mais R$ 9 milhões aos clubes. As quatro equipes têm o mesmo valor em premiação acumulado até agora: R$ 18 milhões. Quem passar para a semifinal vai receber R$ 34 milhões. O campeão da Copa do Brasil receberá R$ 78 milhões."
"Abel admite erro em entrevista e manda recado à torcida: ""Ninguém é maior do que o Palmeiras""",09/09/2026,https://ge.globo.com/futebol/times/palmeiras/noticia/2026/09/09/abel-admite-erro-em-entrevista-e-manda-recado-a-torcida-ninguem-e-maior-que-o-palmeiras.ghtml,"Veja a coletiva de Abel Ferreira após vitória do Palmeiras sobre a LDU Abel Ferreira admitiu que errou em sua última entrevista, quando disse que a torcida do Palmeiras tinha que desfrutar porque nunca festejou como nos últimos cinco anos . O técnico deu uma longa declaração sobre o assunto e mandou um recado aos palmeirenses para esclarecer o assunto, depois da vitória por 1 a 0 sobre a LDU, do Equador , nesta quarta-feira, no Nubank Parque. – Fui rever e não gostei do que vi. Sou casado com minha mulher há 20 anos e às vezes falo o que não devo, mas ela sabe o que tem em casa. E o que faço para ter respeito e crédito. Mais do que as palavras, são as atitudes. Volto a repetir aos torcedores, quando dizem que sou um deles, muitas vezes tenho o coração ao pé da boca. Se calhar, não fui claro, não soube me expressar, portanto tudo que eu faço é o melhor que posso com os recursos que tenho para ajudar ao Palmeiras – declarou. Mais notícias do Palmeiras : + Deyverson sonha com retorno: ""Terminar a carreira aqui"" + Quem foi bem no jogo? Quem foi mal? Dê suas notas + Gustavo Gómez não jogará a partida no Equador Palmeiras 1 x 0 LDU | Melhores Momentos | Conmebol Libertadores 2026 Ao analisar sua trajetória, Abel a comparou com a história do Palmeiras , dizendo que chegou aonde está com ""trabalho, sacrifícios e resiliência"", assim como o clube. – Encontrei um relógio preparado no Palmeiras . Eu trouxe a pilha. O que é mais importante? O relógio ou a pilha? Os dois. Respeito muito a história do Palmeiras . Venceu, está a vencer e continuará a vencer quando eu sair do clube. Para mim é um orgulho muito grande poder fazer parte do livro de história do Palmeiras e fazer de um capítulo de um clube que é centenário. Falar do que é o Palmeiras a um palmeirense é desnecessário, já repeti 500 vezes. – O Palmeiras é um estilo de vida. Um dia deixarei o clube. Vou voltar a repetir. Serei eternamente grato a tudo que o clube me proporciona – completou. Abel Ferreira em Palmeiras x LDU — Foto: Marcos Ribolli Com a vitória por 1 a 0 nesta quarta-feira, o Palmeiras agora joga pelo empate no jogo de volta, mas precisará encarar os pouco mais de 2,8 mil metros de altitude em Quito. Embora admita que o resultado foi magro, Abel gostou do desempenho da equipe. – Acho que hoje tivemos um jogo coletivo formidável em função das chances que criamos. Em comparação a última eliminatória que tivemos aqui, conseguimos um resultado bem melhor – declarou, ao comparar o 1 a 1 com o Cerro Porteño, nas oitavas de final. – Fiquei contente pelo volume e quantidade de oportunidade que criamos. A pergunta que respondi meio torto no último jogo, a nós tem faltado sobretudo em casa, a forma como as equipes se fecham aqui e esperam um erro nosso. Temos que aprimorar esse tipo de jogo, seja em combinação, arremate, acho que conseguimos ver isso contra uma equipe que veio no 5-3-2. Antes da partida de volta contra a LDU, o Palmeiras irá enfrentar o São Paulo, sábado, às 18h30 (de Brasília), pelo Campeonato Brasileiro. Abel Ferreira em Palmeiras x LDU — Foto: Marcos Ribolli"
Atlético-MG x Cruzeiro: Alexsander é suspenso por ofensas a Kaio Jorge em sala antidoping,10/09/2026,https://ge.globo.com/futebol/times/atletico-mg/noticia/2026/09/10/atletico-mg-x-cruzeiro-alexsander-e-suspenso-por-ofensas-a-kaio-jorge-em-sala-antidoping.ghtml,"Volante do Atlético-MG provoca Kaio Jorge no antidoping O volante Alexsander, do Atlético-MG , foi suspenso por dois jogos nesta quinta-feira pela 4ª Comissão Disciplinar do Superior Tribunal de Justiça Desportiva (STJD). O meio-campista foi julgado por ofender Kaio Jorge na sala antidoping da Arena MRV, após a vitória do Atlético sobre o Cruzeiro por 2 a 1, que garantiu a classificação do Galo às semifinais da Copa do Brasil. Veja a comemoração de Kaio Jorge que levou à reação do atleticano Na defesa, o Atlético alegou que Kaio Jorge está envolvido em várias polêmicas com atletas do Alvinegro e que o volante respondeu ao que o atacante fez quando marcou o gol no clássico, ao dizer “seu pai está aqui”. Diante do histórico, Alexsander “optou por fazer a provocação”. O jurídico do clube vai recorrer. Alexsander; Atlético-MG — Foto: Pedro Souza / Atlético-MG Também foram julgados nesta quinta-feira o Atlético, o Cruzeiro, o zagueiro Villalba e o presidente do Galo, Sérgio Coelho. O Atlético foi absolvido por objetos arremessados no gramado e punido em 10 mil pelo sumiço de bolas no fim do jogo. O Cruzeiro foi condenado a pagar R$ 10 mil por depredação da Arena MRV por parte da torcida, multa acrescida de R$ 31 mil, valor do prejuízo calculado pelo Atlético. Expulso pelo segundo cartão amarelo, Villalba teve a denúncia arquivada pela procuradoria. Sérgio Coelho foi suspenso por 15 dias, convertido em advertência, por ofensas à arbitragem."
"Meia do Atlético-MG presenteia Neymar e manda recado: ""Tô bolado contigo""",10/09/2026,https://ge.globo.com/futebol/times/atletico-mg/noticia/2026/09/10/meia-do-atletico-mg-presenteia-neymar-e-manda-recado-to-bolado-contigo.ghtml,"Torcedor do Atlético-MG bate-boca com Neymar: ""Vai ter jogo de volta"" O meio-campista, Victor Hugo, do Atlético-MG presenteou Neymar com uma camisa do Galo após o confronto entre as equipes pelas quartas da Copa Sul-Americana. O jogador Atlético, em tom de brincadeira, mandou recado para o camisa 10 do Santos e disse estar ""bolado"". Nessa quarta-feira, o atacante santista discutiu com torcedor atleticano na Vila Belmiro. No Inst a gram, Neymar publicou foto com a camisa dada por Victor Hugo e escreveu: ""Valeu pela camisa, meu amigo! Tá guardada com muito carinho. Tmj"". Victor Hugo, por sua vez, repostou a foto, mas provocou o amigo de forma saudável. - Tmj ídolo, mas tô bolado contigo. Na Arena semana que vem vai ser sinistro - disse o camisa 30 do Atlético. Victor Hugo presenteia Neymar e manda recado — Foto: Reprodução Nessa quarta-feira, Neymar acompanhou de um camarote da Vila Belmiro a vitória do Santos sobre o Atlético por 2 a 0 , pelo duelo de ida das quartas de final da Sul-Americana. Ele ficou fora da partida por causa de um problema na coxa direita. O atacante foi flagrado mandando beijinhos e acenando aos torcedores. Ele mostrou com a mão o placar de 2 a 0 do confronto. — Eu não jogo contra time pequeno (risos) - disse Neymar. O confronto de volta será na próxima quarta-feira, às 19h, na Arena MRV. Para avançar à semifinal, o Atlético precisa vencer por três gols de diferença. Caso ganhe por dois gols de vantagem, a decisão será nos pênaltis."
Liverpool lidera ranking de elencos mais caros do mundo; veja lista,10/09/2026,https://ge.globo.com/futebol/futebol-internacional/noticia/2026/09/10/liverpool-lidera-ranking-de-elencos-mais-caros-do-mundo-veja-lista.ghtml,"Liverpool anuncia a contratação de Barcola, ex-PSG A Inglaterra concentra a maior parte dos investimentos em jogadores no mundo do futebol. É isso que reforça o novo levantamento do Observatório de Futebol do Centro Internacional de Estudos de Esporte (CIES Football Observatory). O Liverpool lidera a lista de elencos mais caros do mundo, em que oito dos dez times mais valiosos são ingleses. Premier League tem número histórico de novos técnicos; entenda A equipe inglesa gastou mais de 1,2 bilhão de euros para montar o time que disputará os torneios de 26/27 - equivalente a R$ 7,3 bilhões na cotação atual. O valor total considera os custos para formar o elenco atual de cada um dos clubes, somando as contratações da última janela com os jogadores que já estavam no time. Elenco do Liverpool em treinamento antes de enfrentar o Atlético de Madrid na Champions League — Foto: Action Images via Reuters/Ed Sykes No caso do Liverpool, a janela teve três reforços principais. São eles: Jérémy Jacquet (zagueiro que deixou o Rennes por 63 milhões de euros), Víctor Muñoz (atacante comprado do Osasuna por 40 milhões de euros) e Bradley Barcola (atacante ex-PSG contratado por 125 milhões de euros). O clube também tem outros jogadores de alto valor no elenco, como Alexander Isak. O sueco deixou o Newcastle há um ano por 150 milhões de euros (R$ 950 milhões) e se tornou a compra mais cara da Premier League e a terceira mais valiosa da história do futebol. O Manchester City ocupa o segundo lugar da lista de maiores gastos, com R$ 7,2 bilhões investidos, seguido pelo Tottenham , com R$ 7 bilhões. Todos os seis primeiros clubes do ranking são da Inglaterra."
"Admar mantém esperança na contratação de Richarlison: ""Viria mudar o patamar do Vasco""",10/09/2026,https://ge.globo.com/futebol/times/vasco/noticia/2026/09/10/admar-mantem-esperanca-na-contratacao-de-richarlison-viria-mudar-o-patamar-do-vasco.ghtml,"Diretor confirma proposta do Vasco para contratar Richarlison O sonho do Vasco de contratar o atacante Richarlison, do Tottenham, ainda não acabou. É o que garante o diretor de futebol do clube, Admar Lopes, que confirmou conversas com os ingleses pela transferência do atacante neste fim de janela. — Nós entendemos que o Richarlison viria para mudar o patamar e nível do Vasco ofensivamente. Estudamos todas as possibilidade. Neste momento, estamos conversando com o clube inglês e há viabilidade de ter o Richarlison nessa janela — declarou Admar, que também comentou a tentativa de rescisão por parte do jogador: — Juridicamente, se houver rescisão entre jogador e Tottenham, não tem nada a ver com o Vasco. Juridicamente não nos envolvemos. Tem que perguntar ao jogador e a assessoria do jogador. Richarlison entrará com pedido de rescisão com Tottenham para assinar com o Vasco Admar falou com a imprensa após o sorteio dos mandos de campo das semifinais da Copa do Brasil, que aconteceu nesta quinta-feira, na sede da CBF. Na ocasião, o executivo também abordou as possibilidades de levar a decisão contra o Palmeiras para São Januário ou Maracanã (leia mais abaixo) . Richarlison quer vestir a camisa vascaína até dezembro de 2026. Por isso, pediu ao clube inglês para ser negociado com a equipe carioca. No entanto, o Tottenham pede mais de 20 milhões de libras para liberar o jogador em definitivo, valor que o Vasco não pode investir neste momento. Torcedor vascaíno desde a infância, o atacante aceitou um empréstimo na última terça, mas um limite imposto pela Fifa para este tipo de transferência fez o negócio com o Tottenham inicialmente melar. Enquanto Richarlison tenta a rescisão contratual, Pedrinho e a direção do Vasco seguem negociando a compra do jogador, mas sabem que é uma transação difícil. Com isso, o estafe de Richarlison decidiu entrar na Justiça para pedir uma rescisão de contrato com o clube inglês. Richarlison com a camisa do Tottenham — Foto: Reuters O Vasco dará preferência mais uma vez para jogar o mata-mata da Copa do Brasil na própria casa. Admar afirmou que a prioridade é viabilizar a partida em São Januário, como aconteceu na fase anterior, contra o Vitória. — O Vasco vai fazer tudo que está no alcance. Temos preferência por São Januário. Achamos que uma semifinal de Copa do Brasil é para jogar na nossa casa, com nosso publico — disse o diretor, que analisou o duelo com o Palmeiras. — O Vasco, historicamente, já teve situações de decidir em casa e fora e teve sucesso nessas situações. Vamos enfrentar um time altamente qualificado. No Brasileiro, sofremos um pouquinho no jogo em São Paulo, mas competição de mata-mata é diferente. Temos ambição e confiança para alcançar a final e atingir um objetivo secundário que é classificação para a Libertadores. Por sorteio, ficou definido que o Vasco decidirá a semifinal contra o Palmeiras em casa. Os jogos têm como datas-base os dias 1º e 8 de novembro. A CBF ainda não definiu datas e horários das partidas."
Final única da Copa do Brasil 2026 será em Brasília,09/09/2026,https://ge.globo.com/futebol/copa-do-brasil/noticia/2026/09/09/final-unica-da-copa-do-brasil-2026-sera-em-brasilia.ghtml,"Final da Copa do Brasil será no Estádio Mané Garrincha, em Brasília A CBF vai anunciar nesta quinta-feira Brasília como sede da primeira final única da Copa do Brasil masculina. A Arena Mané Garrincha recebe a decisão, no dia 6 de dezembro . Esporte Espetacular acompanha clássicos das quartas da Copa do Brasil Pelas semifinais, Atlético-MG e Grêmio se enfrentam numa chave, e Palmeiras e Vasco, na outra. O sorteio de mando de campo das semis também será na quinta-feira, às 11h, na sede da CBF . A CBF anunciou a adoção da final única para a Copa do Brasil no fim do ano passado. Em 38 edições, será a primeira vez que a competição terá uma decisão em apenas um jogo. Maurício Saraiva analisa a eliminação do Inter para o Grêmio na Copa do Brasil O governo do Distrito Federal enviou um ofício à CBF em agosto para oferecer o Estádio Mané Garrincha como possível sede da final da Copa do Brasil deste ano. A capital federal tem rede hoteleira e acesso mais viável para vias rodoviárias e aéreas. No documento enviado ao presidente da CBF, Samir Xaud, o governo do DF afirmou que Brasília reúne ""condições estruturais, logísticas e institucionais plenamente compatíveis com a dimensão esportiva, econômica e simbólica da principal competição eliminatória do futebol brasileiro"". Mané Garrincha vai receber a final da Copa do Brasil — Foto: Felipe Ruiz A CBF já escolheu o Mané Garrincha para sediar quatro finais únicas da Supercopa do Brasil desde 2020, quando a competição voltou a ser disputada. O estádio foi palco dos títulos do Flamengo, em 2020 e 2021, do Palmeiras, em 2023, e do Corinthians, em 2026. Além do Mané Garrincha, outros estádios escolhidos pela CBF para sediar a Supercopa foram a Arena Pantanal, em 2022, o Mineirão, em 2024, e o Mangueirão, em 2025. Mandos de campo das semis da Copa do Brasil serão sorteados na quinta — Foto: Rafael Ribeiro/CBF"
"Matheuzinho, Hugo e Bidon festejam convocação para a Seleção: ""Nunca imaginei""",09/09/2026,https://ge.globo.com/futebol/times/corinthians/noticia/2026/09/09/matheuzinho-hugo-e-bidon-festejam-convocacao-nunca-imaginei-que-viveria-esse-momento.ghtml,"Veja as reações de Hugo Souza, Matheuzinho e Bidon com a convocação para a Seleção O goleiro Hugo Souza, o lateral-direito Matheuzinho e o meio-campista Breno Bidon celebraram juntos a convocação para a seleção brasileira, ocorrida nesta quarta-feira . Concentrados em La Plata para a partida contra o Estudiantes, em duelo de ida das quartas de final da Conmebol Libertadores , o trio do Corinthians comemorou a presença na lista antes da partida que tem início marcado para as 21h30 (de Brasília) e transmissão da Globo para todo o Brasil. – Felicidade muito grande poder iniciar um ciclo tão importante para próxima Copa do Mundo e competições tão importantes como a Copa América. É como se fosse a primeira vez – disse o goleiro Hugo Souza, veterano da turma. Matheuzinho, Hugo Souza e Bidon assistem à convocação da Seleção — Foto: Reprodução / Corinthians TV Breno Bidon, convocado pela primeira vez aos 21 anos, classificou a oportunidade de defender o time principal do Brasil como uma “honra”. O meio-campista já atuou nas seleções de base. – Nem sei o que falar, nunca imaginei que viveria esse momento. É minha primeira convocação, que seja a primeira de muitas. Uma honra poder representar o país e podem ter certeza que vou continuar lutando sempre – destacou. Já Matheuzinho, também convocado pela primeira vez, sonha em permanecer nas próximas listas. – Pude receber esse presente, uma alegria imensa ser convocado pela primeira vez. Estou muito feliz, espero continuar trabalhando bem no Corinthians , entregando bastante para ser a primeira convocação de muitas – destacou. Ancelotti convocou Hugo Souza, Otávio e Pedro Morisco como goleiros da Seleção O trio do Corinthians vai defender o Brasil nos amistosos contra Austrália – o primeiro, no dia 25 de setembro, no Queensland Country Bank Stadium, em Townsville, e o segundo no dia 29, no Suncorp Stadium, em Brisbane – e depois contra a Índia, em 3 de outubro, na cidade de Calcutá."
Manchester City lança identidade visual exclusiva para o time feminino,10/09/2026,https://ge.globo.com/futebol/futebol-feminino/noticia/2026/09/10/manchester-city-lanca-identidade-visual-exclusiva-para-o-time-feminino.ghtml,"Kerolin mostra bastidores da comemoração do título inglês feminino do Manchester City O Manchester City deu mais um passo na expansão do seu projeto no futebol feminino. O clube lançou uma identidade visual exclusiva, com um monograma especial voltado para a categoria e feito em parceria com a torcida, através de uma consulta pública. A novidade estará presente nas redes sociais do time e em todos os jogos, tanto no Joie Stadium quanto no Etihad. A logo do projeto traz uma mistura entre as letras iniciais: o ""M"" e o ""C"" de Manchester City junto de outro ""M"", que representa o Women (mulheres no inglês). O símbolo acompanha a frase ""It Takes a City"" (É preciso uma cidade, na tradução), uma forma de homenagear a força do trabalho coletivo e do apoio de Manchester no progresso do time feminino. Manchester City lança identidade visual exclusiva para o time feminino — Foto: Reprodução / @ManCityWomen A identidade foi desenvolvida por uma agência especializada em branding esportivo, a Nomad Studio. O objetivo é destacar a força da equipe feminina, preservando a ligação com o clube em geral e com a cidade que ele representa. Ela também busca intensificar o relacionamento dos torcedores, novos e antigos, com a categoria feminina. Manchester City exibe nova identidade visual exclusiva do time feminino em partida do Inglês — Foto: Reprodução / @ManCityWomen O City é o primeiro clube da Women's Super League (a elite do Campeonato Inglês) a ter uma identidade distinta para o feminino. De acordo com o time, a mudança reforça o espírito pioneiro do Manchester no futebol de mulheres, já que a equipe foi a primeira da Inglaterra a profissionalizar as jogadoras em tempo integral e a ter naming rights no estádio. O último feito se concretizou em setembro de 2023, quando a Joie, uma empresa de carrinhos de bebê, comprou os direitos do Academy Stadium - que recebe o time feminino e as categorias de base. O Manchester City encerrou a temporada passada em grande estilo. O time feminino venceu a Superliga Feminina e da Copa da Inglaterra, além de ter alcançado a maior venda de sua história. Kerolin saiu para o Barcelona por 1,5 milhão de euros (cerca de R$ 8,6 milhões na cotação atual), na maior negociação de uma brasileira na história. Brasil 3 x 0 Canadá | Melhores momentos | Copa do Mundo Feminina Sub-20 2026"
Final única da Copa do Brasil: veja data e local do jogo,10/09/2026,https://ge.globo.com/futebol/copa-do-brasil/noticia/2026/09/10/final-unica-da-copa-do-brasil-veja-data-e-local-do-jogo.ghtml,"Veja o sorteio de mandos de campo das semifinais da Copa do Brasil Novidade em 2026, a final única da Copa do Brasil tem data e local confirmados. A decisão do torneio vai encerrar a temporada do futebol brasileiro no dia 6 de dezembro, no Mané Garrincha, em Brasília . Atlético-MG, Grêmio, Palmeiras e Vasco disputam lugar na partida. Final da Copa do Brasil será no Estádio Mané Garrincha, em Brasília A CBF ainda não definiu o horário da decisão. A capital federal foi escolhida por ter rede hoteleira e acesso mais viável para vias rodoviárias e aéreas. O Mané Garrincha recebeu a Supercopa do Brasil quatro vezes desde 2020, quando voltou a ser disputado o jogo que reúne os campeões do Brasileirão e da Copa do Brasil. Esporte Espetacular acompanha clássicos das quartas de final da Copa do Brasil Nesta quinta, foram sorteados os mandos de campo dos jogos da semifinal. Grêmio e Palmeiras serão os mandantes das partidas de ida. Atlético-MG e Vasco decidem os duelos em casa. Os jogos das semifinais têm como datas-base os dias 1º e 8 de novembro. Ou seja, daqui a quase dois meses. Depois das semis, haverá menos de um mês até a final única, no dia 6 de dezembro, em Brasília. Os dois finalistas da competição garantem vaga na Libertadores de 2027 . Troféu da Copa do Brasil: quatro times continuam na disputa — Foto: Rafael Ribeiro/CBF Todos os envolvidos na disputa já conquistaram títulos da Copa do Brasil: A Copa do Brasil 2026 começou em fevereiro, com 126 clubes. Sete fases eliminatórias depois, apenas quatro times continuam na disputa. Os quatro disputam a Série A do Campeonato Brasileiro e entraram na quinta fase. Abaixo, veja o caminho das equipes até a semifinal: Sorteio das semifinais da Copa do Brasil — Foto: Andressa Abadde / ge"
Do impeachment à votação pela expulsão: a crise que levou Casares a novo julgamento no São Paulo,10/09/2026,https://ge.globo.com/futebol/times/sao-paulo/noticia/2026/09/10/do-impeachment-a-votacao-pela-expulsao-a-crise-que-levou-casares-a-novo-julgamento-no-sao-paulo.ghtml,"O Conselho Deliberativo do São Paulo decide nesta quinta-feira se Julio Casares será expulso do quadro associativo do clube. A votação ocorre de forma online e termina às 17h. Julio Casares em Flamengo x São Paulo — Foto: Jorge Rodrigues/AGIF O colegiado analisa uma recomendação da Comissão de Ética do clube, que sugeriu a exclusão. O documento, elaborado no último dia 24, aponta gestão temerária de Julio Casares, que dirigiu o clube de 2021 a 2026, até sofrer impeachment e renunciar ao cargo antes da decisão final em Assembleia Geral. O dirigente foi enquadrado no artigo 34 do estatuto social. — Estará sujeito à pena de eliminação do quadro associativo do SPFC o associado que for condenado em processo judicial, definitivamente, ou venha a ser responsabilizado disciplinarmente, pela prática de ato de gestão irregular ou temerária, na forma da legislação vigente, em especial o disposto no art. 25 da Lei nº 13.155, de 04 de agosto de 2015, ou naquele que vier a substituí-lo — diz o documento. Ao todo, o Conselho é formado por 255 integrantes. Para ser expulso, Casares precisa receber ao menos 171 votos favoráveis à aplicação da pena, o equivalente a dois terços do colegiado. A derrocada de Casares começou em dezembro do ano passado, depois de o ge revela esquema ilegal de camarote pertencente à diretoria em dias de shows no Morumbis , com participação de Douglas Schwartzmann, braço-direito de Casares e ex-diretor adjunto de futebol de base, e Mara Casares, ex-esposa do dirigente que também tinha um cargo diretivo. Em áudio obtido pela reportagem, os dois admitiram que ganharam dinheiro com a comercialização de ingressos para o camarote 3A, no setor leste do estádio. Em documentos internos do clube, esse espaço consta como ""sala presidência"". O local fica em frente ao escritório que era de Julio Casares e servia também para reuniões e entrevistas. Com a repercussão, a Polícia Civil abriu um inquérito para apurar o caso, e conselheiros protocolaram, no dia 23 de dezembro, um pedido de impeachment de Casares. Depois da aprovação do Conselho Deliberativo, o ex-presidente renunciou ao cargo no dia 21 de janeiro, antes da assembleia dos sócios. ge São Paulo traça linha do tempo do impeachment de Casares Em março, o Conselho Deliberativo reprovou o balanço financeiro de 2025 , mesmo com superávit de R$ 56 milhões. O motivo foi a detecção de saques suspeitos feitos por Julio Casares que totalizavam R$ 7 milhões, sem documentação ou justificativa. Mais do São Paulo : + Nicolas passa por cirurgia e deve ficar no mínimo três meses afastado do São Paulo Relatório apontou que o ex-presidente sacou R$ 11 milhões ao longo da temporada, mas apenas R$ 4 milhões têm justificativa. Os R$ 6.953.000 restantes, classificados no documento como despesas promocionais, não têm explicação nem comprovação dos gastos. A auditoria alertou para a ausência dessa documentação. Em julho, uma reportagem do ge mostrou que Julio Casares gastou R$ 1 milhão no cartão corporativo do São Paulo durante seu mandato. Entre os gastos mostrados em faturas obtidas estão 71 idas ao Esch Café, uma casa de charutos; 53 pagamentos ao Gero, um dos restaurantes mais badalados da capital paulista; e diversas despesas em lojas de luxo. Casares devolveu R$ 560.401,74 ao São Paulo em novembro do ano passado, quando já era investigado pela Polícia Civil por possíveis irregularidades em sua gestão. Julio Casares e amigos no restaurante da namorada — Foto: Reprodução / Instagram Os cinco membros da Comissão de Ética (Luiz Braga, Mario Celso Braga, Milton Jose Neves Junior, José Edgard Galvão Machado e Fabio Cesar de Souza Azambuja) votaram, de forma unânime, pela expulsão de Julio Casares. O relatório da Comissão de Ética, de autoria do relator Luiz Braga, cita a constatação de aproximadamente R$ 7 milhões em saques das contas do clube ""cuja documentação não permitia comprovar adequadamente origem, finalidade e destino"". Outro argumento apresentado pela Comissão de Ética são os gastos realizados com o cartão corporativo do São Paulo . Além da expulsão por gestão temerária, o colegiado recomenda o ressarcimento aos cofres do clube de valores que tenham sido usados para fins particulares."
"Garro vira líder de assistências na Libertadores e ganha elogio de Diniz: ""Trabalho muito positivo""",10/09/2026,https://ge.globo.com/futebol/times/corinthians/noticia/2026/09/10/garro-vira-lider-de-assistencias-na-libertadores-e-ganha-elogio-de-diniz-trabalho-muito-positivo.ghtml,"Estudiantes 1 x 1 Corinthians | Melhores momentos | Quartas de final | CONMEBOL Libertadores 2026 Decisivo para o empate do Corinthians diante do Estudiantes no primeiro jogo das quartas de final da Conmebol Libertadores, o argentino Rodrigo Garro assumiu, ao lado de Matías Fernández, do Rivadavia, a liderança na lista de assistências da competição continental ao dar passe para o gol de Kaio César em La Plata na noite da última quarta-feira. Ao fim da partida em La Plata, o desempenho do argentino foi muito elogiado pelo técnico Fernando Diniz, que ressaltou não só a qualidade do jogador para deixar seus companheiros em situação de finalizar ao gol adversário, como também o comprometimento defensivo no confronto. — O trabalho do Garro comigo é muito positivo desde quando cheguei ao clube. No começo ele estava conseguindo ter muita participação nos gols. Oscilou um pouco, em alguns jogos foi muito bem, como contra o Red Bull. Hoje, gostei muito do jogo dele, era muito difícil de ser jogado. Mais notícias do Corinthians : + Veja como foi o empate contra o Estudiantes + Atuações: dê suas notas aos jogadores do Timão + Cotovelada deixa Gabriel Paulista com galo na testa; veja o vídeo Rodrigo Garro festeja gol de Kaio César contra o Estudiantes — Foto: Divulgação/ Corinthians — Não é um jogador só que cria, ele é muito mais participativo no sistema defensivo. Ele e Memphis contribuíram para termos um sistema defensivo sólido. Eu espero que, de fato, consiga voltar a ter esse número de assistências que teve no começo, que vai nos ajudar muito. Estou muito contente com a entrega dele e do Memphis — argumentou Diniz em contato com os jornalistas. Desde o início da Libertadores, Garro distribuiu passes para os gols de Yuri Alberto e Kayke, contra o Platense, e Gustavo Henrique nos jogos diante do Santa Fé e Peñarol ainda na fase de grupos. Ao todo, o meio-campista do Corinthians registra participação em 50% de todos os gols da equipe na disputa do torneio continental. — É muito importante. Desse jeito, de dar uma assistência e de fazermos um gol. Tem muito mérito do Kaio no movimento, para mim é muito bom jogar com caras que fazem essa movimentação. Felizmente achei esse passe — festejou Garro ao fim da partida em La Plata. Nesta temporada, o camisa 8 do Corinthians soma 12 assistências e três gols. Seu melhor número na carreira foi registrado em 2024, também pelo Timão, quando deu 14 passes para seus companheiros balançarem as redes adversárias. ""Bom resultado para decidir na Neo Química Arena"", diz Careca após empate do Corinthians"
"Ex-Holanda deixa o futebol por problemas de saúde: ""Não posso mais suportar esta vida""",10/09/2026,https://ge.globo.com/futebol/futebol-internacional/noticia/2026/09/10/ex-holanda-deixa-o-futebol-por-problemas-de-saude-nao-posso-mais-suportar-esta-vida.ghtml,"Veja as 10 ligas de futebol mais fortes do mundo Marc Overmars, ex-jogador da seleção da Holanda, anunciou que vai interromper suas atividades profissionais por problemas de saúde. Aos 53 anos, o ex-atacante deixou de forma imediata o cargo de diretor esportivo do Royal Antwerp, da Bélgica. A decisão foi tomada após receber um alerta dos médicos sobre os riscos de continuar submetido à rotina de estresse do futebol. Marc Overmars no Royal Antwerp — Foto: Divulgação / Royal Antwerp - Toda a fadiga acumulada durante anos e o enorme estresse infelizmente chegaram ao auge no último fim de semana. Todos sabem que minha saúde não está em condições ideais. Agora sinto claramente que não consigo mais suportar esta vida profissional agitada e estressante - afirmou Overmars. O holandês revelou que negociava a renovação de contrato com o Royal Antwerp e pretendia permanecer no clube. No entanto, segundo ele, o agravamento de sua condição de saúde tornou a continuidade inviável. - Minha energia está completamente esgotada. Se eu não ouvir meu corpo agora, meus médicos dizem que o risco de um desfecho ruim é muito alto. Por isso, preciso tomar uma decisão drástica e interromper completamente minhas atividades profissionais por enquanto. Branco sofre falta de Marc Overmars. Brasil x Holanda. Copa do Mundo de 1994 — Foto: Getty Images - David Cannon Overmars convive com problemas de saúde desde o fim de 2022. Posteriormente, o ex-jogador revelou que havia ficado com sequelas importantes no coração e que precisava administrar melhor a energia no dia a dia. Em 1994, Brasil derrota Holanda na Copa dos EUA por 3 a 2 Como jogador, Overmars teve passagens de destaque por Ajax, Barcelona e Arsenal. Também defendeu a Holanda em mais de 80 partidas e disputou as Copas do Mundo de 1994 e 1998. O holandês trabalhava no Royal Antwerp desde 2022. Durante sua passagem pela direção esportiva, o clube conquistou o Campeonato Belga e a Copa da Bélgica na temporada 2022/23."
