id,https://ge.globo.com/sc/futebol/noticia/2026/09/09/barra-elimina-o-internacional-na-primeira-fase-da-copa-do-brasil-sub-20.ghtml,https://ge.globo.com/futebol/times/corinthians/noticia/2026/09/10/diniz-elogia-corinthians-mas-pede-atencao-com-o-estudiantes-na-volta-sabe-jogar-fora-de-casa.ghtml,https://ge.globo.com/futebol/times/cruzeiro/noticia/2026/09/09/nem-fabio-nem-rafael-veja-ultimo-goleiro-do-cruzeiro-convocado-para-selecao-antes-de-otavio.ghtml,https://ge.globo.com/futebol/times/sao-paulo/noticia/2026/09/09/nicolas-passa-por-cirurgia-e-deve-ficar-no-minimo-tres-meses-afastado-do-sao-paulo.ghtml,https://ge.globo.com/sc/futebol/noticia/2026/09/09/criciuma-bate-o-cascavel-e-garante-classificacao-na-copa-do-brasil-sub-20.ghtml,https://ge.globo.com/futebol/futebol-internacional/noticia/2026/09/10/bayern-de-munique-x-bodoglimt-na-champions-league-onde-assistir-ao-vivo-e-horario.ghtml,https://ge.globo.com/futebol/times/atletico-mg/noticia/2026/09/10/em-bate-boca-com-neymar-torcedor-do-atletico-mg-avisa-vai-ter-jogo-de-volta-veja-discussao.ghtml,https://ge.globo.com/ms/futebol/copa-do-brasil-sub-20/noticia/2026/09/09/sao-paulo-x-santo-antonio-ms-na-copa-do-brasil-sub-20-onde-assistir-ao-vivo-e-horario.ghtml,https://ge.globo.com/futebol/times/fluminense/noticia/2026/09/10/cano-tem-suspeita-de-lesao-e-vira-duvida-no-fluminense.ghtml,https://ge.globo.com/futebol/futebol-internacional/noticia/2026/09/10/haaland-se-rende-a-jovem-de-18-anos-apontado-como-novo-rodri-do-city-uma-joia.ghtml,https://ge.globo.com/futebol/futebol-internacional/futebol-espanhol/noticia/2026/09/10/capitao-do-barcelona-raphinha-revela-conexao-especial-com-lamine-yamal-sei-quando-ele-sai-da-partida.ghtml,https://ge.globo.com/futebol/times/corinthians/noticia/2026/09/10/analise-corinthians-volta-vivo-com-empate-em-jogo-que-pareceu-mais-dificil-do-que-foi.ghtml,https://ge.globo.com/sc/futebol/noticia/2026/09/10/operario-pr-supera-a-chapecoense-nos-penaltis-e-avanca-na-copa-do-brasil-sub-20.ghtml,https://ge.globo.com/futebol/futebol-internacional/futebol-espanhol/times/barcelona/noticia/2026/09/10/raphinha-tem-inicio-mais-goleador-no-barcelona-em-quase-70-anos.ghtml,https://ge.globo.com/futebol/times/flamengo/noticia/2026/09/09/escalacao-do-flamengo-jardim-avalia-desgaste-e-prepara-equipe-para-encarar-o-del-valle-na-altitude.ghtml,https://ge.globo.com/futebol/selecao-brasileira/noticia/2026/09/09/portuguesa-anuncia-a-contratacao-do-atacante-romarinho-ex-corinthians.ghtml,https://ge.globo.com/futebol/times/flamengo/noticia/2026/09/10/olho-neles-del-valle-tem-cinco-remanescentes-de-time-campeao-contra-o-flamengo-saiba-quem-sao.ghtml,https://ge.globo.com/futebol/times/atletico-mg/noticia/2026/09/10/analise-atletico-mg-desmorona-no-2o-tempo-e-se-complica-por-vaga-na-semi-da-sul-americana.ghtml,https://ge.globo.com/futebol/times/fluminense/noticia/2026/09/10/governo-multa-concessionaria-por-gestao-do-maracana-fla-flu-recorre.ghtml,https://ge.globo.com/futebol/times/palmeiras/noticia/2026/09/09/leila-defende-paulinho-e-reforca-apoio-a-abel-no-palmeiras-incontestavel.ghtml,https://ge.globo.com/futebol/times/palmeiras/noticia/2026/09/10/abel-critica-regra-do-limite-de-jogos-para-mudar-de-clube-no-brasileirao-voces-acham-justo.ghtml,https://ge.globo.com/sp/ribeirao-preto-e-regiao/futebol/noticia/2026/09/09/pai-de-jair-cunha-se-emociona-com-filho-na-selecao-brasileira-ficha-nao-cai.ghtml,https://ge.globo.com/futebol/times/corinthians/noticia/2026/09/10/estudiantes-alega-ato-obsceno-e-pede-suspensao-de-memphis-no-jogo-de-volta-contra-o-corinthians.ghtml,https://ge.globo.com/futebol/times/fluminense/noticia/2026/09/10/nonato-alcanca-estatistica-rara-no-fluminense-com-gol-na-libertadores.ghtml,https://ge.globo.com/futebol/times/botafogo/noticia/2026/09/10/medina-de-10-entenda-como-botafogo-pode-usar-o-jogador-como-opcao-a-montoro.ghtml,https://ge.globo.com/futebol/futebol-internacional/noticia/2026/09/10/imprensa-internacional-repercute-revolucao-de-ancelotti-na-selecao-nova-era.ghtml,https://ge.globo.com/futebol/times/palmeiras/noticia/2026/09/10/abel-diz-ficar-triste-sem-atletas-do-palmeiras-na-selecao-mas-valoriza-base-e-conversa-com-ancelotti.ghtml,https://ge.globo.com/futebol/times/palmeiras/noticia/2026/09/10/giay-exalta-abel-por-boa-fase-no-palmeiras-e-sonha-com-chance-na-argentina-todo-jogador-quer.ghtml,https://ge.globo.com/futebol/futebol-internacional/noticia/2026/09/10/rival-do-flamengo-na-libertadores-e-destaque-em-jornal-espanhol-revoluciona-a-america-do-sul.ghtml,https://ge.globo.com/futebol/times/flamengo/noticia/2026/09/10/samuel-lino-coroa-auge-pelo-flamengo-com-convocacao-e-esta-a-dois-gols-de-ano-mais-artilheiro.ghtml,https://ge.globo.com/futebol/times/fluminense/noticia/2026/09/10/millan-cresce-ao-lado-de-thiago-silva-e-acirra-disputa-por-vaga-na-defesa-do-fluminense.ghtml,https://ge.globo.com/futebol/futebol-internacional/futebol-espanhol/noticia/2026/09/10/gabriel-jesus-alcanca-rivaldo-em-lista-de-brasileiros-com-mais-gols-na-champions-league.ghtml,https://ge.globo.com/sc/futebol/times/avai/noticia/2026/09/10/avai-anuncia-a-contratacao-de-rildo-ex-gremio.ghtml,https://ge.globo.com/futebol/futebol-internacional/liga-dos-campeoes/noticia/2026/09/10/da-falencia-na-4a-divisao-da-italia-ao-luxo-na-champions-entenda-o-projeto-que-transformou-o-como.ghtml,https://ge.globo.com/futebol/times/corinthians/noticia/2026/09/09/atuacoes-do-corinthians-garro-da-assistencia-e-kaio-cesar-decide-na-libertadores-de-suas-notas.ghtml,https://ge.globo.com/futebol/times/sao-paulo/noticia/2026/09/10/investigado-pela-policia-julio-casares-e-expulso-do-sao-paulo.ghtml,https://ge.globo.com/futebol/times/palmeiras/noticia/2026/09/10/escalacao-palmeiras-inicia-preparacao-para-classico-contra-sao-paulo-com-desfalques-e-um-retorno.ghtml,https://ge.globo.com/futebol/times/vasco/noticia/2026/09/10/versatilidade-bola-parada-e-finalizacao-como-lescano-pode-ajudar-pedro-emanuel-no-vasco.ghtml,https://ge.globo.com/futebol/futebol-internacional/futebol-espanhol/noticia/2026/09/09/raphinha-diz-que-ja-esperava-ausencia-na-lista-de-indicados-a-bola-de-ouro-nao-me-surpreendeu-nem-um-pouco.ghtml,https://ge.globo.com/futebol/times/palmeiras/noticia/2026/09/09/gomez-desfalca-o-palmeiras-contra-a-ldu-no-equador-pela-libertadores.ghtml,https://ge.globo.com/futebol/times/corinthians/noticia/2026/09/09/estudiantes-x-corinthians-cotovelada-deixa-gabriel-paulista-com-galo-na-testa-veja-o-video.ghtml,https://ge.globo.com/futebol/times/botafogo/noticia/2026/09/10/danilo-volta-a-ser-convocado-para-a-selecao-em-meio-a-criticas-no-botafogo.ghtml,https://ge.globo.com/futebol/noticia/2026/09/10/morre-o-jornalista-claudio-carsughi.ghtml,https://ge.globo.com/futebol/times/flamengo/noticia/2026/09/09/pedro-e-samuel-lino-do-flamengo-comemoram-convocacao-para-a-selecao-brasileira.ghtml,https://ge.globo.com/mt/futebol/times/cuiaba/noticia/2026/09/10/cuiaba-volta-a-vencer-por-tres-gols-em-competicao-nacional-apos-dois-anos.ghtml,https://ge.globo.com/rs/futebol/times/gremio/noticia/2026/09/10/ex-gremio-kaick-vive-ascensao-na-mls-com-dois-gols-seguidos-e-titularidade.ghtml,https://ge.globo.com/futebol/times/palmeiras/noticia/2026/09/09/deyverson-agradece-carinho-e-sonha-com-retorno-ao-palmeiras-terminar-a-carreira-aqui.ghtml,https://ge.globo.com/sc/futebol/times/avai/noticia/2026/09/10/presidente-do-avai-fala-sobre-ultimos-dias-do-mercado-aberto-e-explica-tramites-da-saf.ghtml,https://ge.globo.com/futebol/futebol-internacional/futebol-espanhol/times/real-madrid/noticia/2026/09/10/jornal-vini-jr-recebeu-aviso-de-que-ganharia-a-bola-de-ouro-de-2024-vencida-por-rodri-entenda.ghtml,https://ge.globo.com/futebol/times/corinthians/noticia/2026/09/10/kaio-cesar-admite-incomodo-com-atrasos-no-corinthians-mas-diz-nao-pode-pensar-em-dinheiro.ghtml,https://ge.globo.com/futebol/times/vasco/noticia/2026/09/10/lescano-e-apresentado-como-reforco-do-vasco-veja-respostas.ghtml,https://ge.globo.com/futebol/times/vasco/noticia/2026/09/10/entenda-o-desgaste-entre-tottenham-e-richarlison-alvo-do-vasco.ghtml,https://ge.globo.com/futebol/times/cruzeiro/noticia/2026/09/10/pelo-cruzeiro-matheus-pereira-atinge-temporada-mais-artilheira-da-carreira-veja-numeros.ghtml,https://ge.globo.com/futebol/selecao-brasileira/noticia/2026/09/09/zagueiro-jair-cunha-celebra-primeira-convocacao-para-a-selecao-sonho-de-uma-vida.ghtml,https://ge.globo.com/futebol/times/fluminense/noticia/2026/09/10/atacante-sul-africano-do-fluminense-e-convocado-para-a-selecao-sub-20.ghtml,https://ge.globo.com/futebol/futebol-internacional/noticia/2026/09/10/federacao-da-franca-retira-apoio-a-reeleicao-de-infantino.ghtml,https://ge.globo.com/futebol/times/sao-paulo/noticia/2026/09/10/sao-paulo-atrasa-tambem-salarios-em-carteira-e-nao-da-previsao-de-pagamento-aos-jogadores.ghtml,https://ge.globo.com/sp/santos-e-regiao/futebol/times/santos/noticia/2026/09/09/santos-2x0-atletico-mg-assista-aos-melhores-momentos.ghtml,https://ge.globo.com/futebol/times/botafogo/noticia/2026/09/10/al-ahli-recusa-investidas-por-matheus-goncalves-e-frusta-botafogo.ghtml,https://ge.globo.com/futebol/futebol-internacional/noticia/2026/09/10/de-paul-e-lewandowski-batem-boca-e-trocam-empurroes-na-mls-veja-video.ghtml,https://ge.globo.com/futebol/times/corinthians/noticia/2026/09/10/diniz-elogia-mudanca-de-postura-do-corinthians-na-libertadores-e-o-que-a-torcida-merece.ghtml,https://ge.globo.com/pr/futebol/brasileirao-serie-a/noticia/2026/09/10/athletico-e-coritiba-voltam-a-ter-jogadores-convocados-a-selecao-juntos-depois-de-85-anos.ghtml,https://ge.globo.com/sc/futebol/times/figueirense/noticia/2026/09/10/anderson-conceicao-ganha-espaco-no-figueirense-e-mira-reacao-na-copa-sc.ghtml,https://ge.globo.com/futebol/futebol-internacional/noticia/2026/09/09/chuva-atinge-tribuna-de-imprensa-do-camp-nou-durante-jogo-do-barcelona-na-champions-veja.ghtml,https://ge.globo.com/futebol/times/botafogo/noticia/2026/09/10/botafogo-anuncia-contratacao-de-ziyech.ghtml,https://ge.globo.com/futebol/futebol-internacional/noticia/2026/09/10/manchester-united-x-sabah-na-champions-league-onde-assistir-ao-vivo-e-horario.ghtml,https://ge.globo.com/futebol/futebol-internacional/noticia/2026/09/10/deco-nega-que-barcelona-tenha-pedido-a-julian-alvarez-para-forcar-saida-do-atletico.ghtml,https://ge.globo.com/futebol/times/palmeiras/noticia/2026/09/10/analise-palmeiras-cria-mais-para-vencer-e-melhora-mas-vantagem-minima-no-placar-ainda-preocupa.ghtml,https://ge.globo.com/sp/vale-do-paraiba-regiao/futebol/times/bragantino/noticia/2026/09/09/bragantino-goleia-cruzeiro-por-8-a-1-pelo-brasileirao-sub-17.ghtml,https://ge.globo.com/futebol/times/fluminense/noticia/2026/09/10/auxiliar-do-fluminense-viraliza-com-gesto-para-chamar-jogadores-no-aquecimento-veja.ghtml,https://ge.globo.com/futebol/times/flamengo/noticia/2026/09/09/zico-opina-sobre-convocacao-e-elogia-pedro-do-flamengo-melhor-do-brasil.ghtml,https://ge.globo.com/rj/sul-do-rio-costa-verde/futebol/times/volta-redonda/noticia/2026/09/10/volta-redonda-chega-a-cinco-jogadores-emprestados-a-times-da-serie-b.ghtml,https://ge.globo.com/futebol/times/flamengo/noticia/2026/09/10/flamengo-busca-contra-o-independiente-del-valle-sequencia-inedita-de-vitorias-na-altitude.ghtml,https://ge.globo.com/futebol/times/vasco/noticia/2026/09/09/estafe-de-richarlison-entrara-com-pedido-de-rescisao-com-tottenham-para-assinar-com-o-vasco.ghtml,https://ge.globo.com/futebol/futebol-internacional/futebol-ingles/copa-da-liga-inglesa/noticia/2026/09/09/com-estevao-de-titular-chelsea-vence-de-virada-e-avanca-na-copa-da-liga-inglesa.ghtml,https://ge.globo.com/futebol/times/sao-paulo/noticia/2026/09/09/quem-foram-os-destaques-do-sao-paulo-no-mundial-sub-17.ghtml,https://ge.globo.com/futebol/times/sao-paulo/noticia/2026/09/10/luciano-e-diagnosticado-com-edema-na-coxa-e-deve-desfalcar-o-sao-paulo-no-choque-rei.ghtml,https://ge.globo.com/futebol/times/atletico-mg/noticia/2026/09/09/scarpa-ativa-modo-sincero-em-derrota-do-atletico-mg-para-o-santos-ficou-barato.ghtml,https://ge.globo.com/sc/futebol/times/avai/noticia/2026/09/10/avai-parabeniza-os-50-anos-de-guga-kuerten-torcedor-simbolo-do-clube.ghtml,https://ge.globo.com/futebol/times/atletico-mg/noticia/2026/09/09/dominguez-reconhece-erros-do-atletico-mg-mas-ve-vaga-na-semi-em-aberto-com-vida.ghtml,https://ge.globo.com/futebol/times/vasco/noticia/2026/09/10/tottenham-recusa-primeira-proposta-do-vasco-que-segue-negociacao-para-ter-richarlison.ghtml,https://ge.globo.com/futebol/times/flamengo/noticia/2026/09/10/independiente-del-valle-x-flamengo-onde-assistir-ao-vivo-horario-e-escalacoes.ghtml,https://ge.globo.com/pr/futebol/brasileirao-serie-a/noticia/2026/09/10/coritiba-x-athletico-athletiba-ja-tem-mais-de-30-mil-ingressos-ocupados-no-couto-pereira.ghtml,https://ge.globo.com/futebol/times/vasco/noticia/2026/09/09/alan-lescano-e-regularizado-no-bid-e-pode-estrear-pelo-vasco.ghtml,https://ge.globo.com/futebol/futebol-internacional/noticia/2026/09/10/ex-atletico-mg-alisson-estreia-na-champions-pelo-shakhtar-donetsk.ghtml,https://ge.globo.com/futebol/futebol-internacional/noticia/2026/09/09/cristiano-ronaldo-marca-em-vitoria-do-al-nassr-e-fica-a-21-gols-do-milesimo.ghtml,https://ge.globo.com/futebol/times/cruzeiro/noticia/2026/09/09/justica-condena-cruzeiro-a-indenizar-jogadora-apos-grave-lesao-entenda-o-caso.ghtml,https://ge.globo.com/rs/futebol/copa-do-brasil/noticia/2026/09/10/sorteio-dos-mandos-da-semifinal-da-copa-do-brasil-2026-veja-onde-assistir-ao-vivo.ghtml,https://ge.globo.com/futebol/times/palmeiras/noticia/2026/09/09/abel-admite-erro-em-entrevista-e-manda-recado-a-torcida-ninguem-e-maior-que-o-palmeiras.ghtml,https://ge.globo.com/futebol/times/atletico-mg/noticia/2026/09/10/atletico-mg-x-cruzeiro-alexsander-e-suspenso-por-ofensas-a-kaio-jorge-em-sala-antidoping.ghtml,https://ge.globo.com/futebol/times/atletico-mg/noticia/2026/09/10/meia-do-atletico-mg-presenteia-neymar-e-manda-recado-to-bolado-contigo.ghtml,https://ge.globo.com/futebol/futebol-internacional/noticia/2026/09/10/liverpool-lidera-ranking-de-elencos-mais-caros-do-mundo-veja-lista.ghtml,https://ge.globo.com/futebol/times/vasco/noticia/2026/09/10/admar-mantem-esperanca-na-contratacao-de-richarlison-viria-mudar-o-patamar-do-vasco.ghtml,https://ge.globo.com/futebol/copa-do-brasil/noticia/2026/09/09/final-unica-da-copa-do-brasil-2026-sera-em-brasilia.ghtml,https://ge.globo.com/futebol/times/corinthians/noticia/2026/09/09/matheuzinho-hugo-e-bidon-festejam-convocacao-nunca-imaginei-que-viveria-esse-momento.ghtml,https://ge.globo.com/futebol/futebol-feminino/noticia/2026/09/10/manchester-city-lanca-identidade-visual-exclusiva-para-o-time-feminino.ghtml,https://ge.globo.com/futebol/copa-do-brasil/noticia/2026/09/10/final-unica-da-copa-do-brasil-veja-data-e-local-do-jogo.ghtml,https://ge.globo.com/futebol/times/sao-paulo/noticia/2026/09/10/do-impeachment-a-votacao-pela-expulsao-a-crise-que-levou-casares-a-novo-julgamento-no-sao-paulo.ghtml,https://ge.globo.com/futebol/times/corinthians/noticia/2026/09/10/garro-vira-lider-de-assistencias-na-libertadores-e-ganha-elogio-de-diniz-trabalho-muito-positivo.ghtml,https://ge.globo.com/futebol/futebol-internacional/noticia/2026/09/10/ex-holanda-deixa-o-futebol-por-problemas-de-saude-nao-posso-mais-suportar-esta-vida.ghtml
https://ge.globo.com/sc/futebol/noticia/2026/09/09/barra-elimina-o-internacional-na-primeira-fase-da-copa-do-brasil-sub-20.ghtml,1.0000000000000004,0.08975380638537728,0.12973873894594207,0.08321548101395794,0.6618608823728337,0.07688365950981839,0.13114754098360656,0.2898558149194578,0.10432723001112996,0.08334490981923114,0.10048811868020047,0.08536867506397615,0.4954753889564204,0.07084317334634647,0.10236582945611514,0.1069967907775219,0.1722069903794189,0.06967213114754099,0.053639204569964904,0.03727036654304376,0.08160339150742803,0.08795391872104308,0.07822538783319935,0.20096844017945642,0.07890874148597987,0.19531072666281962,0.06498340998171175,0.15088418768523473,0.11095397468527729,0.14520610752636837,0.1359921043995437,0.16852038070341493,0.11768446184934016,0.18289926317737276,0.07638152219916743,0.08323414949075476,0.09149045517839831,0.062479721179206846,0.08089370385419192,0.162956029005504,0.0667438374922596,0.17249376325147447,0.1339841582402673,0.10076608381335703,0.10091679198052131,0.18852459016393447,0.10815837151153865,0.12103495100668274,0.033448057442721994,0.10402285425120865,0.09044168290435002,0.08318397365578528,0.07257475238014478,0.09931459096297016,0.123759852685641,0.05694434985460716,0.07003536901060807,0.15258912230919205,0.05969750308475662,0.04459051003808889,0.07833851842455529,0.11432224332770288,0.24262597170552594,0.059738099827350476,0.09470804161895079,0.15760250451281974,0.10106619508097792,0.12079769262198525,0.09938381426098829,0.06833021636554316,0.16481275658901123,0.10497456133097599,0.19112436279412687,0.032132411791892315,0.16700684799688667,0.15467890906381346,0.1251146127808475,0.04669024600707204,0.08191329403846914,0.07031644854425306,0.08273261029660418,0.10793364091109542,0.10810877987053438,0.07694058929141379,0.11625228669723046,0.14485719366802965,0.07401856826770778,0.39394999818019416,0.1271575271389128,0.10353158651983457,0.10373070718219668,0.0545951090432614,0.17124519262255045,0.35538403763766646,0.15587149404743125,0.10470938231636381,0.41232829548634864,0.06365776982903046,0.11196500348674097,0.14751680250607435
https://ge.globo.com/futebol/times/corinthians/noticia/2026/09/10/diniz-elogia-corinthians-mas-pede-atencao-com-o-estudiantes-na-volta-sabe-jogar-fora-de-casa.ghtml,0.08975380638537728,0.9999999999999976,0.08681655705778762,0.08135772793620749,0.07549326131090253,0.17959964436499376,0.1795076127707546,0.1316011815198008,0.228475890476657,0.07985458194812739,0.14671217600833739,0.5853528074334035,0.11344097343117637,0.09126237936928842,0.2690165246814937,0.12166730110553145,0.2942773064827818,0.2872121804332074,0.048945614946655794,0.08533192071728724,0.09494013696015635,0.08728023760224524,0.41162717050924097,0.2383980366377416,0.15390853369523264,0.05054980272248899,0.08640444583538967,0.21851366355133436,0.19308900763526585,0.2067002216538097,0.17634181961870907,0.23184440032356432,0.05062516899054785,0.14477641566798868,0.532238602824667,0.03969047781470873,0.1679517112874564,0.09722141829329234,0.07815733903147702,0.23897714905663003,0.5444777690790126,0.11447276140642844,0.033621540335243984,0.11033850283692033,0.146022518803419,0.1436060902166037,0.1522710405441938,0.10886626160428539,0.04447382598761779,0.5040280977795324,0.1245903065840481,0.06973783730212028,0.11614713933993377,0.04578910456257138,0.12281191679794115,0.028578852614316353,0.023006543878122038,0.19095376616125398,0.022878993630299955,0.097652899311846,0.5197282975537556,0.06398214071078587,0.15805955713567596,0.07358963233270403,0.03703748864763851,0.0949157995752499,0.052259475036138,0.2609711391440509,0.1348482736575833,0.17208909009902584,0.13253220195513166,0.08621007804577654,0.28340067228387217,0.05780372560186569,0.17977237987088804,0.11762003780790396,0.10126091045721428,0.17893978571872698,0.02596427413363193,0.2155895299091756,0.05536172496132851,0.3110182955984215,0.08749732133435227,0.045365207571464464,0.11260785831237752,0.13548630320640664,0.05318910751331405,0.09313753465516426,0.17122392666923267,0.10336377270397457,0.15842084231243517,0.050814232439837695,0.1093825109588555,0.11312333002916682,0.2133484134404227,0.12314946736620627,0.12968559999677626,0.03960513136792527,0.5210554399473929,0.026921728879130937
https://ge.globo.com/futebol/times/cruzeiro/noticia/2026/09/09/nem-fabio-nem-rafael-veja-ultimo-goleiro-do-cruzeiro-convocado-para-selecao-antes-de-otavio.ghtml,0.12973873894594207,0.08681655705778762,0.9999999999999992,0.09756630601768654,0.08622236659158346,0.07812353285007355,0.07207707719219004,0.12847706100466771,0.11552336411492864,0.08794624977975055,0.04909069812307294,0.0667272176933783,0.14258994475124812,0.080617395631438,0.09201472353374235,0.07719925708134913,0.11624818269294088,0.10331047730880574,0.04192632575774916,0.07746425074324423,0.09168969700224477,0.2126889296013603,0.038214855150199255,0.18513487862289218,0.08962570128553096,0.21442053231999503,0.16145033399218875,0.15978492423932214,0.06736721129792644,0.16811935781728188,0.14266083091043708,0.10892360809955064,0.05913411137179545,0.1304730984683701,0.09158911886399684,0.036202071946983216,0.08833862538990875,0.09445986067782755,0.05300113124120324,0.09552920682337476,0.09781758144966249,0.2328835369536403,0.10145410945435077,0.30098482653042646,0.05070868934167559,0.15616700058307845,0.08755976386215077,0.03885573093919441,0.06162561693070121,0.03963764662282483,0.09064598018737993,0.09752936509621588,0.22908992457434038,0.22369076575810187,0.1405682485750373,0.06398275963424248,0.06295347921600566,0.06389417664661504,0.059493679132370435,0.06348323654313281,0.048625566750510614,0.3053077467547416,0.14043344118399298,0.07441767158293018,0.08724634462047554,0.07699235565451468,0.04608156130736432,0.10335141176321187,0.19504925171314874,0.061420749495042115,0.2687178959907387,0.0752142246657856,0.12604752187134677,0.06996556905907429,0.132751058794387,0.10830856304714036,0.09247917288229245,0.043793724672003945,0.05307448924342751,0.0796946936400966,0.07275012181164854,0.13653777516017856,0.0661317644778854,0.09367887334368713,0.08387719016446983,0.1026106792039599,0.25492609303759195,0.11809640660117152,0.0785725223679288,0.12138600089563233,0.086413827318645,0.06080973033534277,0.11084567678821163,0.12597041160899242,0.27412818568785596,0.08184460802662204,0.14400217474314228,0.028836556554388687,0.10097984044049164,0.12395225439416711
https://ge.globo.com/futebol/times/sao-paulo/noticia/2026/09/09/nicolas-passa-por-cirurgia-e-deve-ficar-no-minimo-tres-meses-afastado-do-sao-paulo.ghtml,0.08321548101395794,0.08135772793620749,0.09756630601768654,0.9999999999999988,0.039996444918448296,0.07433762918125657,0.059439629295684256,0.22044616048367288,0.1471055773116752,0.06043868462871548,0.06882196282579776,0.07959374391992256,0.02613095680184698,0.07857029001733011,0.054436771294461596,0.07759016487165425,0.09082052361992225,0.08618746247874215,0.04149033825207451,0.0909093653131094,0.06903843234605306,0.09168514373007257,0.06618055997310482,0.10409640923547514,0.07510353030312644,0.041202096209968384,0.07629534518610787,0.07412031441225043,0.0747126436781609,0.11582798246206724,0.11159236355346308,0.05640222705456854,0.12191496227354268,0.14221971141426668,0.07301289169003768,0.24922163730068136,0.1248857160032911,0.11684697800052649,0.07591444181881482,0.07596627470879393,0.05324021262053767,0.09097176522946838,0.1335955748971368,0.08699033778906463,0.052272265572420575,0.10699133273223162,0.07096273881544955,0.043885062979917025,0.03118539811845214,0.0414884660952543,0.08674145859281085,0.10556346430138332,0.056676910562421676,0.10613372610104645,0.07291872667376419,0.03097047206945065,0.34535222378602753,0.03951859233866744,0.06493567339421698,0.036954753506957476,0.026733285852089457,0.07921776816023596,0.10467524287989681,0.03248991615338157,0.07849007177010078,0.09523965018385301,0.040716396374028525,0.0710254660901698,0.04700185587880712,0.12222475736869662,0.07469761980573637,0.07189462249329914,0.12127185659842098,0.11983500757282371,0.05747463501761623,0.44555421854709587,0.4496980189288777,0.02031483669329574,0.03438978003468923,0.09858244600088509,0.07332681568382186,0.0741500851948351,0.03749399679308715,0.06867016034994729,0.08754429372707037,0.06565321642986127,0.1174152926575216,0.042202454066643,0.10217864261895947,0.035330506024575506,0.05146749286021822,0.02771326538627135,0.12418075937145978,0.03296310197712015,0.049867197640638516,0.044996396917161396,0.05407544840427158,0.18045258713893636,0.11242098176728284,0.08557903798505427
https://ge.globo.com/sc/futebol/noticia/2026/09/09/criciuma-bate-o-cascavel-e-garante-classificacao-na-copa-do-brasil-sub-20.ghtml,0.6618608823728337,0.07549326131090253,0.08622236659158346,0.039996444918448296,0.9999999999999988,0.09197225155900667,0.09192512255178242,0.26164120987634376,0.07150096526954676,0.051408604940132524,0.09391339001753413,0.0547084663951654,0.46474130981272005,0.10749071942027706,0.06888113717879554,0.08307377714729611,0.11119480204479439,0.05975132965865858,0.04812451482785973,0.030398700179369905,0.04575855076626456,0.08014429478214657,0.043864358015688124,0.15025559440596828,0.0663713159432764,0.14735306664270253,0.031233435729471088,0.10917069601155768,0.04888454378921459,0.13434851809621295,0.09632419486019037,0.12599555407556018,0.06599076732544104,0.08896730036658965,0.08566084562397192,0.05420088847025323,0.07242727758778586,0.07007016352207739,0.10673081931019188,0.14359163172354764,0.029940924952334805,0.14069049162253178,0.10643517535320532,0.06457588695085344,0.13742899491064026,0.13788768382767366,0.0693132302775044,0.05171011923540082,0.021435168405944904,0.07582914704806244,0.07852577494778028,0.02915303220823691,0.0813916046818629,0.07620734962887138,0.09542156485567799,0.04789673950199948,0.01047249607026204,0.12223331426697502,0.02008498305079208,0.04286370413035991,0.04651178318564198,0.09687042149991688,0.18599360170053264,0.06699547220120562,0.05057799507429933,0.15907417236906055,0.05667218644883358,0.07322863833439576,0.12114957122650018,0.05108760990892456,0.1386264605550088,0.052323356828919435,0.15629205649478273,0.015444028234551127,0.13650380947102095,0.1493772093194479,0.05490561466070538,0.07330747249183428,0.029009890432389118,0.05782989478053781,0.036082474226804134,0.07007933300916425,0.09488546344954567,0.046462678671122415,0.10028874581471371,0.1489174375529308,0.020752706175305363,0.3363777657044279,0.07708402672466977,0.08195948901286475,0.07959598073994151,0.03673660649535762,0.11602970740813157,0.2966015991040259,0.13881793940751366,0.07828677212092593,0.3295976723570036,0.02596048333580464,0.09659018410596831,0.10477746448320016
https://ge.globo.com/futebol/futebol-internacional/noticia/2026/09/10/bayern-de-munique-x-bodoglimt-na-champions-league-onde-assistir-ao-vivo-e-horario.ghtml,0.07688365950981839,0.17959964436499376,0.07812353285007355,0.07433762918125657,0.09197225155900667,0.9999999999999987,0.12301385521570944,0.09725758015733933,0.1449732186715471,0.08599350359017341,0.2269123770741803,0.14998018203794675,0.0788660431016177,0.20065150837707132,0.06827887419989188,0.03088028274939806,0.11747405388015282,0.15889289632029133,0.040250028603618454,0.07415520527638439,0.1700942264078728,0.07906161210602161,0.08967921088491752,0.12566967156607664,0.08943463738138328,0.046632137126854385,0.1122312536749981,0.0821766471324195,0.06442594529042237,0.14074053582838797,0.11413080805003462,0.19454628376577124,0.063077570029677,0.2535445646732891,0.16499920014432023,0.026863491203525325,0.1043256691701656,0.08842123077532503,0.18448459502766507,0.12373539157665824,0.06260442780882917,0.08498365855987972,0.03141863682565573,0.08101425976468832,0.12170313994645751,0.11019991196407303,0.08373688694456705,0.08469582146353014,0.05378336661982497,0.08130952002614214,0.14594846994879782,0.13004159558024367,0.08378303153508194,0.07517785180297053,0.05320532551280417,0.035608465375867364,0.043794547112536095,0.08860158884519914,0.048529088841313676,0.07568339741197028,0.13831532069665345,0.08896288729560274,0.12483206978311617,0.10739693114710074,0.05922287337400805,0.26280550932848107,0.10182021902339627,0.11636821932443847,0.13780361766742133,0.15097325715239385,0.061192340459491304,0.10211092562520094,0.14690258671863235,0.09472439545087484,0.1416037886317268,0.07522968602556876,0.06122874016836236,0.10510691307008663,0.03504667010447558,0.16415583104692902,0.07760158725291186,0.15629983558170155,0.08229885243868076,0.08142119180879336,0.17334944842584143,0.09813067629253164,0.0318211595538852,0.06438562043355063,0.11604775081819685,0.05331563692951322,0.09559042387984862,0.12972986097979455,0.1093140158859754,0.06201736729460422,0.06020183016345588,0.14792932884532267,0.10971800311277217,0.04704405023571912,0.11309954524841616,0.04919747758699397
https://ge.globo.com/futebol/times/atletico-mg/noticia/2026/09/10/em-bate-boca-com-neymar-torcedor-do-atletico-mg-avisa-vai-ter-jogo-de-volta-veja-discussao.ghtml,0.13114754098360656,0.1795076127707546,0.07207707719219004,0.059439629295684256,0.09192512255178242,0.12301385521570944,1.0000000000000004,0.0989751563139612,0.20865446002225993,0.045839700400577124,0.10048811868020047,0.15041147511271988,0.10810372122685535,0.05000694589153868,0.1501365498689689,0.09876626841002022,0.10958626660508478,0.2336065573770492,0.02503162879931696,0.13552860561106822,0.04420183706652353,0.05497119920065191,0.13906735614790994,0.12919399725822195,0.03452257440011619,0.04971545769599044,0.049511169509875615,0.11681356465953657,0.04358906148350179,0.15972671827900525,0.132413364810082,0.10370484966363998,0.09246636288162441,0.12780912366611596,0.12845983278950887,0.026849725642178954,0.0807268722162338,0.05919131480135385,0.03806762534314914,0.14549645446919998,0.13348767498451922,0.13590417710722233,0.05024405934010023,0.07677415909589107,0.07929176512755245,0.09836065573770492,0.09270717558131882,0.03746319912111609,0.05256123312427743,0.10922399696376908,0.0437621046311371,0.10138046789298835,0.07257475238014478,0.047043753614038494,0.10055488030708334,0.05219898736672323,0.02334512300353602,0.19618601439753264,0.023879001233902648,0.05096058290067302,0.14746074056386874,0.06605285170045055,0.10442130427832762,0.07467262478418808,0.0586287876688743,0.052534168170939914,0.0673774633873186,0.15997532266154804,0.0993838142609883,0.08199625963865177,0.05150398643406601,0.06415112081337422,0.13936151453738416,0.09180689083397807,0.10756373260816432,0.09452599998344155,0.09247601814236556,0.14940878722263054,0.021556130010123457,0.18282276621505789,0.07813635416901506,0.1363372306245416,0.18331488760655834,0.029592534342851456,0.04024117616442593,0.06639288043118026,0.041635444650585635,0.11191761311937334,0.11684745737089283,0.11571177316922689,0.5295725577196354,0.06551413085191368,0.11416346174836697,0.09091219567475187,0.08252020273099302,0.10470938231636381,0.14036707931450174,0.02314827993782926,0.11627134977469257,0.03442058725141734
https://ge.globo.com/ms/futebol/copa-do-brasil-sub-20/noticia/2026/09/09/sao-paulo-x-santo-antonio-ms-na-copa-do-brasil-sub-20-onde-assistir-ao-vivo-e-horario.ghtml,0.2898558149194578,0.1316011815198008,0.12847706100466771,0.22044616048367288,0.26164120987634376,0.09725758015733933,0.0989751563139612,1.0000000000000004,0.0999800059980007,0.04313088035290418,0.0770406936505641,0.09817372485431253,0.2719477271247843,0.06110208049994759,0.0765182615190518,0.04259284415143802,0.09451791284188617,0.10957963734759987,0.0400952027133045,0.03799026494934771,0.06745013052122906,0.10904883708873635,0.04872777302293125,0.14031867648863428,0.042536634500882284,0.13782687566212998,0.06672386612346988,0.10914739490074452,0.05126654894969138,0.10019195755428728,0.10803292463354885,0.1304409220967607,0.0725018488207177,0.10643387690833897,0.10480733160200331,0.20378889562456187,0.10676101504060465,0.08792354031414634,0.049249864135544864,0.0903530667885108,0.09786290104993212,0.16230053424013785,0.12519112718216663,0.12415789238590537,0.05906320330342206,0.13078859941487728,0.07107531922156184,0.03231192647586351,0.02060633974911199,0.05383168918662895,0.05032629141641482,0.033630934454415035,0.06741060694424358,0.1307420970267777,0.0667141247019823,0.06139296993061694,0.1812160531350789,0.1128066693274418,0.030893378713833,0.016482521312417467,0.09538842221746767,0.11832321876254541,0.13509471636873552,0.05796447651433492,0.03500806142625995,0.09968332876829007,0.05327017054054162,0.09855597311989679,0.09689897070045081,0.08250852491810637,0.16880388315120937,0.08048029087239292,0.10646197001329696,0.027714134181524835,0.1489258522633971,0.2927613102760518,0.21582215422452905,0.08054046806003506,0.01859211451054834,0.10512282130448142,0.043606868312723965,0.07349410013045277,0.08108137721521286,0.04083759278877925,0.07327228724780391,0.062469504755442426,0.01596021290108397,0.27028034336772,0.10078067383550787,0.07353768853096643,0.07063224140220167,0.05179697702828122,0.12000511275276997,0.2673121633650943,0.15420923385088864,0.12041548122291935,0.3026657395020382,0.11979204183428996,0.08171271150904802,0.10178633300633615
https://ge.globo.com/futebol/times/fluminense/noticia/2026/09/10/cano-tem-suspeita-de-lesao-e-vira-duvida-no-fluminense.ghtml,0.10432723001112996,0.228475890476657,0.11552336411492864,0.1471055773116752,0.07150096526954676,0.1449732186715471,0.20865446002225993,0.0999800059980007,0.9999999999999966,0.06482712600161558,0.11053129134047522,0.19834138398413068,0.12103138438909845,0.13260093954875915,0.1978484305985594,0.162956029005504,0.15128842294744121,0.11881712306823132,0.0657429851673827,0.14135396420670668,0.10338330810904554,0.06802338851829062,0.1259923216727733,0.27744533433668783,0.1290303455866504,0.03264312746186866,0.11815768250407015,0.15831602210188545,0.08406032989238582,0.2489898415063753,0.29860502175347514,0.177215139227804,0.07132755515482112,0.15426026045069394,0.25040950068395346,0.03607268384170784,0.20930256881628903,0.1255637402501549,0.164871990645834,0.24691567102505046,0.1463045622888881,0.1441481478361417,0.05921319178954029,0.13571882129149854,0.08919868493127353,0.11881712306823133,0.17481032671520655,0.07539598763914418,0.05068146050414119,0.20227698050837617,0.08251861584979268,0.1194780272116619,0.13026902193698864,0.08131433980500301,0.1914312554714545,0.05704312590430687,0.0726329770471113,0.13872446115445694,0.04221250925113624,0.06306050404899895,0.1955071680215659,0.09341283870819594,0.18242085405488656,0.1003228867724063,0.08291362666681448,0.13001543295183135,0.08734561231058906,0.19853650308118062,0.13749450457329612,0.25446826592063637,0.10197269058387047,0.10309475579057814,0.2055335272429792,0.11035936761621028,0.1301009975763953,0.10329814408858425,0.16539929644709803,0.05942698122036377,0.042678959977631985,0.11601622105405798,0.10400140402843167,0.22092807986060067,0.12297585652319862,0.05440521243644774,0.1074959434065326,0.11950108793736958,0.07523735786148489,0.056979146283063414,0.16524725894272874,0.06459519431927364,0.14669737293161467,0.05018594337134189,0.16397419586844006,0.09350491644243687,0.08428419268529551,0.02468023809658521,0.1240681420482926,0.03478264964829261,0.23142354633845383,0.0625860788346011
https://ge.globo.com/futebol/futebol-internacional/noticia/2026/09/10/haaland-se-rende-a-jovem-de-18-anos-apontado-como-novo-rodri-do-city-uma-joia.ghtml,0.08334490981923114,0.07985458194812739,0.08794624977975055,0.06043868462871548,0.051408604940132524,0.08599350359017341,0.045839700400577124,0.04313088035290418,0.06482712600161558,0.9999999999999989,0.11636837859140595,0.062002530857179244,0.04580029905860911,0.13559322033898305,0.05204319203000334,0.08368860162712033,0.0902037660515163,0.05209056863701947,0.05817681807513599,0.0723484423375789,0.07951768258750326,0.07965058819197936,0.03977009615664752,0.0729808205656692,0.08524972118740803,0.06860502374404127,0.10855284474106663,0.10145531602725924,0.09065802694307323,0.07751452654640018,0.10370838454736307,0.16256552851021228,0.09402052824331171,0.19829695525765134,0.0776653351704516,0.06961758350772865,0.07934759734867142,0.08693561715113426,0.09676865543833982,0.0739709721481954,0.0814387934696855,0.09832639063875578,0.062441569000266595,0.07074601789359186,0.07146261894645094,0.12501736472884672,0.09426538849873188,0.12013907304116289,0.08745492610425587,0.04230850398472532,0.12311017523826835,0.2524247689993189,0.07947108781852114,0.09566892062149211,0.08258249730161694,0.06996426994350677,0.07358626702418486,0.03878845624667848,0.17906763356705296,0.05829426368048583,0.056227217218090035,0.09686980011487589,0.11398349585419815,0.11768795790739103,0.11234986570759793,0.18963090807899532,0.13416529337068217,0.07635257046229534,0.06370811252427237,0.060214876622471915,0.08117297342946356,0.05929942402156179,0.09109535715575678,0.08401497467001406,0.07195503489959057,0.08082379523201207,0.05807756651655489,0.023737505491672535,0.043836886566586825,0.0762648750563183,0.11450098373029517,0.06353818768694598,0.09558770557349304,0.16248558255167672,0.11138665251276375,0.07057738737220479,0.05644699870956949,0.120626635934693,0.1083280573380825,0.07740568753796911,0.04718582744053635,0.23870477411094862,0.08524794624001718,0.04832103389192103,0.08623794941923636,0.3056064019239546,0.03568158877952083,0.13092653111014674,0.06130217694776559,0.07499812507030955
https://ge.globo.com/futebol/futebol-internacional/futebol-espanhol/noticia/2026/09/10/capitao-do-barcelona-raphinha-revela-conexao-especial-com-lamine-yamal-sei-quando-ele-sai-da-partida.ghtml,0.10048811868020047,0.14671217600833739,0.04909069812307294,0.06882196282579776,0.09391339001753413,0.2269123770741803,0.10048811868020047,0.0770406936505641,0.11053129134047522,0.11636837859140595,1.0000000000000002,0.11905557670541268,0.0858992702909896,0.5534593615932722,0.05112796144053308,0.033634168144265855,0.11017944281667474,0.12281881172024502,0.03166186284820281,0.08538365545542344,0.11347366660796447,0.04680015218685434,0.07399753787648487,0.15643064997224218,0.0940513874494936,0.05562797918184785,0.09273377084275886,0.12597015768009426,0.04588130855053184,0.19037839387622166,0.09993462692077591,0.37964665342205695,0.0515270928797895,0.16809466395121236,0.13242064423104152,0.031087859092066655,0.09530205292067256,0.07390970397195584,0.49586022291624265,0.10305944295564208,0.05454996299316613,0.056961508360712336,0.01901140684410646,0.062094155900817856,0.17428732120600915,0.122818811720245,0.10874381871265698,0.07262150977347885,0.06508859502270191,0.06022124543120139,0.14306766154453993,0.07790124558910932,0.12927756653992392,0.056961508360712336,0.07375473006179913,0.0387840073075282,0.025440063457773436,0.10392633597185963,0.0365932276268452,0.08677136645962127,0.09101782879466014,0.0795935906117889,0.12968923456643186,0.33058018245056275,0.036859619587088506,0.1610113216407741,0.21797681746267258,0.13341670364361047,0.11183389790727262,0.09307752630814513,0.07717303263478882,0.05958059877992361,0.1681390323532141,0.0468963005207404,0.16001562836005187,0.09657052236445715,0.055574235907441816,0.05724014277999022,0.023490530132503133,0.156445757300474,0.050087141342684854,0.10833363080597769,0.06722866165441774,0.08062025968383744,0.1705368451185383,0.17676623924708607,0.03150813798819864,0.04573532091748035,0.12405613889691271,0.0663660502540789,0.0780863411091778,0.026028780369725932,0.06560590885123667,0.033774019758482814,0.07806023078060495,0.0924468076843129,0.08365181292434887,0.031531945155497884,0.14078365252567912,0.07702826443869773
https://ge.globo.com/futebol/times/corinthians/noticia/2026/09/10/analise-corinthians-volta-vivo-com-empate-em-jogo-que-pareceu-mais-dificil-do-que-foi.ghtml,0.08536867506397615,0.5853528074334035,0.0667272176933783,0.07959374391992256,0.0547084663951654,0.14998018203794675,0.15041147511271988,0.09817372485431253,0.19834138398413068,0.062002530857179244,0.11905557670541268,1.0000000000000053,0.07148558203021543,0.062002530857179244,0.12861346075504707,0.14694979256736132,0.20186941136136072,0.29472518772087003,0.019508453022180027,0.07561754433764878,0.06576588234615276,0.04498401678393717,0.4289111866175198,0.1851024858225953,0.1027291043522646,0.021134098610290405,0.05064495846486348,0.15207634347839236,0.07861110510609637,0.12782691807010174,0.11714212831345708,0.16715582075001345,0.037520850710535195,0.11147387865770808,0.533785041555339,0.04926978345058587,0.12010980386076742,0.07175914168134828,0.06371895440602461,0.19627292354574905,0.4501830701325196,0.09073327328891222,0.030456077761849755,0.026177420415613963,0.11082459978538667,0.09553161257159236,0.12516301094534638,0.0671735720836873,0.06161483437952955,0.4720510165739324,0.07668702460044644,0.06832893173078175,0.07752456157561756,0.046662826262869134,0.08439594083420875,0.021181220404821968,0.041680963001507206,0.10810968751610264,0.020724940088091424,0.09477738714493601,0.49822097010192795,0.04913850149510725,0.10357577372881548,0.07777137710478191,0.024603637735796453,0.08076861409959331,0.06126256391119054,0.2396391151106223,0.1307244239198823,0.1265169288233371,0.03831520743224889,0.10123220225761093,0.15995540106563452,0.05008492663078959,0.18250076834065102,0.11080797552386636,0.08093577542594353,0.1528301976721931,0.02993421700446249,0.16739298052253962,0.03875183036324216,0.1887631022287394,0.08858410538371127,0.020547040315560115,0.08204818104375325,0.12572371141874245,0.05506441332742107,0.06660682962831292,0.14998992870035197,0.08759131023990412,0.12725963485236236,0.032491821664432936,0.09023736480867393,0.08812659668346869,0.2501033698617669,0.0807811815321532,0.10442286380063184,0.04161652501556107,0.4784053694957863,0.03170316820900608
https://ge.globo.com/sc/futebol/noticia/2026/09/10/operario-pr-supera-a-chapecoense-nos-penaltis-e-avanca-na-copa-do-brasil-sub-20.ghtml,0.4954753889564204,0.11344097343117637,0.14258994475124812,0.02613095680184698,0.46474130981272005,0.0788660431016177,0.10810372122685535,0.2719477271247843,0.12103138438909845,0.04580029905860911,0.0858992702909896,0.07148558203021543,1.0000000000000004,0.0824405383054964,0.10500525039378278,0.03618317055309052,0.10323538230534912,0.05855618233121332,0.05109208789784187,0.052133663315640885,0.0635279903284186,0.07854124694595524,0.05731597629668359,0.1630269837927112,0.06504375551371301,0.1600171354114478,0.05441547360749692,0.11233641457465829,0.07403771093856645,0.11171259804559236,0.07079813724684968,0.11397728160542929,0.12010294889761182,0.12593789663120722,0.11828959656127909,0.05016583000509552,0.07097858568858165,0.054212067368685016,0.10459598726238095,0.12153048499886862,0.03667755744285832,0.1436212474053565,0.11657758110920016,0.08437898497200588,0.11091305426493671,0.18918151214699688,0.07358739441818715,0.06334476545573685,0.02100642172566091,0.07431241088579342,0.0641292506488978,0.048568851517064034,0.0858992702909896,0.1034072981318567,0.06800941145350987,0.05215411992357574,0.05131512494001176,0.14374608119459562,0.039366485611624584,0.06300951515523691,0.08609830113044548,0.12006209250856362,0.19577508376004726,0.06565542738530585,0.06939286616401162,0.10392824499629925,0.061709586897043874,0.09688128876137693,0.11397728160542929,0.055072329930742,0.16415649524057133,0.04486718597123199,0.14878973100039894,0.0201801552846221,0.15866154256922038,0.10861146309327481,0.03587159428302036,0.08210419990401881,0.07581235734933252,0.08243371641182533,0.05051535976225221,0.10613811642535535,0.13948134368072926,0.05854285441882234,0.09336862984105809,0.07960297521679914,0.03559081770759506,0.46741351368092804,0.08687351899822976,0.10040016703031907,0.09600480036003,0.0240012000900075,0.18036580776586375,0.4450868569515652,0.1259641667797468,0.09376996260046817,0.5206648614244929,0.04134198447115166,0.09939109451516086,0.14591610494370263
https://ge.globo.com/futebol/futebol-internacional/futebol-espanhol/times/barcelona/noticia/2026/09/10/raphinha-tem-inicio-mais-goleador-no-barcelona-em-quase-70-anos.ghtml,0.07084317334634647,0.09126237936928842,0.080617395631438,0.07857029001733011,0.10749071942027706,0.20065150837707132,0.05000694589153868,0.06110208049994759,0.13260093954875915,0.13559322033898305,0.5534593615932722,0.062002530857179244,0.0824405383054964,0.9999999999999993,0.031225915218002002,0.0795041715457643,0.11938733742112449,0.050006945891538694,0.039996562426655995,0.07751618821883453,0.12273381442853765,0.06847155827029804,0.024303947651284595,0.11433661888621509,0.1730067871156221,0.0631888376589854,0.0833811705982106,0.12125147525209032,0.054394816165843934,0.26945525894701,0.0891528218038735,0.3558866975493836,0.0982941886180077,0.19269534635206806,0.06001412263171258,0.03958646905341433,0.06840310116264779,0.09863848869071004,0.5757734998581219,0.07101213326226757,0.04750596285731653,0.053149400345273386,0.06244156900026659,0.07074601789359185,0.23820872982150315,0.21669676553000095,0.19900470905287843,0.06006953652058147,0.05344467706371192,0.03437565948758932,0.14980876745861574,0.1361243518687427,0.24125151659193916,0.09035398058696475,0.07078499768710024,0.031363293422951306,0.03798000878667605,0.13853020088099458,0.07891116055497249,0.12306566776991452,0.06794122080519213,0.1175353574727161,0.10461498934563392,0.2847289304211074,0.11922842891418556,0.17360576091739008,0.23693019893120465,0.09793047081033533,0.06370811252427239,0.05789891982929993,0.09164690548487821,0.1126689056409674,0.15587427779985047,0.10735246763390684,0.1424709691011893,0.12888118699158677,0.030421582461052556,0.12818252965503169,0.043836886566586825,0.13584680869406696,0.09580694557024697,0.1213001764932605,0.062132008622770456,0.15044961347377472,0.2682372448266555,0.2577608930115305,0.02822349935478475,0.04551948525837472,0.10832805733808253,0.08979059754404417,0.11657675014720746,0.09159601797280588,0.09613066278129595,0.02311005968744049,0.027969064676509094,0.08872443926824487,0.09366417054624217,0.047074707814884216,0.18171716738087668,0.10499737509843339
https://ge.globo.com/futebol/times/flamengo/noticia/2026/09/09/escalacao-do-flamengo-jardim-avalia-desgaste-e-prepara-equipe-para-encarar-o-del-valle-na-altitude.ghtml,0.10236582945611514,0.2690165246814937,0.09201472353374235,0.054436771294461596,0.06888113717879554,0.06827887419989188,0.1501365498689689,0.0765182615190518,0.1978484305985594,0.05204319203000334,0.05112796144053308,0.12861346075504707,0.10500525039378278,0.031225915218002002,1.0000000000000022,0.10278795837878303,0.360610618425766,0.09895363514091132,0.041681437366789136,0.08744928320272985,0.04246311086195735,0.04347928542899485,0.13025706915050045,0.12748295776322788,0.057485293271767685,0.05913123959890826,0.04637450519811972,0.08509908910113788,0.39920298949271843,0.2720138285942589,0.11322368247291412,0.08993969586400749,0.06298790748253362,0.08439471999754501,0.16765526764779407,0.03353163211957543,0.11649942887846015,0.05749477225497526,0.035655939999636246,0.18897336222429112,0.2278340400431234,0.0478713553878169,0.06507195092431484,0.15580567569951959,0.04201041987635426,0.06824388630407677,0.09005000082086397,0.06957978583371571,0.035804610303946514,0.1342406497868865,0.04615131962188622,0.0930640013187293,0.04183196845134525,0.060927179584494236,0.045079742072485635,0.0316069770620507,0.023323890508917106,0.117967526404102,0.03976213862437721,0.0424285283506487,0.1496286028610814,0.08460612350518187,0.08438159256945181,0.07460470969529906,0.04130321216307024,0.08747731351357968,0.03739787960033829,0.13319152032030668,0.07195175669120599,0.09481676350792287,0.11577857248396796,0.04855513263619766,0.3746078190741381,0.042039888024232114,0.0730579603105527,0.07154547587901783,0.07699325898912829,0.09329556203566843,0.0179471038439145,0.08976707747765253,0.06888113717879553,0.5912032608447791,0.07826844525206783,0.07391404949863531,0.0558396897684506,0.050251890762960605,0.06162604003847434,0.14908776472757504,0.0887004094737865,0.05070461964467729,0.15454545454545457,0.027272727272727275,0.08613878274456854,0.15138251770487457,0.0916057224828689,0.03551714923678781,0.15703892805705671,0.03854537745477673,0.1398289635141202,0.032751696735365037
https://ge.globo.com/futebol/selecao-brasileira/noticia/2026/09/09/portuguesa-anuncia-a-contratacao-do-atacante-romarinho-ex-corinthians.ghtml,0.1069967907775219,0.12166730110553145,0.07719925708134913,0.07759016487165425,0.08307377714729611,0.03088028274939806,0.09876626841002022,0.04259284415143802,0.162956029005504,0.08368860162712033,0.033634168144265855,0.14694979256736132,0.03618317055309052,0.0795041715457643,0.10278795837878303,0.9999999999999989,0.17291712531127046,0.0493831342050101,0.053860398104547555,0.07484811885651198,0.09218238948679251,0.07175725117587191,0.1396408322144929,0.16335962152524958,0.06437773853760875,0.03209173120443012,0.0807874277392784,0.0977460601037219,0.12732745004579155,0.16403051040640065,0.0898374335275108,0.09545479198066954,0.16037324660745386,0.1438250224010468,0.1464205887799525,0.048528803934048535,0.10267570606615924,0.09245507247354612,0.04300268164589756,0.10518943852361864,0.1340381419589974,0.09447549859466602,0.05045125221639878,0.07227258272770637,0.0796187428658033,0.06172891775626263,0.12929093727013055,0.09549105211188458,0.04318198477930305,0.1723454968864278,0.11132117146586426,0.1487824719679646,0.05045125221639878,0.05248638810814778,0.077668877974251,0.033354517532061034,0.11251868141005018,0.07660917923639858,0.0719324152795404,0.038378047894379555,0.1480688286717928,0.06377426514389929,0.09560027035516142,0.0524863881081478,0.1267981225348009,0.09495144870310791,0.08456913721991485,0.09506970424210884,0.06074395853315334,0.054889593319268466,0.06205964988966265,0.11126341728741623,0.0839617221800399,0.09679475143482977,0.07105743175917299,0.12080192673213627,0.10924395784111085,0.0375062271366834,0.0735930735930736,0.05648513160856339,0.11538024603791125,0.14260359207685425,0.07551623733107855,0.13074409009212268,0.07183487975633378,0.12727272727272726,0.08825951341676658,0.049446817643414874,0.10697671890015831,0.06726727939963124,0.09319441559676328,0.07674834225615801,0.1182165609358651,0.05809178640206307,0.11968737974625152,0.03894117607982903,0.061663837850555715,0.05810934291823573,0.17728828418485684,0.09381257713888912
https://ge.globo.com/futebol/times/flamengo/noticia/2026/09/10/olho-neles-del-valle-tem-cinco-remanescentes-de-time-campeao-contra-o-flamengo-saiba-quem-sao.ghtml,0.1722069903794189,0.2942773064827818,0.11624818269294088,0.09082052361992225,0.11119480204479439,0.11747405388015282,0.10958626660508478,0.09451791284188617,0.15128842294744121,0.0902037660515163,0.11017944281667474,0.20186941136136072,0.10323538230534912,0.11938733742112449,0.360610618425766,0.17291712531127046,1.0000000000000009,0.13306903802046008,0.04325550018993386,0.09491182468257854,0.16018629418055996,0.06649446248862169,0.15217193985390784,0.17364012689798272,0.12245214830160293,0.056519730525419046,0.10638334206391026,0.14873731596801662,0.4541026180996113,0.21262258173843712,0.1480949064920994,0.14029902992510287,0.09632971218384008,0.24270383245619828,0.207773497034542,0.08717795876056003,0.15075655717923467,0.1025836693456624,0.08785378255526309,0.207489964420893,0.23795556594670186,0.11980049861514996,0.03554175574731443,0.12524938726860627,0.0848992388463869,0.11480466025294593,0.14755367353023507,0.14493900218963646,0.05171522866303284,0.21854424446758652,0.18016703975634238,0.1638406062777906,0.0817460382188232,0.05990024930757495,0.0984887134400351,0.0271899600710023,0.12187277120682631,0.13183957907699562,0.08741393489192117,0.032443750616221366,0.20536249870461185,0.058226058514915226,0.12318204605005148,0.052293868443121005,0.1148482072759162,0.1571941520992034,0.08221629735166397,0.16628136053252396,0.11829133895645928,0.11890553220858201,0.09509014516392929,0.10395999794827519,0.3979890588984966,0.0876724627602986,0.09911551110983695,0.14224224914616534,0.07619027629495907,0.12484527782162697,0.10704393471650075,0.09848640302086405,0.11412098104597317,0.3869756795675474,0.0598493989207297,0.14695129936608953,0.12240334308021386,0.1344910974643215,0.12664435042950223,0.09975235156471564,0.15534431546791708,0.06978998748776567,0.13555483487811928,0.08689412492187135,0.1271926001497786,0.10260316095459122,0.09631598902511475,0.09629042600268585,0.11449744864588239,0.09947619525836675,0.21932877071788182,0.08139359878724518
https://ge.globo.com/futebol/times/atletico-mg/noticia/2026/09/10/analise-atletico-mg-desmorona-no-2o-tempo-e-se-complica-por-vaga-na-semi-da-sul-americana.ghtml,0.06967213114754099,0.2872121804332074,0.10331047730880574,0.08618746247874215,0.05975132965865858,0.15889289632029133,0.2336065573770492,0.10957963734759987,0.11881712306823132,0.05209056863701947,0.12281881172024502,0.29472518772087003,0.05855618233121332,0.050006945891538694,0.09895363514091132,0.0493831342050101,0.13306903802046008,0.9999999999999969,0.05006325759863393,0.07792894822636424,0.06290261428697577,0.08657963874102675,0.11299222687017682,0.20814588447157978,0.09863592685747485,0.055042113877703705,0.10056956306693488,0.14601695582442073,0.07132755515482112,0.12524026774149277,0.11988777624696613,0.18364400461269575,0.03362413195695433,0.12780912366611594,0.3558684557006666,0.038932102181159486,0.08879955943785718,0.08714276901310429,0.05234298484683007,0.11930709266474401,0.14683644248297115,0.10454167469786334,0.036287376190072385,0.057580619321918304,0.11172930540700574,0.10450819672131148,0.07983117897280233,0.07348550596834308,0.07167440880583283,0.12222685374517009,0.1166989456830323,0.06498747941858227,0.08374009890016706,0.06533854668616457,0.08895239411780449,0.016608768707593754,0.04902475830742564,0.2615813525300434,0.02089412607966482,0.11147627509522226,0.12441999985076425,0.05843136881193703,0.12131298585276297,0.07840625602339749,0.022549533718797806,0.12082858679316176,0.10106619508097786,0.225271372727486,0.1015443319623141,0.1457711282464921,0.06437998304258252,0.06123516077640266,0.10551657529259088,0.06426482358378464,0.21795808975864883,0.088081045439116,0.07343683793658441,0.25679635303889625,0.03448980801619753,0.38674046699339176,0.04136630514830209,0.17042153828067697,0.07755629860277466,0.03847029464570689,0.08271797322687552,0.16296434287653336,0.06707932749261018,0.0537204542972992,0.09966400775752624,0.16443251976679618,0.22383994707737176,0.07643315266056597,0.09275781267054815,0.053720842898717015,0.0916891141455478,0.13573438448417532,0.08114971772869632,0.0303821174184009,0.15718163951023245,0.03442058725141735
https://ge.globo.com/futebol/times/fluminense/noticia/2026/09/10/governo-multa-concessionaria-por-gestao-do-maracana-fla-flu-recorre.ghtml,0.053639204569964904,0.048945614946655794,0.04192632575774916,0.04149033825207451,0.04812451482785973,0.040250028603618454,0.02503162879931696,0.0400952027133045,0.0657429851673827,0.05817681807513599,0.03166186284820281,0.019508453022180027,0.05109208789784187,0.039996562426655995,0.041681437366789136,0.053860398104547555,0.04325550018993386,0.05006325759863393,0.9999999999999968,0.054691974598273616,0.04895102696932471,0.057556894515898786,0.04739866711361839,0.050100344668072366,0.034425163965656265,0.05267362699149563,0.06480004989605763,0.04883832626623082,0.05877797919043891,0.08235294539182997,0.045277141040264805,0.05278332646320719,0.051341674180589617,0.08267671555129061,0.053013267527180524,0.11947881997151168,0.03521835173321318,0.07029629929413105,0.03736708372191343,0.05078007031617688,0.06114787490978325,0.043327532713087175,0.03409739075960304,0.09001490797589093,0.03301988834248543,0.08939867428327485,0.07639600747979387,0.09806341463334037,0.0354382838452707,0.05218882354841674,0.05854848656459813,0.05783766625650319,0.03409739075960304,0.059290307923171935,0.10460980571192062,0.05175595208006956,0.0875881832573165,0.03803964251034995,0.03906594427940833,0.027790432167340864,0.054280157239999884,0.07647477633816002,0.09513042691700575,0.06189647530441027,0.05705798888439341,0.0389620394692139,0.04164215847881221,0.04415394467867603,0.024506544429346196,0.039746824122741574,0.06291435910100673,0.020354125639250223,0.08511807509977413,0.05807566380351648,0.03828202144585869,0.07685344803140057,0.03085136991042061,0.05296029685326113,0.03573594667889028,0.03885708078778914,0.05414007918134219,0.07187074138014968,0.08817642481277849,0.05938693239237252,0.039012973483140125,0.044763975313557296,0.10292995297307826,0.11718191246420083,0.04497928056861788,0.06376554708258188,0.04049053915630943,0.07383568904974075,0.07003910138011821,0.10997151335391349,0.048000960028800964,0.04568109422482513,0.06315098451978,0.12875965699800762,0.03945291940464324,0.08580866147110336
https://ge.globo.com/futebol/times/palmeiras/noticia/2026/09/09/leila-defende-paulinho-e-reforca-apoio-a-abel-no-palmeiras-incontestavel.ghtml,0.03727036654304376,0.08533192071728724,0.07746425074324423,0.0909093653131094,0.030398700179369905,0.07415520527638439,0.13552860561106822,0.03799026494934771,0.14135396420670668,0.0723484423375789,0.08538365545542344,0.07561754433764878,0.052133663315640885,0.07751618821883453,0.08744928320272985,0.07484811885651198,0.09491182468257854,0.07792894822636424,0.054691974598273616,0.9999999999999984,0.3274791824811715,0.07612211173420037,0.06287443185348211,0.11274161104278659,0.0998923025112875,0.0601835875492605,0.4285078859846152,0.32593264367198166,0.0917283686042185,0.11104203736822199,0.08136237111941658,0.0625153516364368,0.08339368045785699,0.14665286407246222,0.08180338846774468,0.057713047214362705,0.35594070721885435,0.07068375858817136,0.04720715746238632,0.2429766751205513,0.04966088876423267,0.08642716314028857,0.05538399272784223,0.06942149139657092,0.05214398988072495,0.09317591635760943,0.34489481779677306,0.11435720989125937,0.04740399149524671,0.0859982415689331,0.1290391602824468,0.11712429549651777,0.08769132181908353,0.07346308866924528,0.05755235715967977,0.06473127214491414,0.10228992054122056,0.040547945881828085,0.059224065653269195,0.026331476327561446,0.08381271673574209,0.07666054346628516,0.12822195068490985,0.03395352837654195,0.10253238522306687,0.05863223287455784,0.07427013245495193,0.30229832620857605,0.10538302132999347,0.0847353953478906,0.06599839105987632,0.02892834704103551,0.16294491692070373,0.06641162971740613,0.04212263957575663,0.09057943036160698,0.10568390877545067,0.027019979010888456,0.0819765111285607,0.08526075119264676,0.07789666920963537,0.14558804870858685,0.08937617636002143,0.07584110626126324,0.11828752359699699,0.07235318156129493,0.10708768597548979,0.061066521186834734,0.4801620797454742,0.05286570789840689,0.1308918303421505,0.054162136693303664,0.14157259525977148,0.07857567257870049,0.0739065956051933,0.05931361133418048,0.08703367698935628,0.06937253133641584,0.08188372500813208,0.08130383596126313
https://ge.globo.com/futebol/times/palmeiras/noticia/2026/09/10/abel-critica-regra-do-limite-de-jogos-para-mudar-de-clube-no-brasileirao-voces-acham-justo.ghtml,0.08160339150742803,0.09494013696015635,0.09168969700224477,0.06903843234605306,0.04575855076626456,0.1700942264078728,0.04420183706652353,0.06745013052122906,0.10338330810904554,0.07951768258750326,0.11347366660796447,0.06576588234615276,0.0635279903284186,0.12273381442853765,0.04246311086195735,0.09218238948679251,0.16018629418055996,0.06290261428697577,0.04895102696932471,0.3274791824811715,0.9999999999999993,0.12655665633172697,0.028843768437003765,0.10122913951114024,0.09001494251180968,0.12962921057352617,0.4762268852012919,0.29073768303385794,0.12985800369852837,0.15811424154452058,0.0816487583868934,0.10575395884203886,0.08717418513282642,0.2513757359546504,0.06624914195236825,0.045664689269065376,0.2835224059428764,0.07502482120070267,0.1361983003279072,0.1569215380105882,0.05260433948618057,0.14310677363453003,0.027789469373379044,0.1293794319673949,0.07774376096581549,0.09520395675866601,0.28842401038445253,0.1757258451893942,0.06540991699249248,0.12729389627730098,0.19484515667701027,0.1552776586994903,0.053263149632309846,0.0845630935113132,0.0609635431341336,0.05314837061148922,0.13170184913998256,0.03164829929757838,0.06933794972783434,0.031708992533914016,0.15674622217221804,0.12751474074302196,0.14268720036918645,0.04646323819302924,0.08792699223537456,0.12203564046752713,0.11179733364597942,0.23564756735237113,0.11292371876353305,0.09448183924159607,0.14528024226772432,0.07983297266745487,0.13213613450354275,0.06664539189643036,0.06692893605318558,0.09980985492992496,0.09477336225508283,0.030988670385878263,0.10193713969703506,0.11861846550090643,0.1182095894795168,0.13903112460863545,0.07799197513610143,0.07365296055313987,0.15579884728268534,0.06760041895698118,0.09786956804312975,0.07613758285564226,0.39774190589616465,0.05810434122153433,0.05888218039524752,0.14041135325020565,0.13911110563153506,0.07542389221387459,0.05895304918837772,0.10295764620236153,0.11645336890189742,0.06601585098848646,0.08931733411766077,0.08566951805048638
https://ge.globo.com/sp/ribeirao-preto-e-regiao/futebol/noticia/2026/09/09/pai-de-jair-cunha-se-emociona-com-filho-na-selecao-brasileira-ficha-nao-cai.ghtml,0.08795391872104308,0.08728023760224524,0.2126889296013603,0.09168514373007257,0.08014429478214657,0.07906161210602161,0.05497119920065191,0.10904883708873635,0.06802338851829062,0.07965058819197936,0.04680015218685434,0.04498401678393717,0.07854124694595524,0.06847155827029804,0.04347928542899485,0.07175725117587191,0.06649446248862169,0.08657963874102675,0.057556894515898786,0.07612211173420037,0.12655665633172697,1.0000000000000016,0.026230874600475025,0.14119726670701166,0.07607255662623326,0.2822128590933556,0.19403936964298193,0.17137062497909142,0.07839744174020698,0.1448561372103415,0.14520464662303906,0.049264240058701295,0.06201243961057161,0.14630666134943668,0.06403145404890662,0.049518512242266846,0.06316259398868854,0.07057168745618377,0.05584687673507086,0.06635235856907783,0.0917614095429356,0.20332111972585268,0.11044835916097626,0.2429612868765865,0.04350838391405632,0.07695967888091268,0.08980680268122043,0.10049857270113134,0.0608865691799873,0.10638824669503474,0.11250448285595224,0.0976276314839599,0.04118413392443181,0.6239855053655476,0.08299937568331367,0.06205818162432286,0.09080697363869027,0.0767502644005478,0.10209192411618825,0.01922436287942267,0.06489941303639549,0.2606781900416305,0.1884631008379797,0.03505536546997459,0.12400707399018264,0.11274229736018077,0.07154545558962085,0.07882327176718157,0.10722216953952642,0.07943098108416957,0.25387692296421926,0.04106727669770766,0.09479778895997375,0.08004121526067001,0.09871443254676768,0.11237979836621874,0.08573202941777147,0.03131274953058284,0.06650030969778603,0.08331181282351707,0.07243811259155558,0.07238554843470063,0.06304609142430558,0.08335400901491516,0.14543366102228705,0.08702866616971133,0.05894803606321277,0.08856772484817121,0.08873523848527054,0.055138222074910676,0.08421251072563209,0.07872039046091697,0.10766751925205656,0.0928408942418436,0.26441206888454755,0.08582836023004059,0.08384075625043835,0.04269199614047877,0.0808652667028663,0.13355812107799647
https://ge.globo.com/futebol/times/corinthians/noticia/2026/09/10/estudiantes-alega-ato-obsceno-e-pede-suspensao-de-memphis-no-jogo-de-volta-contra-o-corinthians.ghtml,0.07822538783319935,0.41162717050924097,0.038214855150199255,0.06618055997310482,0.043864358015688124,0.08967921088491752,0.13906735614790994,0.04872777302293125,0.1259923216727733,0.03977009615664752,0.07399753787648487,0.4289111866175198,0.05731597629668359,0.024303947651284595,0.13025706915050045,0.1396408322144929,0.15217193985390784,0.11299222687017682,0.04739866711361839,0.06287443185348211,0.028843768437003765,0.026230874600475025,1.0000000000000027,0.1090892805336934,0.0732146880259661,0.02635885205933399,0.018047245994563418,0.10322314266294746,0.0525242539469086,0.08468619484074004,0.10246107499631708,0.09851249777441975,0.044568307371148023,0.08996211130650021,0.3460656772467968,0.051248056918416496,0.14266975709193952,0.05056133476413418,0.025229047241355967,0.24376679286758335,0.34325585829181826,0.047113289615263926,0.04143862121083153,0.050881526475204664,0.08216917209308798,0.06084196831471061,0.08192135937979991,0.03666973746133794,0.0405347868467727,0.38606626734382593,0.04485800857096109,0.04686014756220463,0.04439852272589093,0.024942329796316193,0.07381886386816838,0.05535121064599868,0.05446078457545552,0.09823799978428023,0.015825637790011154,0.03715113921723635,0.43244885272067873,0.04714344540876165,0.06839030450527915,0.03959099967669237,0.023911268279390357,0.05849196417391688,0.02976928893389828,0.14886425098141362,0.07789360289140168,0.11593053092664296,0.03549925573124663,0.07420921809435105,0.1266663085611894,0.0389403918325454,0.07503904922568314,0.09340013563420861,0.09517638176412409,0.08416666707115854,0.01600051202457731,0.12675669160864922,0.029242905343792085,0.2048081287620804,0.1096530855596081,0.025103668627937135,0.042671284078201165,0.06400204809830923,0.07113015354015043,0.05933808002104059,0.12390371063996455,0.0968679821604961,0.10999485839375589,0.0231568122934223,0.06809491817130547,0.07449265162369599,0.17014565841824275,0.04317935779887253,0.09302728087802932,0.041421665146611705,0.35846243697634866,0.04171336914755671
https://ge.globo.com/futebol/times/fluminense/noticia/2026/09/10/nonato-alcanca-estatistica-rara-no-fluminense-com-gol-na-libertadores.ghtml,0.20096844017945642,0.2383980366377416,0.18513487862289218,0.10409640923547514,0.15025559440596828,0.12566967156607664,0.12919399725822195,0.14031867648863428,0.27744533433668783,0.0729808205656692,0.15643064997224218,0.1851024858225953,0.1630269837927112,0.11433661888621509,0.12748295776322788,0.16335962152524958,0.17364012689798272,0.20814588447157978,0.050100344668072366,0.11274161104278659,0.10122913951114024,0.14119726670701166,0.1090892805336934,1.0000000000000022,0.1554666699006388,0.09121252637532663,0.11019234854687028,0.2187817855616521,0.13185545169826848,0.24794146106512505,0.3238174122564242,0.19170781566843073,0.06379297328523116,0.18909916026892845,0.180382348507203,0.06426316500651999,0.166510313511195,0.09982222077020962,0.09166808130846661,0.18685877318798394,0.09351059424651911,0.23800849710196792,0.08473326873496452,0.1316531775590071,0.14307136470961174,0.2225007730558267,0.15333786888421744,0.11776004158504817,0.0585774628298712,0.1882473459557891,0.11921842584623932,0.15326728348808283,0.18250242496761587,0.1281584215164442,0.2844714933028928,0.09141589903889838,0.10902461344948917,0.18451511116677338,0.06969868178387251,0.06321668573727944,0.16140466572754644,0.12309338609613207,0.22769438419895283,0.06974607973684036,0.10530911303340647,0.1257372966353859,0.06227667449090997,0.2172702019908659,0.16143816056288907,0.2632662173449272,0.13529811960372132,0.09872973317262058,0.1557356421084249,0.10450770075259819,0.21316229142669493,0.12791962503687898,0.13972408640417427,0.1144758441219636,0.08305258069140845,0.18882224701909772,0.09927601773251475,0.1956562115012428,0.10152506026017474,0.10365059815378026,0.15138908074079593,0.23607066875315486,0.07831719016029376,0.14634734894610218,0.1203732542901341,0.11732114415481718,0.1497924753717928,0.04461903521712975,0.20618199978992138,0.13267850138579865,0.18733728555454646,0.12451535899065125,0.17924693040888218,0.05912010342260829,0.24887572982530706,0.09472673695541607
https://ge.globo.com/futebol/times/botafogo/noticia/2026/09/10/medina-de-10-entenda-como-botafogo-pode-usar-o-jogador-como-opcao-a-montoro.ghtml,0.07890874148597987,0.15390853369523264,0.08962570128553096,0.07510353030312644,0.0663713159432764,0.08943463738138328,0.03452257440011619,0.042536634500882284,0.1290303455866504,0.08524972118740803,0.0940513874494936,0.1027291043522646,0.06504375551371301,0.1730067871156221,0.057485293271767685,0.06437773853760875,0.12245214830160293,0.09863592685747485,0.034425163965656265,0.0998923025112875,0.09001494251180968,0.07607255662623326,0.0732146880259661,0.1554666699006388,0.999999999999999,0.027776129196051186,0.17315343672221647,0.14349708542808315,0.07152717171726329,0.13541960625662486,0.09689638535853108,0.13519360008645429,0.06069281779244579,0.12463117285603989,0.13160462216547927,0.04684926859441272,0.1295244697772113,0.17213520431836213,0.11165942094843,0.07703712157713455,0.060237563498624414,0.2767624040378731,0.03358978123196199,0.040419234695762425,0.12360761465535318,0.12576080674328044,0.14564771238979138,0.09016330378792115,0.04599999748437521,0.09701199353361158,0.19309213795159635,0.13450954399397624,0.07725649683351259,0.09749584687697804,0.07911770615722674,0.022841485490635662,0.05337584064838724,0.08525185870940892,0.2514312019928506,0.05365836069718408,0.11922294703266163,0.0626710607957009,0.09978584082364286,0.049421857863905926,0.29577333920497684,0.082182656015942,0.09121413410580119,0.12571927088689225,0.10919483083905926,0.0794848757435044,0.05887886245544759,0.09474150785303956,0.09822536125370152,0.13533381636237438,0.07834387785402316,0.09823746818323037,0.062186879680288625,0.05056658587741949,0.07003731994750842,0.12974435319880182,0.12168074589600678,0.12304690433667159,0.039593703857315615,0.2029794056634509,0.10222961325587454,0.09442068318849284,0.047318893868258334,0.03770955706582659,0.13647378918704653,0.09893561935551876,0.11168571264229146,0.05912773022238961,0.14167266106770376,0.03232271129836646,0.02758371430728508,0.05133451689278345,0.05278496594226351,0.047006451513990716,0.12696090074117553,0.04437889245382501
https://ge.globo.com/futebol/futebol-internacional/noticia/2026/09/10/imprensa-internacional-repercute-revolucao-de-ancelotti-na-selecao-nova-era.ghtml,0.19531072666281962,0.05054980272248899,0.21442053231999503,0.041202096209968384,0.14735306664270253,0.046632137126854385,0.04971545769599044,0.13782687566212998,0.03264312746186866,0.06860502374404127,0.05562797918184785,0.021134098610290405,0.1600171354114478,0.0631888376589854,0.05913123959890826,0.03209173120443012,0.056519730525419046,0.055042113877703705,0.05267362699149563,0.0601835875492605,0.12962921057352617,0.2822128590933556,0.02635885205933399,0.09121252637532663,0.027776129196051186,0.9999999999999977,0.2051152119656824,0.17501826113196764,0.15622461479613012,0.17928872578240587,0.06976953820642977,0.05054460718590422,0.08011927448021527,0.10501462495582096,0.06166982585360915,0.03373347543405947,0.030310524825452073,0.047013508070985865,0.05978428427257326,0.027735009811261455,0.08096409047527364,0.2309845149654975,0.09674431162060497,0.3346911268452406,0.039036300338505525,0.09055315508912548,0.04908929136037086,0.02871524865670798,0.10350613731960094,0.03605304827502522,0.06066963965718175,0.04617392338167283,0.03627911685772686,0.2060744202143164,0.08712772736570379,0.09045765110882058,0.04450123667345043,0.05666305975798627,0.020690424004474867,0.033116839479652896,0.061888700418878284,0.2542455972936129,0.09446953598007507,0.05499631308702322,0.04689235458468572,0.04551924946659459,0.041352861709894204,0.0537481782016656,0.05241662967427104,0.059206041955948904,0.27668509675845393,0.035372262238146976,0.07590156429992154,0.027841751744488,0.12631145257401338,0.10424131074699161,0.04713390615779423,0.02831896879219572,0.02988436344962804,0.06905065822062216,0.039825153146676354,0.0738325244842279,0.07127289691420445,0.038461538461538464,0.04067903932186813,0.07060180864974624,0.03006319914713725,0.17843066538840732,0.0357334400926595,0.042215036342771406,0.06149648918286458,0.08751423460638422,0.07573497179756032,0.16112584665887236,0.23039285546669766,0.08064664555740218,0.18623641277839523,0.020057276357437086,0.03171619712013585,0.13634004925584747
https://ge.globo.com/futebol/times/palmeiras/noticia/2026/09/10/abel-diz-ficar-triste-sem-atletas-do-palmeiras-na-selecao-mas-valoriza-base-e-conversa-com-ancelotti.ghtml,0.06498340998171175,0.08640444583538967,0.16145033399218875,0.07629534518610787,0.031233435729471088,0.1122312536749981,0.049511169509875615,0.06672386612346988,0.11815768250407015,0.10855284474106663,0.09273377084275886,0.05064495846486348,0.05441547360749692,0.0833811705982106,0.04637450519811972,0.0807874277392784,0.10638334206391026,0.10056956306693488,0.06480004989605763,0.4285078859846152,0.4762268852012919,0.19403936964298193,0.018047245994563418,0.11019234854687028,0.17315343672221647,0.2051152119656824,0.9999999999999988,0.3895479553655351,0.12117496000146541,0.15212160682070208,0.0878185955495706,0.06035768603017345,0.08251016792974693,0.18302043251309047,0.06553580911208627,0.07196829832959811,0.347428955185029,0.07448687685799028,0.09161762059207541,0.2043329397301062,0.06551301008230884,0.23482776879424788,0.0526896425242948,0.14673142577328585,0.046262314327889686,0.10211678711411845,0.35387938669959784,0.14578382461636732,0.08117614201434314,0.07461487229650214,0.18724011339830698,0.14328000005661293,0.027398614112633304,0.17562749094695854,0.08760403071913982,0.04299556571378702,0.15335164810894328,0.07406466748406142,0.12620809940710168,0.03847755038933868,0.09046337971301298,0.1707187646615047,0.1043507894196711,0.073295582096644,0.16004365026897974,0.08329792507452928,0.1081052087599632,0.3204596069862505,0.11745279443709426,0.06535038740358509,0.17693969334979892,0.04843700450680208,0.13679153986362105,0.07278428287976993,0.07480374495607248,0.12652205444177198,0.1273253628884836,0.04230390292660504,0.08463444810781541,0.10618421289781227,0.08849473456683475,0.13296518704893612,0.0922740338187164,0.08714044952790431,0.10296770292624947,0.06607997294571745,0.0978029056826621,0.05070172301578985,0.5124841970736878,0.09196593109364792,0.08244356479665729,0.06595485183732583,0.15354123705432082,0.07176295784302694,0.1055748928100445,0.09516521282110907,0.08611160059741148,0.06881962807489118,0.08291291023092784,0.07982367605857497
https://ge.globo.com/futebol/times/palmeiras/noticia/2026/09/10/giay-exalta-abel-por-boa-fase-no-palmeiras-e-sonha-com-chance-na-argentina-todo-jogador-quer.ghtml,0.15088418768523473,0.21851366355133436,0.15978492423932214,0.07412031441225043,0.10917069601155768,0.0821766471324195,0.11681356465953657,0.10914739490074452,0.15831602210188545,0.10145531602725924,0.12597015768009426,0.15207634347839236,0.11233641457465829,0.12125147525209032,0.08509908910113788,0.0977460601037219,0.14873731596801662,0.14601695582442073,0.04883832626623082,0.32593264367198166,0.29073768303385794,0.17137062497909142,0.10322314266294746,0.2187817855616521,0.14349708542808315,0.17501826113196764,0.3895479553655351,1.0000000000000013,0.10353313759171491,0.2328040405934897,0.13175395267787138,0.15138460155877206,0.05989825936523574,0.11776554300239002,0.18554531959588047,0.03666988553198387,0.3547249299597731,0.0742012026570838,0.11584879532455075,0.24882084696099457,0.10700813703784226,0.22347750788791226,0.03315004149476165,0.17665610111360763,0.0963074280161019,0.14358333989401378,0.4098146781311436,0.10609503582039008,0.0595845990175248,0.1358918192646171,0.1749726546193004,0.11113837605035873,0.09945012448428496,0.1520888595348292,0.1515708223546825,0.067627370352987,0.06376698217913535,0.1553276053739444,0.04962791940549919,0.04539076601138524,0.18607036560882148,0.15839788893872564,0.10030319150501664,0.05764300798696151,0.09372975285408844,0.05615083657181018,0.07001556074266192,0.45170479599790825,0.07954106183596502,0.073034349750691,0.1712658356368958,0.06926014955242496,0.14422698140974838,0.08449846969908999,0.1479131567691954,0.1301189774373046,0.09367421535022959,0.07208441463728343,0.06400039649648456,0.09464255404414718,0.12554630041329135,0.1990201750705495,0.07815072785007549,0.059745189543041165,0.12744161300684317,0.18636915459776304,0.06592859267888983,0.13557214664117367,0.45916072556841786,0.09040778360914038,0.08104675152489323,0.06483740121991458,0.1652394039080409,0.13005204975498105,0.17422465815808302,0.09211358621012775,0.15367710220097358,0.054982006270585,0.20968369850758686,0.1255540010726989
https://ge.globo.com/futebol/futebol-internacional/noticia/2026/09/10/rival-do-flamengo-na-libertadores-e-destaque-em-jornal-espanhol-revoluciona-a-america-do-sul.ghtml,0.11095397468527729,0.19308900763526585,0.06736721129792644,0.0747126436781609,0.04888454378921459,0.06442594529042237,0.04358906148350179,0.05126654894969138,0.08406032989238582,0.09065802694307323,0.04588130855053184,0.07861110510609637,0.07403771093856645,0.054394816165843934,0.39920298949271843,0.12732745004579155,0.4541026180996113,0.07132755515482112,0.05877797919043891,0.0917283686042185,0.12985800369852837,0.07839744174020698,0.0525242539469086,0.13185545169826848,0.07152717171726329,0.15622461479613012,0.12117496000146541,0.10353313759171491,1.000000000000001,0.19304663743677866,0.07612502319926162,0.06475811254413427,0.10972346604618842,0.26100246664041454,0.09399360769292209,0.07528570293458081,0.10407143000274255,0.05246190849003229,0.029905689201351296,0.10972906346825795,0.16778733674351265,0.08844477175087205,0.06477361207133905,0.09742917832375235,0.04007540360552244,0.07529019710786676,0.12200611234936941,0.14071083685624186,0.07392094368818287,0.14080933947480243,0.1142448479027265,0.11184700384313238,0.010795602011889845,0.055593856529119565,0.0860067032562347,0.03441163563272295,0.13317504054493876,0.03161487387093395,0.0750367781444285,0.024636502337971655,0.11138869105037277,0.0663218524132208,0.112841396579747,0.05053986957192688,0.10683370879819273,0.10158896019610988,0.06786066062338086,0.11048405836248636,0.06058016979935141,0.05946069277396049,0.08216738178631001,0.05920733617095226,0.3349413182242105,0.05326000336569943,0.05884307870851184,0.08100985791765382,0.03944719464288401,0.03160085707846004,0.10212722555756196,0.033993946896856926,0.09999111229612076,0.3432874314575698,0.05453672260812676,0.09442147048117752,0.07133238748131658,0.04668673168345691,0.0760403800067759,0.080076451305938,0.09304071523027205,0.05005155020148198,0.05014781355611006,0.09237755128757116,0.08968610399049873,0.0938948965408877,0.05319167748334778,0.10686644267825829,0.08270362697123888,0.09652115126036133,0.09160228144000822,0.09271062448380882
https://ge.globo.com/futebol/times/flamengo/noticia/2026/09/10/samuel-lino-coroa-auge-pelo-flamengo-com-convocacao-e-esta-a-dois-gols-de-ano-mais-artilheiro.ghtml,0.14520610752636837,0.2067002216538097,0.16811935781728188,0.11582798246206724,0.13434851809621295,0.14074053582838797,0.15972671827900525,0.10019195755428728,0.2489898415063753,0.07751452654640018,0.19037839387622166,0.12782691807010174,0.11171259804559236,0.26945525894701,0.2720138285942589,0.16403051040640065,0.21262258173843712,0.12524026774149277,0.08235294539182997,0.11104203736822199,0.15811424154452058,0.1448561372103415,0.08468619484074004,0.24794146106512505,0.13541960625662486,0.17928872578240587,0.15212160682070208,0.2328040405934897,0.19304663743677866,0.9999999999999996,0.1537398860814827,0.1856283403558985,0.12657698013194837,0.17957108614855083,0.13684859972688848,0.0570776143362613,0.11440706050002694,0.13981103085920615,0.19177496612700562,0.13918450347582773,0.15075303778256355,0.15278760239936137,0.05933872016921192,0.40376940663348326,0.11173472592499047,0.19965839784875652,0.1938851261923081,0.07912940876815419,0.057137514896598074,0.12438764721031217,0.17313962097561844,0.1565717175123557,0.22252020063454472,0.13426789301762054,0.1610061191505597,0.0777599262280513,0.07237339231679642,0.14481098813403703,0.08460399442733335,0.09309858126879206,0.10000166601414458,0.15864341857857858,0.17274227717496743,0.07937018306460332,0.10785643078768992,0.13494430985788708,0.0969801252553004,0.15905023785261183,0.137785984594069,0.11701303755789338,0.25547216627692365,0.08523348110288936,0.42322447781558764,0.13417572250303833,0.1704927434441165,0.15032818496016806,0.10600286408715032,0.095119315616361,0.0458243965579786,0.14740382066882413,0.13231293448869455,0.2591344625307762,0.102003232036994,0.12057428926886941,0.20396239548470946,0.20315482474037178,0.06966013915995797,0.10507974815779043,0.14002735962488466,0.11328123138200048,0.14265614121832243,0.07253702095846903,0.167481846062074,0.10614808964187487,0.14618573665642232,0.06526647436387342,0.13015918207166918,0.06151127075036326,0.2231410820545443,0.10017579327786744
https://ge.globo.com/futebol/times/fluminense/noticia/2026/09/10/millan-cresce-ao-lado-de-thiago-silva-e-acirra-disputa-por-vaga-na-defesa-do-fluminense.ghtml,0.1359921043995437,0.17634181961870907,0.14266083091043708,0.11159236355346308,0.09632419486019037,0.11413080805003462,0.132413364810082,0.10803292463354885,0.29860502175347514,0.10370838454736307,0.09993462692077591,0.11714212831345708,0.07079813724684968,0.0891528218038735,0.11322368247291412,0.0898374335275108,0.1480949064920994,0.11988777624696613,0.045277141040264805,0.08136237111941658,0.0816487583868934,0.14520464662303906,0.10246107499631708,0.3238174122564242,0.09689638535853108,0.06976953820642977,0.0878185955495706,0.13175395267787138,0.07612502319926162,0.1537398860814827,1.0000000000000007,0.12074182249459639,0.047711642835569654,0.16644467097285107,0.1758383281513414,0.041029651204030015,0.16448065821182456,0.13783091626181898,0.09141309310574841,0.15245918028407654,0.09033640329828042,0.1255197527616005,0.05362345834773344,0.12570028559137328,0.10857864662981374,0.15746454193631376,0.10119132604141236,0.06794307468886208,0.05841452103209845,0.11354256554886867,0.14393794995474782,0.10895592338143475,0.09993462692077594,0.12323757543866232,0.26341732314217076,0.06629935441317959,0.06319428207705222,0.11420804814403218,0.09122505614997022,0.041718202452186076,0.11669287887131166,0.1197931287711754,0.1662730295876014,0.07498582632511204,0.07285497508434784,0.11927107455535577,0.061286292230682514,0.17247740659789618,0.11319545858868413,0.31225623403897396,0.114683502846934,0.05601755800621135,0.16689217496864261,0.09419613214487094,0.13965311899896402,0.10692847761155266,0.1353770306706902,0.048924605479008156,0.05270462766947298,0.15964311739932874,0.08829717862184115,0.15377468433818062,0.05540983059120062,0.0852738800300808,0.08394339701512576,0.0869626356546304,0.06059431506566241,0.0625458267200762,0.11553697775026703,0.06647431715804954,0.09296260245144523,0.04767312946227961,0.130841756398297,0.06675612487505048,0.15612494995995999,0.07280818710894911,0.099588354618333,0.0404267329306281,0.17485651842639174,0.051525403992954466
https://ge.globo.com/futebol/futebol-internacional/futebol-espanhol/noticia/2026/09/10/gabriel-jesus-alcanca-rivaldo-em-lista-de-brasileiros-com-mais-gols-na-champions-league.ghtml,0.16852038070341493,0.23184440032356432,0.10892360809955064,0.05640222705456854,0.12599555407556018,0.19454628376577124,0.10370484966363998,0.1304409220967607,0.177215139227804,0.16256552851021228,0.37964665342205695,0.16715582075001345,0.11397728160542929,0.3558866975493836,0.08993969586400749,0.09545479198066954,0.14029902992510287,0.18364400461269575,0.05278332646320719,0.0625153516364368,0.10575395884203886,0.049264240058701295,0.09851249777441975,0.19170781566843073,0.13519360008645429,0.05054460718590422,0.06035768603017345,0.15138460155877206,0.06475811254413427,0.1856283403558985,0.12074182249459639,0.9999999999999994,0.07090203950988226,0.2416266616703642,0.23976433335403946,0.04104738600516391,0.10497267059877724,0.08667685429975067,0.3010195489488077,0.1441975610543312,0.15481445379387573,0.08542181726049287,0.04708795701358846,0.11382961177795255,0.1557998060293622,0.12314950897557243,0.15204653491234718,0.10634258267914419,0.0352653786478225,0.09870722132459456,0.11996351960056961,0.13292573601912872,0.1383208737274161,0.06613301981457513,0.1100959188675014,0.04252711968595686,0.03692028768977851,0.14938828532832804,0.06608807722031576,0.12424925095012868,0.10931672224445703,0.06830241437020748,0.14571369162656805,0.36609350254496964,0.08558895375712773,0.20216798165909325,0.2545537604546948,0.18243595534279186,0.09794988610478357,0.08645133275120626,0.11946513457398704,0.13219884906853152,0.15742863567032017,0.06775650099557008,0.22233927819853624,0.13590251856201602,0.0659562098882418,0.06891787035425322,0.07045472741430368,0.13591769896067404,0.0678437598868401,0.1257766930487055,0.06938072223390936,0.10296123686017528,0.19092413444220782,0.1877277575619834,0.056091388259438935,0.09439871384516534,0.09964389470774912,0.07063082578417115,0.10936667017063308,0.09209824856474365,0.09967831222309446,0.11763617127699585,0.07491988985209488,0.11448735335522726,0.11099519479251402,0.041185103159922375,0.17934269699775687,0.06480490815499662
https://ge.globo.com/sc/futebol/times/avai/noticia/2026/09/10/avai-anuncia-a-contratacao-de-rildo-ex-gremio.ghtml,0.11768446184934016,0.05062516899054785,0.05913411137179545,0.12191496227354268,0.06599076732544104,0.063077570029677,0.09246636288162441,0.0725018488207177,0.07132755515482112,0.09402052824331171,0.0515270928797895,0.037520850710535195,0.12010294889761182,0.0982941886180077,0.06298790748253362,0.16037324660745386,0.09632971218384008,0.03362413195695433,0.051341674180589617,0.08339368045785699,0.08717418513282642,0.06201243961057161,0.044568307371148023,0.06379297328523116,0.06069281779244579,0.08011927448021527,0.08251016792974693,0.05989825936523574,0.10972346604618842,0.12657698013194837,0.047711642835569654,0.07090203950988226,0.9999999999999991,0.18305002946321736,0.042726546892191374,0.10188083532637286,0.060711431453244334,0.053958067268785374,0.04879965145461417,0.035810845325378884,0.06844820977417419,0.07504787743864563,0.08015325559078366,0.10826016563710648,0.10719001301730383,0.11768446184934017,0.11092030635657459,0.29849276078244785,0.044102812967119424,0.058673551433964966,0.09873515259378668,0.16795044326936742,0.04580186033759067,0.09649012813540149,0.1507177224651744,0.06813156254133328,0.18674186419884733,0.022355091700494795,0.0918329099959314,0.05879465280415572,0.042532397346174415,0.10421473684942625,0.11338709218119412,0.03063178670965128,0.13875215501114266,0.07542595478077752,0.09213068794097577,0.03348172580619617,0.03545101975494113,0.08409011814903485,0.07922879025469613,0.10765519432064201,0.07350184471527946,0.10827396494447518,0.05805814881025463,0.17184785962959523,0.0836801364923068,0.009576505856351145,0.2431724666604251,0.07691952118420135,0.1319815346508821,0.09321249434102777,0.07230616196230526,0.15174105015192285,0.07336671259093143,0.08046797987672248,0.09963017958376387,0.08722941347869295,0.08458678371313524,0.06870171108000617,0.05598925109558542,0.0783849515338196,0.10610261059538204,0.08475793795260128,0.05171676929534911,0.06761167195180837,0.10796362238785046,0.10089242868958935,0.052995759036863266,0.09077027712997951
https://ge.globo.com/futebol/futebol-internacional/liga-dos-campeoes/noticia/2026/09/10/da-falencia-na-4a-divisao-da-italia-ao-luxo-na-champions-entenda-o-projeto-que-transformou-o-como.ghtml,0.18289926317737276,0.14477641566798868,0.1304730984683701,0.14221971141426668,0.08896730036658965,0.2535445646732891,0.12780912366611596,0.10643387690833897,0.15426026045069394,0.19829695525765134,0.16809466395121236,0.11147387865770808,0.12593789663120722,0.19269534635206806,0.08439471999754501,0.1438250224010468,0.24270383245619828,0.12780912366611594,0.08267671555129061,0.14665286407246222,0.2513757359546504,0.14630666134943668,0.08996211130650021,0.18909916026892845,0.12463117285603989,0.10501462495582096,0.18302043251309047,0.11776554300239002,0.26100246664041454,0.17957108614855083,0.16644467097285107,0.2416266616703642,0.18305002946321736,1.000000000000005,0.11853948700954071,0.11043963873582292,0.12298141532932311,0.15028931237782117,0.14071881807719672,0.12829801828946402,0.06997928073454643,0.16722457962750434,0.10656001018335781,0.13157971810391395,0.10658394343248451,0.13882715156836725,0.15646347899103938,0.2254489367784684,0.07707575808336367,0.10766714319485789,0.25098664518923847,0.2194386013402135,0.07804395112020573,0.14755109967132737,0.11229159615417494,0.10971387096730799,0.24476790334934295,0.09376466618344802,0.16209560310397653,0.05308841850394634,0.11769112975677716,0.13523126439114805,0.2138472425927032,0.15658484046753116,0.1939908466366055,0.28105326224476435,0.15849530573326862,0.1272678218012421,0.15101666354397764,0.1347125063076558,0.1287708278421828,0.10974968883207588,0.24620470229818187,0.10489575275663421,0.14610907480111965,0.15131904420906217,0.11114437463930131,0.0577401207901014,0.17501345216713468,0.13988860578015136,0.1828772285313232,0.18479162769335505,0.151638007802308,0.1750243749263682,0.2247829968587492,0.10709432437247174,0.14053769794022697,0.10952002069045923,0.21250144111815683,0.11133367752229324,0.0924672584320928,0.27299857251379767,0.17359987976322075,0.09109761616752661,0.09120385491998884,0.20017818924186007,0.12146361543577655,0.16102480370603056,0.12966437375368206,0.15202386514841032
https://ge.globo.com/futebol/times/corinthians/noticia/2026/09/09/atuacoes-do-corinthians-garro-da-assistencia-e-kaio-cesar-decide-na-libertadores-de-suas-notas.ghtml,0.07638152219916743,0.532238602824667,0.09158911886399684,0.07301289169003768,0.08566084562397192,0.16499920014432023,0.12845983278950887,0.10480733160200331,0.25040950068395346,0.0776653351704516,0.13242064423104152,0.533785041555339,0.11828959656127909,0.06001412263171258,0.16765526764779407,0.1464205887799525,0.207773497034542,0.3558684557006666,0.053013267527180524,0.08180338846774468,0.06624914195236825,0.06403145404890662,0.3460656772467968,0.180382348507203,0.13160462216547927,0.06166982585360915,0.06553580911208627,0.18554531959588047,0.09399360769292209,0.13684859972688848,0.1758383281513414,0.23976433335403946,0.042726546892191374,0.11853948700954071,0.9999999999999988,0.03298096124502542,0.15045140972698817,0.10725107798819113,0.0846526482056456,0.2095351013021111,0.3618650184255203,0.06642111641550713,0.03310516105776038,0.06503850097738514,0.10381013999799123,0.1163082269850959,0.1570720096621395,0.09276850537615255,0.08298167102263407,0.3414726520849335,0.09886040540523378,0.06826637352837828,0.11823271806342991,0.04206670706315452,0.09828936171336014,0.028139921883685276,0.03164255938535265,0.12926442825703138,0.02781469555832955,0.13490867076177634,0.3474336617898616,0.060260358379562826,0.14179540368357352,0.08539857824850916,0.026743673174837047,0.12238551183708496,0.035673862061587056,0.3028492403119592,0.11896703563368369,0.14278372754562849,0.08289911621057364,0.08645797646210775,0.13661088064771315,0.04860833571438572,0.2769616938967336,0.0891764415742717,0.07373193599838014,0.1740340766194396,0.042000463674975036,0.1985597090317687,0.0467240976130756,0.2526492331597529,0.07167390877650222,0.027575938389825225,0.07386151686016061,0.13294059806687752,0.06270412833322207,0.07774415478196027,0.10335325460033062,0.07480788988207011,0.09481194446289043,0.07862453931068962,0.06951210522714187,0.10152030609203071,0.19030023115825132,0.10677280427302616,0.10218883160410429,0.05025023006497231,0.3429195603348705,0.031241865156701944
https://ge.globo.com/futebol/times/sao-paulo/noticia/2026/09/10/investigado-pela-policia-julio-casares-e-expulso-do-sao-paulo.ghtml,0.08323414949075476,0.03969047781470873,0.036202071946983216,0.24922163730068136,0.05420088847025323,0.026863491203525325,0.026849725642178954,0.20378889562456187,0.03607268384170784,0.06961758350772865,0.031087859092066655,0.04926978345058587,0.05016583000509552,0.03958646905341433,0.03353163211957543,0.048528803934048535,0.08717795876056003,0.038932102181159486,0.11947881997151168,0.057713047214362705,0.045664689269065376,0.049518512242266846,0.051248056918416496,0.06426316500651999,0.04684926859441272,0.03373347543405947,0.07196829832959811,0.03666988553198387,0.07528570293458081,0.0570776143362613,0.041029651204030015,0.04104738600516391,0.10188083532637286,0.11043963873582292,0.03298096124502542,1.0000000000000022,0.09872214361586015,0.04308689081412802,0.014028395191893361,0.07053648415286726,0.0568439441561546,0.044517676401251226,0.08594878690159605,0.05186909953341357,0.03187636948658245,0.09263155346551744,0.06073555839784123,0.09628560488762374,0.023478146186424242,0.03577813909463652,0.05351735623740203,0.0715267765272526,0.023773068717462736,0.06335207795562672,0.05574195096186275,0.05440478773250254,0.3227069364562129,0.021421332023052377,0.06844218943819577,0.01669298756727276,0.0301895132568846,0.047434329149102124,0.07746412231719546,0.02201423558303632,0.06647827754922453,0.04474194823073012,0.05885496042204971,0.05561090226488856,0.03680110469428488,0.06714810078697152,0.047238767642765404,0.030565480611525763,0.0717360047658085,0.04661295770333608,0.032452637236572844,0.33637691524908464,0.20669876051307806,0.0214118346463838,0.053664127101672725,0.04606664737771237,0.04215624658797473,0.06326766791425842,0.07390503895141927,0.07173210293449425,0.0336864833103422,0.03756488897117091,0.07728417171300742,0.09385082348223737,0.06979619091762738,0.08179137091865925,0.03219036683479241,0.07511085594784894,0.07011776820172788,0.06091323471617963,0.04204801471083519,0.06351722571434816,0.06322191471642447,0.7620517601003244,0.02962292422930954,0.048321585233775034
https://ge.globo.com/futebol/times/palmeiras/noticia/2026/09/10/escalacao-palmeiras-inicia-preparacao-para-classico-contra-sao-paulo-com-desfalques-e-um-retorno.ghtml,0.09149045517839831,0.1679517112874564,0.08833862538990875,0.1248857160032911,0.07242727758778586,0.1043256691701656,0.0807268722162338,0.10676101504060465,0.20930256881628903,0.07934759734867142,0.09530205292067256,0.12010980386076742,0.07097858568858165,0.06840310116264779,0.11649942887846015,0.10267570606615924,0.15075655717923467,0.08879955943785718,0.03521835173321318,0.35594070721885435,0.2835224059428764,0.06316259398868854,0.14266975709193952,0.166510313511195,0.1295244697772113,0.030310524825452073,0.347428955185029,0.3547249299597731,0.10407143000274255,0.11440706050002694,0.16448065821182456,0.10497267059877724,0.060711431453244334,0.12298141532932311,0.15045140972698817,0.09872214361586015,1.0000000000000016,0.056136525290071855,0.09372894996288182,0.40886776938985686,0.08326288823588868,0.15787159130255338,0.05864741718195234,0.10711756711473305,0.09465686004032595,0.10763582962164507,0.39903367673681756,0.06811624622177033,0.03137325344812415,0.16733298101217292,0.06895982321175895,0.08704554682729815,0.15761493367649693,0.068639822305458,0.05078629121737277,0.03738843926708165,0.11342651373021741,0.08587435397402583,0.07839220130459561,0.02091226635809438,0.14825495247194748,0.09340990895187808,0.14518755459243385,0.06863982230545802,0.07402770196682384,0.11382626813193579,0.058984797245234546,0.45873025631150394,0.11064686900952195,0.11963774696816974,0.08115939187867477,0.0727531600761905,0.1437885155627137,0.048222748996307255,0.0854922598413802,0.17208583845651385,0.2428710835617795,0.030655814521680383,0.03962921988518427,0.10464808451049872,0.05733826142366381,0.23497976946202379,0.11110211543827954,0.11269297691514231,0.07632875907682535,0.07925843977036855,0.06074875627212087,0.07936132176504662,0.46257366920960163,0.05997937064413753,0.05735356498631882,0.043015173739739114,0.15928422297152117,0.08139681625292892,0.08127149390569548,0.061111053806426806,0.11808258159685214,0.06459432337732401,0.1611649149123297,0.03228545662244314
https://ge.globo.com/futebol/times/vasco/noticia/2026/09/10/versatilidade-bola-parada-e-finalizacao-como-lescano-pode-ajudar-pedro-emanuel-no-vasco.ghtml,0.062479721179206846,0.09722141829329234,0.09445986067782755,0.11684697800052649,0.07007016352207739,0.08842123077532503,0.05919131480135385,0.08792354031414634,0.1255637402501549,0.08693561715113426,0.07390970397195584,0.07175914168134828,0.054212067368685016,0.09863848869071004,0.05749477225497526,0.09245507247354612,0.1025836693456624,0.08714276901310429,0.07029629929413105,0.07068375858817136,0.07502482120070267,0.07057168745618377,0.05056133476413418,0.09982222077020962,0.17213520431836213,0.047013508070985865,0.07448687685799028,0.0742012026570838,0.05246190849003229,0.13981103085920615,0.13783091626181898,0.08667685429975067,0.053958067268785374,0.15028931237782117,0.10725107798819113,0.04308689081412802,0.056136525290071855,0.9999999999999973,0.09354211646568504,0.07471498137272933,0.04819799705186784,0.07968716317810406,0.02239687999150177,0.0712265849872176,0.07229707416162072,0.09536378495773677,0.08265062628762268,0.07168008478477603,0.05750947826321018,0.07094519716090925,0.4400885794804509,0.15538935541809298,0.09182720796515727,0.0838812243980043,0.07447600206753038,0.030460335887785385,0.07117952267637465,0.07433438851189446,0.17962332964551828,0.051111627278052185,0.06655401275612005,0.0784791448105488,0.10103442201346163,0.059915160284288796,0.10674926310564896,0.08219620744748202,0.06757716649955656,0.10216375101357175,0.10574576224569582,0.12061762835837567,0.043391578801001904,0.07253014901488389,0.12939132033481401,0.19889064309212334,0.13286587197654406,0.09997741550099873,0.10475306766678233,0.0786721040107299,0.04151044070240845,0.1034364652164397,0.15857984376049095,0.11623012770434127,0.07920046524752807,0.5033769551034852,0.08072089761435647,0.09201481022367208,0.050110619794545556,0.06645160383160403,0.0923762790358898,0.039092121778230286,0.10294302079938429,0.10075274376109952,0.19322184824660357,0.046419751353741476,0.03862356777697012,0.06845730886602949,0.06687198183461131,0.06500729248183712,0.11056921760142778,0.055236172779738996
https://ge.globo.com/futebol/futebol-internacional/futebol-espanhol/noticia/2026/09/09/raphinha-diz-que-ja-esperava-ausencia-na-lista-de-indicados-a-bola-de-ouro-nao-me-surpreendeu-nem-um-pouco.ghtml,0.08089370385419192,0.07815733903147702,0.05300113124120324,0.07591444181881482,0.10673081931019188,0.18448459502766507,0.03806762534314914,0.049249864135544864,0.164871990645834,0.09676865543833982,0.49586022291624265,0.06371895440602461,0.10459598726238095,0.5757734998581219,0.035655939999636246,0.04300268164589756,0.08785378255526309,0.05234298484683007,0.03736708372191343,0.04720715746238632,0.1361983003279072,0.05584687673507086,0.025229047241355967,0.09166808130846661,0.11165942094843,0.05978428427257326,0.09161762059207541,0.11584879532455075,0.029905689201351296,0.19177496612700562,0.09141309310574841,0.3010195489488077,0.04879965145461417,0.14071881807719672,0.0846526482056456,0.014028395191893361,0.09372894996288182,0.09354211646568504,1.0000000000000013,0.11149412193707495,0.05424564018187355,0.0546207416130964,0.009722749468945937,0.06128347685431129,0.21341807920612732,0.14513282162075605,0.12258866956464759,0.05018898272665669,0.1386974558398678,0.06944679961240385,0.17275584212488745,0.11318179509647588,0.14260032554454039,0.057655227258268424,0.04939444571499953,0.019283819729436803,0.0189736040064861,0.10123743940282379,0.041587521918741696,0.09984671803547727,0.08560557342528226,0.08701534890148326,0.11589085932590108,0.2904436260378936,0.07592611695232296,0.19823523351184352,0.24120747391791808,0.10234727985700512,0.1078653383733228,0.07140209114223393,0.07773915630928872,0.09818274983257873,0.12944595091297653,0.07195064279920543,0.14460741742510966,0.09229027790590098,0.05052726755860236,0.10299956460663884,0.020022412618195682,0.14967662722581299,0.06403849158611512,0.102232869357914,0.060031810403640515,0.07902520334880375,0.1894857898986297,0.13665296611918554,0.03491320191131823,0.03898300555457953,0.12170146734522,0.053032345688813064,0.08557425599912696,0.04754125333284832,0.07455989398290186,0.031186630038944632,0.047905559452263366,0.0450274610540456,0.07639451356341787,0.03359575183044301,0.1424982187833978,0.06851049530937085
https://ge.globo.com/futebol/times/palmeiras/noticia/2026/09/09/gomez-desfalca-o-palmeiras-contra-a-ldu-no-equador-pela-libertadores.ghtml,0.162956029005504,0.23897714905663003,0.09552920682337476,0.07596627470879393,0.14359163172354764,0.12373539157665824,0.14549645446919998,0.0903530667885108,0.24691567102505046,0.0739709721481954,0.10305944295564208,0.19627292354574905,0.12153048499886862,0.07101213326226757,0.18897336222429112,0.10518943852361864,0.207489964420893,0.11930709266474401,0.05078007031617688,0.2429766751205513,0.1569215380105882,0.06635235856907783,0.24376679286758335,0.18685877318798394,0.07703712157713455,0.027735009811261455,0.2043329397301062,0.24882084696099457,0.10972906346825795,0.13918450347582773,0.15245918028407654,0.1441975610543312,0.035810845325378884,0.12829801828946402,0.2095351013021111,0.07053648415286726,0.40886776938985686,0.07471498137272933,0.11149412193707495,0.9999999999999997,0.16586373845449132,0.09278370237815067,0.06738502039407367,0.08858101779042,0.11003886266218978,0.09893758903905601,0.32912099456282584,0.07570690024743054,0.03392697140282163,0.17726061026233902,0.04350092262884222,0.06644532306331276,0.07927649458126315,0.05567022142689042,0.07688826642384071,0.05727835628744874,0.05967204197641142,0.11608043601255662,0.04662524041201569,0.06784344478704471,0.20285716612008672,0.07756377039931688,0.1570055213064818,0.06362311020216047,0.05443631460226317,0.13801167170410034,0.07973254720972993,0.36162108546824695,0.13499346141256544,0.12614161187103626,0.07313799879173907,0.12008307310503663,0.2544424419154594,0.03259248815373067,0.0984805760271987,0.12202837367527714,0.14676957244690292,0.10608363018028696,0.036732819801898575,0.1264798953893276,0.04568824645749243,0.237972882070685,0.0867718206980598,0.05462956477975742,0.07301771273954683,0.06856793029687734,0.07883229529417356,0.12078534931114772,0.3733395611160814,0.051889253907762986,0.12404405315235513,0.04264014327112208,0.14185263592827166,0.09975866194776682,0.10416216349664477,0.035796240575454434,0.15572470677898448,0.05547083907750161,0.19262902737167126,0.05586148164673227
https://ge.globo.com/futebol/times/corinthians/noticia/2026/09/09/estudiantes-x-corinthians-cotovelada-deixa-gabriel-paulista-com-galo-na-testa-veja-o-video.ghtml,0.0667438374922596,0.5444777690790126,0.09781758144966249,0.05324021262053767,0.029940924952334805,0.06260442780882917,0.13348767498451922,0.09786290104993212,0.1463045622888881,0.0814387934696855,0.05454996299316613,0.4501830701325196,0.03667755744285832,0.04750596285731653,0.2278340400431234,0.1340381419589974,0.23795556594670186,0.14683644248297115,0.06114787490978325,0.04966088876423267,0.05260433948618057,0.0917614095429356,0.34325585829181826,0.09351059424651911,0.060237563498624414,0.08096409047527364,0.06551301008230884,0.10700813703784226,0.16778733674351265,0.15075303778256355,0.09033640329828042,0.15481445379387573,0.06844820977417419,0.06997928073454643,0.3618650184255203,0.0568439441561546,0.08326288823588868,0.04819799705186784,0.05424564018187355,0.16586373845449132,1.0000000000000013,0.055331674499318646,0.031820811746013575,0.12893773278224985,0.06750007336968485,0.08009260499071154,0.11323367770299636,0.058664114661106166,0.06614435496209102,0.3345776030730646,0.03801000507498931,0.08043485526456545,0.05454996299316613,0.06810052246069988,0.06928249037032139,0.05023237925348388,0.011405607462608878,0.10649955403405124,0.0826372948206444,0.06743086892153102,0.37522989874104357,0.09308972381106007,0.08002601268186951,0.04864323032907135,0.06977376631552809,0.0769990503509018,0.03200386682322616,0.1276054301873914,0.059814675329451984,0.07789540423606979,0.12581519744777375,0.08547814176000998,0.16211224543327396,0.06728043534336928,0.09450115757599853,0.07347149858675027,0.07973035706887269,0.1444710278597125,0.014042091062371155,0.13741659191755107,0.056139234285627754,0.23128327827579012,0.07654804955566787,0.08192794869521736,0.05097147435873606,0.07372097807744857,0.06403842217085985,0.09113169398724462,0.0615650213038161,0.09918019259899648,0.16003952081077932,0.08001976040538968,0.07553035097525039,0.07739239842086129,0.2389124373726211,0.044210036456603576,0.0785794472915159,0.07068398032360826,0.3611745817426119,0.03603576522746603
https://ge.globo.com/futebol/times/botafogo/noticia/2026/09/10/danilo-volta-a-ser-convocado-para-a-selecao-em-meio-a-criticas-no-botafogo.ghtml,0.17249376325147447,0.11447276140642844,0.2328835369536403,0.09097176522946838,0.14069049162253178,0.08498365855987972,0.13590417710722233,0.16230053424013785,0.1441481478361417,0.09832639063875578,0.056961508360712336,0.09073327328891222,0.1436212474053565,0.053149400345273386,0.0478713553878169,0.09447549859466602,0.11980049861514996,0.10454167469786334,0.043327532713087175,0.08642716314028857,0.14310677363453003,0.20332111972585268,0.047113289615263926,0.23800849710196792,0.2767624040378731,0.2309845149654975,0.23482776879424788,0.22347750788791226,0.08844477175087205,0.15278760239936137,0.1255197527616005,0.08542181726049287,0.07504787743864563,0.16722457962750434,0.06642111641550713,0.044517676401251226,0.15787159130255338,0.07968716317810406,0.0546207416130964,0.09278370237815067,0.055331674499318646,0.9999999999999972,0.08188216826852397,0.23561617362441029,0.07354864420177779,0.13067709337232916,0.09196406596200069,0.08085995080826244,0.0731313162403206,0.07296939394873253,0.11348959967780932,0.1409054846065107,0.1032427339037911,0.22666666666666654,0.1430464508634271,0.10591481821704041,0.11016589682245148,0.12510864843424485,0.28552012036008034,0.03249777854809549,0.09697497139839849,0.14580755302687518,0.14493097175761582,0.03809523809523809,0.2991026004423864,0.07705289916987292,0.08593378488473194,0.12491869917839092,0.12675495464460232,0.0958638274727309,0.1642215463607155,0.08925696039667219,0.10664571038499536,0.08196389783566137,0.12274688184341324,0.0904194430179465,0.11100677010175362,0.035729480050524814,0.0659828879073858,0.10462922322229139,0.15827680307534825,0.10867853340033276,0.09292105064617799,0.07925939239012171,0.09694521124707413,0.11931905563252262,0.09145378397859479,0.1712888008619755,0.14464504900524286,0.0815572419249648,0.09052038109696282,0.11489125293076054,0.17518106574941655,0.1475729574745243,0.1607939702062886,0.10634316386834207,0.17622808524230468,0.05535658388085486,0.10710083209431245,0.13483665780164897
https://ge.globo.com/futebol/noticia/2026/09/10/morre-o-jornalista-claudio-carsughi.ghtml,0.1339841582402673,0.033621540335243984,0.10145410945435077,0.1335955748971368,0.10643517535320532,0.03141863682565573,0.05024405934010023,0.12519112718216663,0.05921319178954029,0.062441569000266595,0.01901140684410646,0.030456077761849755,0.11657758110920016,0.06244156900026659,0.06507195092431484,0.05045125221639878,0.03554175574731443,0.036287376190072385,0.03409739075960304,0.05538399272784223,0.027789469373379044,0.11044835916097626,0.04143862121083153,0.08473326873496452,0.03358978123196199,0.09674431162060497,0.0526896425242948,0.03315004149476165,0.06477361207133905,0.05933872016921192,0.05362345834773344,0.04708795701358846,0.08015325559078366,0.10656001018335781,0.03310516105776038,0.08594878690159605,0.05864741718195234,0.02239687999150177,0.009722749468945937,0.06738502039407367,0.031820811746013575,0.08188216826852397,1.0000000000000022,0.07189849630621016,0.04418551805222768,0.07536608901015035,0.06664943727549943,0.021590178581304516,0.04230758676475624,0.021254557211012253,0.041728067950490805,0.05134400277464024,0.03802281368821292,0.08544226254106849,0.07375473006179913,0.051712009743370944,0.09222023003442868,0.037116548561378436,0.0365932276268452,0.026031409937886378,0.02510836656404417,0.11073890867727154,0.083670473913827,0.040686791686223106,0.055289429380632756,0.03935832306774478,0.022944928153965538,0.053366681457444186,0.03237297044684207,0.052743931574615585,0.14382246991028821,0.011916119755984722,0.0650860770399538,0.018758520208296155,0.04626957928483429,0.1463189732794805,0.10373857369389139,0.019080047593330072,0.0352357951987547,0.057469870028745554,0.04382624867484925,0.042559640673776954,0.04481910776961182,0.05643418177868623,0.03045300805688184,0.09454938378332511,0.03780976558583837,0.1433040055414385,0.06787977411340507,0.04977453769055918,0.04090236915242647,0.014873588782700533,0.07775515123109529,0.11539456750814962,0.07806023078060495,0.03169604834890728,0.1314528488811197,0.04532717116102822,0.04692788417522639,0.08372637438988884
https://ge.globo.com/futebol/times/flamengo/noticia/2026/09/09/pedro-e-samuel-lino-do-flamengo-comemoram-convocacao-para-a-selecao-brasileira.ghtml,0.10076608381335703,0.11033850283692033,0.30098482653042646,0.08699033778906463,0.06457588695085344,0.08101425976468832,0.07677415909589107,0.12415789238590537,0.13571882129149854,0.07074601789359186,0.062094155900817856,0.026177420415613963,0.08437898497200588,0.07074601789359185,0.15580567569951959,0.07227258272770637,0.12524938726860627,0.057580619321918304,0.09001490797589093,0.06942149139657092,0.1293794319673949,0.2429612868765865,0.050881526475204664,0.1316531775590071,0.040419234695762425,0.3346911268452406,0.14673142577328585,0.17665610111360763,0.09742917832375235,0.40376940663348326,0.12570028559137328,0.11382961177795255,0.10826016563710648,0.13157971810391395,0.06503850097738514,0.05186909953341357,0.10711756711473305,0.0712265849872176,0.06128347685431129,0.08858101779042,0.12893773278224985,0.23561617362441029,0.07189849630621016,0.9999999999999982,0.06329677398489225,0.1055644687568502,0.10251199331895951,0.055671172038995964,0.03356672903505396,0.07611910888677341,0.04782113601594911,0.09130527123945424,0.10457963099085116,0.3365945337491575,0.16301111507045385,0.11389591971822477,0.12026347678706223,0.11484787414830525,0.0489259332741987,0.04101965481854841,0.08902157804504139,0.3271868355212442,0.10427809924366906,0.03497086064926312,0.06600281927823357,0.0830348758212823,0.06573827785585626,0.06307042695975264,0.10371142406435677,0.09600170671217909,0.5216051424758822,0.05803839596203902,0.21444580591113246,0.04568242203860907,0.15410620748991727,0.10061054632887347,0.15922275010823725,0.054665216721391935,0.030285653714467425,0.12074614150986417,0.0538132391257112,0.14299689199748836,0.08530013923017855,0.05197067187037897,0.07328938949276712,0.06006654653369375,0.08395321030328534,0.10220636765640766,0.06840284777634247,0.0713031735574046,0.0639202772100593,0.07670433265207116,0.10233593157848875,0.11611694995742752,0.29789668903487837,0.036324256398824376,0.11555339646553311,0.05589817062396742,0.10840075871650856,0.10938524617367112
https://ge.globo.com/mt/futebol/times/cuiaba/noticia/2026/09/10/cuiaba-volta-a-vencer-por-tres-gols-em-competicao-nacional-apos-dois-anos.ghtml,0.10091679198052131,0.146022518803419,0.05070868934167559,0.052272265572420575,0.13742899491064026,0.12170313994645751,0.07929176512755245,0.05906320330342206,0.08919868493127353,0.07146261894645094,0.17428732120600915,0.11082459978538667,0.11091305426493671,0.23820872982150315,0.04201041987635426,0.0796187428658033,0.0848992388463869,0.11172930540700574,0.03301988834248543,0.05214398988072495,0.07774376096581549,0.04350838391405632,0.08216917209308798,0.14307136470961174,0.12360761465535318,0.039036300338505525,0.046262314327889686,0.0963074280161019,0.04007540360552244,0.11173472592499047,0.10857864662981374,0.1557998060293622,0.10719001301730383,0.10658394343248451,0.10381013999799123,0.03187636948658245,0.09465686004032595,0.07229707416162072,0.21341807920612732,0.11003886266218978,0.06750007336968485,0.07354864420177779,0.04418551805222768,0.06329677398489225,0.9999999999999987,0.1657918725394279,0.12682185687727524,0.1482561117195826,0.05252645662272498,0.059461704469611604,0.07440466580897229,0.05029300627386918,0.15955881518859993,0.04366950749480556,0.07822631506495789,0.033385248346033194,0.03490119677168724,0.20607686105259893,0.026249522181015405,0.04761661919565789,0.1317058376167032,0.06590759609696088,0.15665109009777614,0.09193580525222225,0.05750833516705024,0.1385984412821848,0.06419068265796125,0.13924957705030905,0.1215998486082827,0.06810291315705255,0.06341092843863762,0.17437559872921768,0.12255699076174788,0.03633147457617411,0.10081671037305447,0.11902395708447208,0.0645816594232809,0.1888770648820721,0.009478421769738487,0.20406386080622826,0.03839927798973771,0.15236958934729938,0.07440478504291946,0.09108470078984619,0.11992872788429558,0.18312310859134756,0.05492242412485698,0.068895635540958,0.09217972754757878,0.06426883466161663,0.13443334360433365,0.0504125038516251,0.06117965078960935,0.08721796293560796,0.07861720937646306,0.09549378254390983,0.08872343601680871,0.022901634517943602,0.1514830960272872,0.0454051135400183
https://ge.globo.com/rs/futebol/times/gremio/noticia/2026/09/10/ex-gremio-kaick-vive-ascensao-na-mls-com-dois-gols-seguidos-e-titularidade.ghtml,0.18852459016393447,0.1436060902166037,0.15616700058307845,0.10699133273223162,0.13788768382767366,0.11019991196407303,0.09836065573770492,0.13078859941487728,0.11881712306823133,0.12501736472884672,0.122818811720245,0.09553161257159236,0.18918151214699688,0.21669676553000095,0.06824388630407677,0.06172891775626263,0.11480466025294593,0.10450819672131148,0.08939867428327485,0.09317591635760943,0.09520395675866601,0.07695967888091268,0.06084196831471061,0.2225007730558267,0.12576080674328044,0.09055315508912548,0.10211678711411845,0.14358333989401378,0.07529019710786676,0.19965839784875652,0.15746454193631376,0.12314950897557243,0.11768446184934017,0.13882715156836725,0.1163082269850959,0.09263155346551744,0.10763582962164507,0.09536378495773677,0.14513282162075605,0.09893758903905601,0.08009260499071154,0.13067709337232916,0.07536608901015035,0.1055644687568502,0.1657918725394279,0.999999999999998,0.15708715862390138,0.0778081827900103,0.033448057442721994,0.06761485526328562,0.10794652475680487,0.07928472489067037,0.161897524540323,0.09931459096297017,0.1430973296677724,0.07592579980614289,0.06069731980919365,0.11444184173189403,0.07163700370170795,0.08599598364488571,0.09216296285241796,0.13083545625281554,0.15202513416991814,0.06720536230576928,0.09019813487519122,0.08930808589059784,0.0336887316936593,0.12079769262198521,0.07561811954640414,0.1116060200637205,0.11588396947664854,0.06706708085034577,0.17121557500307194,0.055084134500386836,0.1415312271160057,0.19120031814832492,0.0897561352558254,0.11672561501768013,0.019400517009111114,0.13828901547036432,0.06894384191383683,0.1590601023952985,0.07990648946952542,0.16275893888568305,0.10507418220711215,0.16900005927936793,0.060140086717512566,0.19921335135248464,0.09450897287351627,0.11571177316922689,0.08735217446921825,0.09554144082570747,0.114163461748367,0.1590963424308158,0.0916891141455478,0.11246563285831673,0.2280965038860652,0.09114635225520272,0.1356499080704746,0.07867562800323967
https://ge.globo.com/futebol/times/palmeiras/noticia/2026/09/09/deyverson-agradece-carinho-e-sonha-com-retorno-ao-palmeiras-terminar-a-carreira-aqui.ghtml,0.10815837151153865,0.1522710405441938,0.08755976386215077,0.07096273881544955,0.0693132302775044,0.08373688694456705,0.09270717558131882,0.07107531922156184,0.17481032671520655,0.09426538849873188,0.10874381871265698,0.12516301094534638,0.07358739441818715,0.19900470905287843,0.09005000082086397,0.12929093727013055,0.14755367353023507,0.07983117897280233,0.07639600747979387,0.34489481779677306,0.28842401038445253,0.08980680268122043,0.08192135937979991,0.15333786888421744,0.14564771238979138,0.04908929136037086,0.35387938669959784,0.4098146781311436,0.12200611234936941,0.1938851261923081,0.10119132604141236,0.15204653491234718,0.11092030635657459,0.15646347899103938,0.1570720096621395,0.06073555839784123,0.39903367673681756,0.08265062628762268,0.12258866956464759,0.32912099456282584,0.11323367770299636,0.09196406596200069,0.06664943727549943,0.10251199331895951,0.12682185687727524,0.15708715862390138,0.9999999999999983,0.11407821928693737,0.06305112366199479,0.14052962961392698,0.137489293438144,0.13230473240440682,0.12979100943123573,0.08867963503478636,0.1166465016605997,0.032799162433933896,0.1085496835943882,0.10957619044784427,0.06376843572837682,0.07204727852716049,0.1592537976133116,0.08141212221909462,0.16210266624309203,0.04692044181734729,0.13035451223061673,0.07592247751951695,0.08820111898999852,0.4123382731637324,0.09231396762535364,0.07442101012333574,0.0679611650485437,0.1026054124185906,0.16512750702323187,0.09229877518850756,0.12806057274743463,0.1430886363517335,0.14014084521512912,0.07627815603929977,0.06772382428435407,0.108985336249226,0.09819374289313121,0.19275145356114703,0.08269739642790504,0.11156657127357013,0.12642744046707066,0.13273869559733403,0.06976419944750091,0.10689138465693984,0.5441787338643399,0.08418744013951986,0.09605333420892154,0.07204000065669115,0.16140252442247466,0.1012662548380853,0.057612729671466655,0.05848355324210266,0.13781166033656794,0.06908965292682091,0.17858852944017314,0.07724331784987475
https://ge.globo.com/sc/futebol/times/avai/noticia/2026/09/10/presidente-do-avai-fala-sobre-ultimos-dias-do-mercado-aberto-e-explica-tramites-da-saf.ghtml,0.12103495100668274,0.10886626160428539,0.03885573093919441,0.043885062979917025,0.05171011923540082,0.08469582146353014,0.03746319912111609,0.03231192647586351,0.07539598763914418,0.12013907304116289,0.07262150977347885,0.0671735720836873,0.06334476545573685,0.06006953652058147,0.06957978583371571,0.09549105211188458,0.14493900218963646,0.07348550596834308,0.09806341463334037,0.11435720989125937,0.1757258451893942,0.10049857270113134,0.03666973746133794,0.11776004158504817,0.09016330378792115,0.02871524865670798,0.14578382461636732,0.10609503582039008,0.14071083685624186,0.07912940876815419,0.06794307468886208,0.10634258267914419,0.29849276078244785,0.2254489367784684,0.09276850537615255,0.09628560488762374,0.06811624622177033,0.07168008478477603,0.05018898272665669,0.07570690024743054,0.058664114661106166,0.08085995080826244,0.021590178581304516,0.055671172038995964,0.1482561117195826,0.0778081827900103,0.11407821928693737,0.9999999999999959,0.04199854143278274,0.12800241085668174,0.1702693068816743,0.1782155661505256,0.023552922088695836,0.08453540311772893,0.10333911471261054,0.06006109318290664,0.19369994995241313,0.05364693492921868,0.11123805209231998,0.024635332263532587,0.10530794258243087,0.06877495079715312,0.20515643153382235,0.04988113848561646,0.14587360904975855,0.09604318253908586,0.09475365843473503,0.08493955345729148,0.112419301689381,0.08167949650011899,0.06880908464926384,0.1271231342250388,0.13439013343859105,0.06778223945841509,0.03980738032510427,0.07704068128959168,0.03251250713497208,0.03939659999032134,0.2879888873215564,0.08075754122731146,0.11796370950575823,0.12582447147134002,0.0975004186525995,0.11860646184292424,0.12261513990195162,0.029708327323697412,0.13987512508977773,0.09758239190065308,0.13532552203398096,0.0835045026734735,0.042227732092186075,0.10556933023046518,0.09908903096492694,0.06973680437544066,0.05318915122286884,0.10498660638544872,0.08790457525026418,0.1546299678924876,0.08781289245644494,0.08816815455072691
https://ge.globo.com/futebol/futebol-internacional/futebol-espanhol/times/real-madrid/noticia/2026/09/10/jornal-vini-jr-recebeu-aviso-de-que-ganharia-a-bola-de-ouro-de-2024-vencida-por-rodri-entenda.ghtml,0.033448057442721994,0.04447382598761779,0.06162561693070121,0.03118539811845214,0.021435168405944904,0.05378336661982497,0.05256123312427743,0.02060633974911199,0.05068146050414119,0.08745492610425587,0.06508859502270191,0.06161483437952955,0.02100642172566091,0.05344467706371192,0.035804610303946514,0.04318198477930305,0.05171522866303284,0.07167440880583283,0.0354382838452707,0.04740399149524671,0.06540991699249248,0.0608865691799873,0.0405347868467727,0.0585774628298712,0.04599999748437521,0.10350613731960094,0.08117614201434314,0.0595845990175248,0.07392094368818287,0.057137514896598074,0.05841452103209845,0.0352653786478225,0.044102812967119424,0.07707575808336367,0.08298167102263407,0.023478146186424242,0.03137325344812415,0.05750947826321018,0.1386974558398678,0.03392697140282163,0.06614435496209102,0.0731313162403206,0.04230758676475624,0.03356672903505396,0.05252645662272498,0.033448057442721994,0.06305112366199479,0.04199854143278274,0.9999999999999994,0.03032015809505282,0.06632912056495599,0.08031529241205616,0.032544297511350954,0.036565658120160306,0.0405821453087668,0.03596213244727283,0.03538361537583651,0.019061166943841364,0.0487210785017307,0.040847903939367936,0.029549613753051367,0.06220140657870845,0.057291852587152324,0.03482443630491458,0.06046834589048698,0.06737476010943551,0.08182878643402365,0.13703203340916578,0.04282224550092731,0.042488775047974665,0.030024344600949902,0.027197829155911703,0.02785407561370979,0.05887089737678565,0.10065718806063227,0.03256151797766979,0.05073794505704946,0.03810543194320855,0.030158846512529116,0.0655857669552728,0.06430550521783471,0.06623170162194986,0.04658163652548563,0.044852659505160396,0.09904771112661391,0.06333357767631115,0.06472389287915403,0.01826792255204938,0.054092468973063516,0.03550231220775558,0.04137421635122708,0.0572873764863144,0.06447205835677705,0.019271793967122912,0.018707618816556713,0.03165064466742077,0.04602782797243273,0.028675457212570313,0.030124710851887105,0.06592964884797864
https://ge.globo.com/futebol/times/corinthians/noticia/2026/09/10/kaio-cesar-admite-incomodo-com-atrasos-no-corinthians-mas-diz-nao-pode-pensar-em-dinheiro.ghtml,0.10402285425120865,0.5040280977795324,0.03963764662282483,0.0414884660952543,0.07582914704806244,0.08130952002614214,0.10922399696376908,0.05383168918662895,0.20227698050837617,0.04230850398472532,0.06022124543120139,0.4720510165739324,0.07431241088579342,0.03437565948758932,0.1342406497868865,0.1723454968864278,0.21854424446758652,0.12222685374517009,0.05218882354841674,0.0859982415689331,0.12729389627730098,0.10638824669503474,0.38606626734382593,0.1882473459557891,0.09701199353361158,0.03605304827502522,0.07461487229650214,0.1358918192646171,0.14080933947480243,0.12438764721031217,0.11354256554886867,0.09870722132459456,0.058673551433964966,0.10766714319485789,0.3414726520849335,0.03577813909463652,0.16733298101217292,0.07094519716090925,0.06944679961240385,0.17726061026233902,0.3345776030730646,0.07296939394873253,0.021254557211012253,0.07611910888677341,0.059461704469611604,0.06761485526328562,0.14052962961392698,0.12800241085668174,0.03032015809505282,1.0000000000000016,0.1092238683689569,0.07257732575851449,0.06376367163303677,0.04311827824243286,0.09325497352401585,0.027100075659502027,0.11850720479046026,0.13831973112108928,0.026516292909074476,0.05254680966366554,0.5146330829917678,0.048361312625085306,0.15785335486324598,0.05212099567766608,0.054372557802357425,0.10667200040003333,0.053442069909883316,0.14708685586493103,0.15902830102295787,0.15608957486930403,0.0784351421100988,0.06661049630984173,0.15664808991868834,0.049516826864926325,0.0951955699716897,0.07633878298745553,0.10355237307781423,0.08888040359284517,0.060184141769863676,0.11303367985658794,0.04083107917972593,0.19465052851945724,0.08351216877733307,0.07511051723963588,0.11916152368680312,0.06893819875457112,0.04990317987581448,0.051131618137241534,0.11775862075087884,0.09274570153862093,0.08660687083024937,0.0554283973313596,0.08376015573152941,0.07604244370957927,0.18035910508436365,0.027069056574640718,0.08628505495306775,0.04039336376858157,0.44813761563972654,0.031201741654943854
https://ge.globo.com/futebol/times/vasco/noticia/2026/09/10/lescano-e-apresentado-como-reforco-do-vasco-veja-respostas.ghtml,0.09044168290435002,0.1245903065840481,0.09064598018737993,0.08674145859281085,0.07852577494778028,0.14594846994879782,0.0437621046311371,0.05032629141641482,0.08251861584979268,0.12311017523826835,0.14306766154453993,0.07668702460044644,0.0641292506488978,0.14980876745861574,0.04615131962188622,0.11132117146586426,0.18016703975634238,0.1166989456830323,0.05854848656459813,0.1290391602824468,0.19484515667701027,0.11250448285595224,0.04485800857096109,0.11921842584623932,0.19309213795159635,0.06066963965718175,0.18724011339830698,0.1749726546193004,0.1142448479027265,0.17313962097561844,0.14393794995474782,0.11996351960056961,0.09873515259378668,0.25098664518923847,0.09886040540523378,0.05351735623740203,0.06895982321175895,0.4400885794804509,0.17275584212488745,0.04350092262884222,0.03801000507498931,0.11348959967780932,0.041728067950490805,0.04782113601594911,0.07440466580897229,0.10794652475680487,0.137489293438144,0.1702693068816743,0.06632912056495599,0.1092238683689569,0.9999999999999973,0.2692461146821553,0.08941728846533746,0.08372183582789212,0.057815710568726475,0.023646354726688266,0.1279627778063672,0.05819069847145179,0.21673203569060961,0.03854429380531032,0.11481304736125007,0.08499881078491674,0.13992230081577486,0.05315672116056644,0.15891669629380614,0.12902020348726453,0.14189220287317048,0.09063966447854142,0.08612765509784485,0.13457562361958467,0.08432676664206165,0.06434873725823127,0.18707489756688886,0.22383738471008505,0.10175843365667377,0.11011028020360679,0.06389412275292464,0.06647417028902192,0.12582919381229274,0.13348191465777615,0.251936861290795,0.11525104019721083,0.07361267132791414,0.49083423750428284,0.16073716413590475,0.07948722243264347,0.08726967106861451,0.07170306432461411,0.18593053080933558,0.06936504908208341,0.07772853831054517,0.10881995363476325,0.2565046793263397,0.06030455186322191,0.09300994950501515,0.09110297113938938,0.08743193375360009,0.07930238260672713,0.15480931734097397,0.09451065372322043
https://ge.globo.com/futebol/times/vasco/noticia/2026/09/10/entenda-o-desgaste-entre-tottenham-e-richarlison-alvo-do-vasco.ghtml,0.08318397365578528,0.06973783730212028,0.09752936509621588,0.10556346430138332,0.02915303220823691,0.13004159558024367,0.10138046789298835,0.033630934454415035,0.1194780272116619,0.2524247689993189,0.07790124558910932,0.06832893173078175,0.048568851517064034,0.1361243518687427,0.0930640013187293,0.1487824719679646,0.1638406062777906,0.06498747941858227,0.05783766625650319,0.11712429549651777,0.1552776586994903,0.0976276314839599,0.04686014756220463,0.15326728348808283,0.13450954399397624,0.04617392338167283,0.14328000005661293,0.11113837605035873,0.11184700384313238,0.1565717175123557,0.10895592338143475,0.13292573601912872,0.16795044326936742,0.2194386013402135,0.06826637352837828,0.0715267765272526,0.08704554682729815,0.15538935541809298,0.11318179509647588,0.06644532306331276,0.08043485526456545,0.1409054846065107,0.05134400277464024,0.09130527123945424,0.05029300627386918,0.07928472489067037,0.13230473240440682,0.1782155661505256,0.08031529241205616,0.07257732575851449,0.2692461146821553,1.0000000000000027,0.07258979702621553,0.0961472718491485,0.08585732638604572,0.08126670802141107,0.14363074441823895,0.02073940557187396,0.2915589666980682,0.04848474954657672,0.06576403639376731,0.0829860252395985,0.10908818950969466,0.052099506913331727,0.22741243103354936,0.18993116242816904,0.1584794415720115,0.06522994001065917,0.0589258417404385,0.09534874635021245,0.07840280438779666,0.06843256243974971,0.09975884661657702,0.6900382110532086,0.07540689680382763,0.08448309273264831,0.06900645324613736,0.03849896242138364,0.13399123206471672,0.1085270614140709,0.5961795086584449,0.10989617486129696,0.058136281729000545,0.33222700969740204,0.12903842796181758,0.06125313465815619,0.11296943007170036,0.06956712018606556,0.12642933498491368,0.08111903079958313,0.09349685713881636,0.1696794814741482,0.6064450500381512,0.03800554623183733,0.05815636952399224,0.21400336225984273,0.06955603291973234,0.10461238537409195,0.10925679383174411,0.10448273999077938
https://ge.globo.com/futebol/times/cruzeiro/noticia/2026/09/10/pelo-cruzeiro-matheus-pereira-atinge-temporada-mais-artilheira-da-carreira-veja-numeros.ghtml,0.07257475238014478,0.11614713933993377,0.22908992457434038,0.056676910562421676,0.0813916046818629,0.08378303153508194,0.07257475238014478,0.06741060694424358,0.13026902193698864,0.07947108781852114,0.12927756653992392,0.07752456157561756,0.0858992702909896,0.24125151659193916,0.04183196845134525,0.05045125221639878,0.0817460382188232,0.08374009890016706,0.03409739075960304,0.08769132181908353,0.053263149632309846,0.04118413392443181,0.04439852272589093,0.18250242496761587,0.07725649683351259,0.03627911685772686,0.027398614112633304,0.09945012448428496,0.010795602011889845,0.22252020063454472,0.09993462692077594,0.1383208737274161,0.04580186033759067,0.07804395112020573,0.11823271806342991,0.023773068717462736,0.15761493367649693,0.09182720796515727,0.14260032554454039,0.07927649458126315,0.05454996299316613,0.1032427339037911,0.03802281368821292,0.10457963099085116,0.15955881518859993,0.161897524540323,0.12979100943123573,0.023552922088695836,0.032544297511350954,0.06376367163303677,0.08941728846533746,0.07258979702621553,1.0000000000000004,0.07120188545089043,0.05795014504855645,0.04848000913441026,0.025440063457773433,0.14104288453323804,0.13417516796509907,0.04772425155279169,0.0439396414870773,0.062290636130965235,0.09831280684874673,0.03051509376466733,0.07679087413976772,0.1073408810938494,0.045889856307931076,0.11562780982446239,0.22661079312789442,0.07135943683624461,0.07015730239526256,0.03972039918661574,0.10576487518992495,0.03126420034716026,0.16965512404439234,0.07023310717415066,0.07780393027041854,0.13992034901775385,0.014681581332814459,0.12771082228610123,0.05321758767660266,0.11220268904904833,0.09604094522059677,0.15317849339929115,0.11876673142183918,0.15621202538114587,0.255215917704409,0.04268629952298166,0.04447295545361022,0.16591512563519725,0.07808634110917778,0.0669311495221524,0.05831636342332147,0.039403023051563284,0.04995854769958717,0.06075075933540562,0.06871398918785802,0.019707465722186183,0.1935775222228088,0.03683960473155109
https://ge.globo.com/futebol/selecao-brasileira/noticia/2026/09/09/zagueiro-jair-cunha-celebra-primeira-convocacao-para-a-selecao-sonho-de-uma-vida.ghtml,0.09931459096297016,0.04578910456257138,0.22369076575810187,0.10613372610104645,0.07620734962887138,0.07517785180297053,0.047043753614038494,0.1307420970267777,0.08131433980500301,0.09566892062149211,0.056961508360712336,0.046662826262869134,0.1034072981318567,0.09035398058696475,0.060927179584494236,0.05248638810814778,0.05990024930757495,0.06533854668616457,0.059290307923171935,0.07346308866924528,0.0845630935113132,0.6239855053655476,0.024942329796316193,0.1281584215164442,0.09749584687697804,0.2060744202143164,0.17562749094695854,0.1520888595348292,0.055593856529119565,0.13426789301762054,0.12323757543866232,0.06613301981457513,0.09649012813540149,0.14755109967132737,0.04206670706315452,0.06335207795562672,0.068639822305458,0.0838812243980043,0.057655227258268424,0.05567022142689042,0.06810052246069988,0.22666666666666654,0.08544226254106849,0.3365945337491575,0.04366950749480556,0.09931459096297017,0.08867963503478636,0.08453540311772893,0.036565658120160306,0.04311827824243286,0.08372183582789212,0.0961472718491485,0.07120188545089043,0.9999999999999982,0.11838326968007759,0.07262730392025626,0.1458953768729763,0.13205912890281402,0.15608433246351058,0.03249777854809549,0.03232499046613283,0.2802745185961045,0.12338717865851076,0.0476190476190476,0.14667531367847797,0.12060453783110543,0.050128041182760305,0.05829539294991576,0.09919952972186268,0.08424396959724836,0.2791766288132163,0.048347520214864104,0.0736363238372587,0.09074574403233941,0.08844995897540077,0.11781927423550603,0.07978611601063541,0.029774566708770676,0.05223645292668042,0.08968219133339263,0.08206945344647687,0.06882973782021075,0.06894142467297076,0.07171087882915772,0.11975584918756217,0.06543303050815757,0.04720195302121021,0.13417622734188078,0.09643003267016191,0.03495310368212777,0.08703882797784888,0.10444659357341865,0.1069287024704231,0.10804448672241959,0.266040932523132,0.10139697020004709,0.1566471868820486,0.07380877850780648,0.07689290509335256,0.13483665780164897
https://ge.globo.com/futebol/times/fluminense/noticia/2026/09/10/atacante-sul-africano-do-fluminense-e-convocado-para-a-selecao-sub-20.ghtml,0.123759852685641,0.12281191679794115,0.1405682485750373,0.07291872667376419,0.09542156485567799,0.05320532551280417,0.10055488030708334,0.0667141247019823,0.1914312554714545,0.08258249730161694,0.07375473006179913,0.08439594083420875,0.06800941145350987,0.07078499768710024,0.045079742072485635,0.077668877974251,0.0984887134400351,0.08895239411780449,0.10460980571192062,0.05755235715967977,0.0609635431341336,0.08299937568331367,0.07381886386816838,0.2844714933028928,0.07911770615722674,0.08712772736570379,0.08760403071913982,0.1515708223546825,0.0860067032562347,0.1610061191505597,0.26341732314217076,0.1100959188675014,0.1507177224651744,0.11229159615417494,0.09828936171336014,0.05574195096186275,0.05078629121737277,0.07447600206753038,0.04939444571499953,0.07688826642384071,0.06928249037032139,0.1430464508634271,0.07375473006179913,0.16301111507045385,0.07822631506495789,0.1430973296677724,0.1166465016605997,0.10333911471261054,0.0405821453087668,0.09325497352401585,0.057815710568726475,0.08585732638604572,0.05795014504855645,0.11838326968007759,0.9999999999999994,0.05373661066330412,0.10133830360839097,0.0822820603716735,0.07886854595124308,0.06011239502910361,0.060879923741606806,0.15103528012451192,0.14491049252176977,0.03523311597621358,0.10214060714476017,0.04461737352094025,0.04768651139362032,0.08934588281972466,0.04485389287194501,0.2622231339986337,0.10692595985554973,0.03302040879207267,0.11272382047080681,0.0996306013815701,0.10951806357388869,0.182457090462204,0.04106670125396962,0.008812026400729651,0.040683697986512425,0.09732131788611229,0.08240953328444917,0.11793576783969674,0.06653405925969338,0.055851107285707545,0.06750994757208516,0.10252291892601131,0.06111789177742811,0.07181695441573877,0.06486194637983221,0.05172328374196308,0.06697561679340722,0.061823646270837425,0.08416602008708036,0.08579100957327038,0.13411245319856926,0.06587399012891142,0.07864815116437018,0.040958083738344246,0.08127529928706222,0.07888397534766864
https://ge.globo.com/futebol/futebol-internacional/noticia/2026/09/10/federacao-da-franca-retira-apoio-a-reeleicao-de-infantino.ghtml,0.05694434985460716,0.028578852614316353,0.06398275963424248,0.03097047206945065,0.04789673950199948,0.035608465375867364,0.05219898736672323,0.06139296993061694,0.05704312590430687,0.06996426994350677,0.0387840073075282,0.021181220404821968,0.05215411992357574,0.031363293422951306,0.0316069770620507,0.033354517532061034,0.0271899600710023,0.016608768707593754,0.05175595208006956,0.06473127214491414,0.05314837061148922,0.06205818162432286,0.05535121064599868,0.09141589903889838,0.022841485490635662,0.09045765110882058,0.04299556571378702,0.067627370352987,0.03441163563272295,0.0777599262280513,0.06629935441317959,0.04252711968595686,0.06813156254133328,0.10971387096730799,0.028139921883685276,0.05440478773250254,0.03738843926708165,0.030460335887785385,0.019283819729436803,0.05727835628744874,0.05023237925348388,0.10591481821704041,0.051712009743370944,0.11389591971822477,0.033385248346033194,0.07592579980614289,0.032799162433933896,0.06006109318290664,0.03596213244727283,0.027100075659502027,0.023646354726688266,0.08126670802141107,0.04848000913441026,0.07262730392025626,0.05373661066330412,0.9999999999999988,0.07568562769081416,0.06309933217282221,0.034560927594566186,0.018439265932388413,0.029345961335040208,0.06324350098676743,0.0711212549547192,0.00432305380477716,0.07832818076563045,0.045620741787613245,0.052009492598677945,0.04347243575056199,0.017511166929511643,0.055382181056531025,0.10436097138069877,0.016881490598248415,0.03688281152344139,0.06643768882365422,0.0540785989091686,0.037312047547526685,0.04723899860968407,0.01621834879088875,0.02495916277909329,0.04342250510803256,0.07450603922533253,0.03946514437436846,0.03809696588797297,0.034264261783644154,0.031062658768476636,0.04891995904702285,0.04820836763954664,0.08034324119760572,0.027854643766154916,0.05993797865184458,0.050571163299281116,0.09798162889235716,0.08468182932362804,0.07416352835274855,0.06369835932390965,0.06061984494677554,0.08888174101512288,0.07538248952816264,0.039889459910902425,0.10817653231935298
https://ge.globo.com/futebol/times/sao-paulo/noticia/2026/09/10/sao-paulo-atrasa-tambem-salarios-em-carteira-e-nao-da-previsao-de-pagamento-aos-jogadores.ghtml,0.07003536901060807,0.023006543878122038,0.06295347921600566,0.34535222378602753,0.01047249607026204,0.043794547112536095,0.02334512300353602,0.1812160531350789,0.0726329770471113,0.07358626702418486,0.025440063457773436,0.041680963001507206,0.05131512494001176,0.03798000878667605,0.023323890508917106,0.11251868141005018,0.12187277120682631,0.04902475830742564,0.0875881832573165,0.10228992054122056,0.13170184913998256,0.09080697363869027,0.05446078457545552,0.10902461344948917,0.05337584064838724,0.04450123667345043,0.15335164810894328,0.06376698217913535,0.13317504054493876,0.07237339231679642,0.06319428207705222,0.03692028768977851,0.18674186419884733,0.24476790334934295,0.03164255938535265,0.3227069364562129,0.11342651373021741,0.07117952267637465,0.0189736040064861,0.05967204197641142,0.011405607462608878,0.11016589682245148,0.09222023003442868,0.12026347678706223,0.03490119677168724,0.06069731980919365,0.1085496835943882,0.19369994995241313,0.03538361537583651,0.11850720479046026,0.1279627778063672,0.14363074441823895,0.025440063457773433,0.1458953768729763,0.10133830360839097,0.07568562769081416,0.9999999999999984,0.04966741064866082,0.06800990296285957,0.014514109129006894,0.03149877550890268,0.08103865866583788,0.10846456499163794,0.025521057178946295,0.13358475494457922,0.0927661529733449,0.06396603026469004,0.06880890262440738,0.06399516532894942,0.08043947427944748,0.08214570650386134,0.05979571473493843,0.09979607999624321,0.06536891635228835,0.03708481327942365,0.37935541761427205,0.378029788823831,0.02127659574468085,0.12278824360223728,0.06675620971112088,0.10996120873775139,0.07442469357841011,0.06693590373662144,0.09102525683205766,0.0687666571791535,0.027504566566901156,0.14756885839649977,0.04080039862184181,0.13703275284045482,0.05550472092064488,0.03420837274641175,0.05908718928925666,0.10973796534800868,0.04472383739356088,0.07834206750995827,0.09278058719862328,0.06496427946674005,0.2769006743210691,0.058871646826282265,0.10083440250007238
https://ge.globo.com/sp/santos-e-regiao/futebol/times/santos/noticia/2026/09/09/santos-2x0-atletico-mg-assista-aos-melhores-momentos.ghtml,0.15258912230919205,0.19095376616125398,0.06389417664661504,0.03951859233866744,0.12223331426697502,0.08860158884519914,0.19618601439753264,0.1128066693274418,0.13872446115445694,0.03878845624667848,0.10392633597185963,0.10810968751610264,0.14374608119459562,0.13853020088099458,0.117967526404102,0.07660917923639858,0.13183957907699562,0.2615813525300434,0.03803964251034995,0.040547945881828085,0.03164829929757838,0.0767502644005478,0.09823799978428023,0.18451511116677338,0.08525185870940892,0.05666305975798627,0.07406466748406142,0.1553276053739444,0.03161487387093395,0.14481098813403703,0.11420804814403218,0.14938828532832804,0.022355091700494795,0.09376466618344802,0.12926442825703138,0.021421332023052377,0.08587435397402583,0.07433438851189446,0.10123743940282379,0.11608043601255662,0.10649955403405124,0.12510864843424485,0.037116548561378436,0.11484787414830525,0.20607686105259893,0.11444184173189403,0.10957619044784427,0.05364693492921868,0.019061166943841364,0.13831973112108928,0.05819069847145179,0.02073940557187396,0.14104288453323804,0.13205912890281402,0.0822820603716735,0.06309933217282221,0.04966741064866082,0.9999999999999991,0.007938008079785015,0.042351595325704414,0.1225495717535676,0.0641840614672667,0.07759239681628004,0.029787773436724965,0.029984232439515167,0.06985495705132572,0.022398041003683238,0.18233144554767916,0.09193125250974034,0.07874450533081362,0.07533363093289293,0.06203787599209211,0.1270695303578732,0.012207610093597767,0.14679195171346773,0.11997845478343566,0.079566133707966,0.360088727202791,0.005732659670750914,0.2555670708889035,0.012223331426697502,0.12841256403779816,0.1000019531822223,0.06295895528665141,0.059454335055361775,0.2086688120153333,0.030757148676772556,0.14286473578509512,0.08682590532607824,0.08907831696811735,0.2831220633698448,0.029038160345625105,0.07590187486469299,0.11539158284426271,0.09143961949493187,0.025783816863933523,0.1866468364937112,0.04232303405776512,0.18323747486499045,0.04576923415452928
https://ge.globo.com/futebol/times/botafogo/noticia/2026/09/10/al-ahli-recusa-investidas-por-matheus-goncalves-e-frusta-botafogo.ghtml,0.05969750308475662,0.022878993630299955,0.059493679132370435,0.06493567339421698,0.02008498305079208,0.048529088841313676,0.023879001233902648,0.030893378713833,0.04221250925113624,0.17906763356705296,0.0365932276268452,0.020724940088091424,0.039366485611624584,0.07891116055497249,0.03976213862437721,0.0719324152795404,0.08741393489192117,0.02089412607966482,0.03906594427940833,0.059224065653269195,0.06933794972783434,0.10209192411618825,0.015825637790011154,0.06969868178387251,0.2514312019928506,0.020690424004474867,0.12620809940710168,0.04962791940549919,0.0750367781444285,0.08460399442733335,0.09122505614997022,0.06608807722031576,0.0918329099959314,0.16209560310397653,0.02781469555832955,0.06844218943819577,0.07839220130459561,0.17962332964551828,0.041587521918741696,0.04662524041201569,0.0826372948206444,0.28552012036008034,0.0365932276268452,0.0489259332741987,0.026249522181015405,0.07163700370170795,0.06376843572837682,0.11123805209231998,0.0487210785017307,0.026516292909074476,0.21673203569060961,0.2915589666980682,0.13417516796509907,0.15608433246351058,0.07886854595124308,0.034560927594566186,0.06800990296285957,0.007938008079785015,0.9999999999999988,0.027836308927462396,0.010068474729304035,0.09066304508410973,0.05815667140559916,0.032630870898294896,0.42699905239161595,0.08417449860724446,0.08587538611150074,0.026155654818068492,0.05979397462790473,0.05640095472597162,0.04126192900071441,0.0594642021760098,0.05509908811763741,0.26076895343815865,0.035046704477755944,0.05006849988533434,0.019809166475147792,0.020402970888857872,0.0659380473395787,0.030727284076399235,0.26445227683542905,0.04551053164096269,0.07188998978762828,0.3620824200783102,0.06838540894771279,0.03077108875847006,0.0640162597122723,0.12389621089739418,0.07258624740863837,0.0842739880156935,0.03578592476193948,0.22664419015895004,0.2728239216958942,0.03310610959858652,0.023372319715296224,0.059313988082825696,0.05750475898195353,0.12644334793907652,0.04077258996031048,0.05013768397234316
https://ge.globo.com/futebol/futebol-internacional/noticia/2026/09/10/de-paul-e-lewandowski-batem-boca-e-trocam-empurroes-na-mls-veja-video.ghtml,0.04459051003808889,0.097652899311846,0.06348323654313281,0.036954753506957476,0.04286370413035991,0.07568339741197028,0.05096058290067302,0.016482521312417467,0.06306050404899895,0.05829426368048583,0.08677136645962127,0.09477738714493601,0.06300951515523691,0.12306566776991452,0.0424285283506487,0.038378047894379555,0.032443750616221366,0.11147627509522226,0.027790432167340864,0.026331476327561446,0.031708992533914016,0.01922436287942267,0.03715113921723635,0.06321668573727944,0.05365836069718408,0.033116839479652896,0.03847755038933868,0.04539076601138524,0.024636502337971655,0.09309858126879206,0.041718202452186076,0.12424925095012868,0.05879465280415572,0.05308841850394634,0.13490867076177634,0.01669298756727276,0.02091226635809438,0.051111627278052185,0.09984671803547727,0.06784344478704471,0.06743086892153102,0.03249777854809549,0.026031409937886378,0.04101965481854841,0.04761661919565789,0.08599598364488571,0.07204727852716049,0.024635332263532587,0.040847903939367936,0.05254680966366554,0.03854429380531032,0.04848474954657672,0.04772425155279169,0.03249777854809549,0.06011239502910361,0.018439265932388413,0.014514109129006894,0.042351595325704414,0.027836308927462396,1.0000000000000002,0.032230954894224374,0.04738421568907083,0.07160373585211746,0.0754412716295074,0.03504869016467367,0.057157618617322284,0.08290700798232845,0.07611712917029076,0.09402646017847574,0.042482201399749675,0.04402889243326474,0.05438724249088469,0.027849766172109977,0.0249716681325192,0.11439046938311993,0.0667825235372583,0.05073009513899257,0.06531349108053103,0.0134018579948627,0.08743415980981571,0.028575802753573274,0.06622145458829652,0.03287606798855169,0.05519473246608815,0.07992087369191067,0.11726625745504861,0.025166508549014716,0.02087439569317991,0.050745575364980255,0.08519236672728074,0.05939993969090817,0.03818567551558382,0.027725627340311202,0.032114687221169246,0.03562804660658889,0.024111045973236354,0.040907294915423664,0.031481905072434146,0.07362678915556731,0.02292850384222668
https://ge.globo.com/futebol/times/corinthians/noticia/2026/09/10/diniz-elogia-mudanca-de-postura-do-corinthians-na-libertadores-e-o-que-a-torcida-merece.ghtml,0.07833851842455529,0.5197282975537556,0.048625566750510614,0.026733285852089457,0.04651178318564198,0.13831532069665345,0.14746074056386874,0.09538842221746767,0.1955071680215659,0.056227217218090035,0.09101782879466014,0.49822097010192795,0.08609830113044548,0.06794122080519213,0.1496286028610814,0.1480688286717928,0.20536249870461185,0.12441999985076425,0.054280157239999884,0.08381271673574209,0.15674622217221804,0.06489941303639549,0.43244885272067873,0.16140466572754644,0.11922294703266163,0.061888700418878284,0.09046337971301298,0.18607036560882148,0.11138869105037277,0.10000166601414458,0.11669287887131166,0.10931672224445703,0.042532397346174415,0.11769112975677716,0.3474336617898616,0.0301895132568846,0.14825495247194748,0.06655401275612005,0.08560557342528226,0.20285716612008672,0.37522989874104357,0.09697497139839849,0.02510836656404417,0.08902157804504139,0.1317058376167032,0.09216296285241796,0.1592537976133116,0.10530794258243087,0.029549613753051367,0.5146330829917678,0.11481304736125007,0.06576403639376731,0.0439396414870773,0.03232499046613283,0.060879923741606806,0.029345961335040208,0.03149877550890268,0.1225495717535676,0.010068474729304035,0.032230954894224374,1.000000000000001,0.05713003347253212,0.1018705078151445,0.04617855780876119,0.030425314115126265,0.056115356193707555,0.0757584211941183,0.18170980919924415,0.1190337642217421,0.12804947558276986,0.06080599545235535,0.08524544345490802,0.17460459907338777,0.03354863845067818,0.07956801708561237,0.0603885874691769,0.07339689787940562,0.1469942857082125,0.0460511684410784,0.15549052982745032,0.04392779523088409,0.19800728952220134,0.150624024937586,0.03327349484885929,0.07541116915425175,0.061078391827114505,0.054616800527152634,0.08305363282228025,0.14490650299796873,0.07190010184550664,0.1411880150073793,0.0675247028296162,0.08022752699216365,0.10686698590785353,0.1726827065024654,0.056686735124363556,0.11590426200872302,0.035788020923726335,0.45030643916336993,0.04146653604789816
https://ge.globo.com/pr/futebol/brasileirao-serie-a/noticia/2026/09/10/athletico-e-coritiba-voltam-a-ter-jogadores-convocados-a-selecao-juntos-depois-de-85-anos.ghtml,0.11432224332770288,0.06398214071078587,0.3053077467547416,0.07921776816023596,0.09687042149991688,0.08896288729560274,0.06605285170045055,0.11832321876254541,0.09341283870819594,0.09686980011487589,0.0795935906117889,0.04913850149510725,0.12006209250856362,0.1175353574727161,0.08460612350518187,0.06377426514389929,0.058226058514915226,0.05843136881193703,0.07647477633816002,0.07666054346628516,0.12751474074302196,0.2606781900416305,0.04714344540876165,0.12309338609613207,0.0626710607957009,0.2542455972936129,0.1707187646615047,0.15839788893872564,0.0663218524132208,0.15864341857857858,0.1197931287711754,0.06830241437020748,0.10421473684942625,0.13523126439114805,0.060260358379562826,0.047434329149102124,0.09340990895187808,0.0784791448105488,0.08701534890148326,0.07756377039931688,0.09308972381106007,0.14580755302687518,0.11073890867727154,0.3271868355212442,0.06590759609696088,0.13083545625281554,0.08141212221909462,0.06877495079715312,0.06220140657870845,0.048361312625085306,0.08499881078491674,0.0829860252395985,0.062290636130965235,0.2802745185961045,0.15103528012451192,0.06324350098676743,0.08103865866583788,0.0641840614672667,0.09066304508410973,0.04738421568907083,0.05713003347253212,1.000000000000001,0.1351688427779049,0.05323132888282748,0.10343733821511171,0.08629701711942654,0.048726980152591415,0.07184446553720039,0.07633799253140838,0.06353486412540653,0.3240521727544354,0.07049433617446721,0.11970839341180574,0.06544570803312845,0.11142022820465289,0.14249198357348228,0.05732409037608564,0.06077899399937841,0.046767794438859464,0.07264633815783347,0.05698260088230405,0.11972647438581549,0.4181124325343436,0.08988480712400455,0.0817632644849955,0.10101843598793647,0.0759931806687387,0.12903853805872723,0.08947417246687783,0.09060313810819048,0.07276126621445639,0.05753216398352365,0.08071942618831467,0.1191133583020152,0.3040742255862194,0.07091725223115965,0.15770713029205685,0.05739667939267139,0.061396672796704334,0.12497183386474464
https://ge.globo.com/sc/futebol/times/figueirense/noticia/2026/09/10/anderson-conceicao-ganha-espaco-no-figueirense-e-mira-reacao-na-copa-sc.ghtml,0.24262597170552594,0.15805955713567596,0.14043344118399298,0.10467524287989681,0.18599360170053264,0.12483206978311617,0.10442130427832762,0.13509471636873552,0.18242085405488656,0.11398349585419815,0.12968923456643186,0.10357577372881548,0.19577508376004726,0.10461498934563392,0.08438159256945181,0.09560027035516142,0.12318204605005148,0.12131298585276297,0.09513042691700575,0.12822195068490985,0.14268720036918645,0.1884631008379797,0.06839030450527915,0.22769438419895283,0.09978584082364286,0.09446953598007507,0.1043507894196711,0.10030319150501664,0.112841396579747,0.17274227717496743,0.1662730295876014,0.14571369162656805,0.11338709218119412,0.2138472425927032,0.14179540368357352,0.07746412231719546,0.14518755459243385,0.10103442201346163,0.11589085932590108,0.1570055213064818,0.08002601268186951,0.14493097175761582,0.083670473913827,0.10427809924366906,0.15665109009777614,0.15202513416991814,0.16210266624309203,0.20515643153382235,0.057291852587152324,0.15785335486324598,0.13992230081577486,0.10908818950969466,0.09831280684874673,0.12338717865851076,0.14491049252176977,0.0711212549547192,0.10846456499163794,0.07759239681628004,0.05815667140559916,0.07160373585211746,0.1018705078151445,0.1351688427779049,0.9999999999999929,0.0895326466456314,0.0996987240788729,0.16140825394501135,0.11570873011122913,0.12722143244004278,0.17161834791573571,0.1553219936307722,0.0907003013503015,0.10051697775259352,0.18350586603330823,0.05675828324681806,0.14106001831175416,0.1400612117428111,0.11210188535962971,0.06647828176906843,0.12761387855397127,0.13173372100642933,0.07577517106317995,0.18517932899682932,0.10214830170177515,0.09757416861791791,0.18931133884117202,0.12664465922318155,0.10400206804390529,0.15096315624399032,0.13649484252452868,0.07758412955326406,0.10228071826600216,0.08182457461280175,0.12966384992885127,0.1517384239089495,0.12024190502457331,0.11915320073814185,0.17257370030507546,0.07263962083341831,0.13392358593894704,0.12160017451479997
https://ge.globo.com/futebol/futebol-internacional/noticia/2026/09/09/chuva-atinge-tribuna-de-imprensa-do-camp-nou-durante-jogo-do-barcelona-na-champions-veja.ghtml,0.059738099827350476,0.07358963233270403,0.07441767158293018,0.03248991615338157,0.06699547220120562,0.10739693114710074,0.07467262478418808,0.05796447651433492,0.1003228867724063,0.11768795790739103,0.33058018245056275,0.07777137710478191,0.06565542738530585,0.2847289304211074,0.07460470969529906,0.0524863881081478,0.052293868443121005,0.07840625602339749,0.06189647530441027,0.03395352837654195,0.04646323819302924,0.03505536546997459,0.03959099967669237,0.06974607973684036,0.049421857863905926,0.05499631308702322,0.073295582096644,0.05764300798696151,0.05053986957192688,0.07937018306460332,0.07498582632511204,0.36609350254496964,0.03063178670965128,0.15658484046753116,0.08539857824850916,0.02201423558303632,0.06863982230545802,0.059915160284288796,0.2904436260378936,0.06362311020216047,0.04864323032907135,0.03809523809523809,0.040686791686223106,0.03497086064926312,0.09193580525222225,0.06720536230576928,0.04692044181734729,0.04988113848561646,0.03482443630491458,0.05212099567766608,0.05315672116056644,0.052099506913331727,0.03051509376466733,0.0476190476190476,0.03523311597621358,0.00432305380477716,0.025521057178946295,0.029787773436724965,0.032630870898294896,0.0754412716295074,0.04617855780876119,0.05323132888282748,0.0895326466456314,1.0000000000000007,0.028759865427152545,0.13400504203456162,0.21994956845496866,0.07733062330090867,0.12203116751498982,0.04979939089492515,0.03753635345387783,0.03719040016528009,0.06529329207244614,0.037636483700048594,0.10314864020454897,0.05088540083261059,0.0545122531749683,0.017014038119297532,0.007855105703260213,0.06405870809528047,0.03768495311317816,0.07245235560022185,0.09420567346617122,0.037742567804819854,0.08146656407317157,0.0769800358919501,0.025286760547076903,0.02854813347699591,0.07827113041409245,0.0443848935646067,0.05471012044321932,0.0397891785041595,0.052001800593518874,0.05270462766947299,0.050117601103258816,0.06359391859236403,0.04795322047409652,0.021088222430801856,0.05492350363810898,0.0627147245589065
https://ge.globo.com/futebol/times/botafogo/noticia/2026/09/10/botafogo-anuncia-contratacao-de-ziyech.ghtml,0.09470804161895079,0.03703748864763851,0.08724634462047554,0.07849007177010078,0.05057799507429933,0.05922287337400805,0.0586287876688743,0.03500806142625995,0.08291362666681448,0.11234986570759793,0.036859619587088506,0.024603637735796453,0.06939286616401162,0.11922842891418556,0.04130321216307024,0.1267981225348009,0.1148482072759162,0.022549533718797806,0.05705798888439341,0.10253238522306687,0.08792699223537456,0.12400707399018264,0.023911268279390357,0.10530911303340647,0.29577333920497684,0.04689235458468572,0.16004365026897974,0.09372975285408844,0.10683370879819273,0.10785643078768992,0.07285497508434784,0.08558895375712773,0.13875215501114266,0.1939908466366055,0.026743673174837047,0.06647827754922453,0.07402770196682384,0.10674926310564896,0.07592611695232296,0.05443631460226317,0.06977376631552809,0.2991026004423864,0.055289429380632756,0.06600281927823357,0.05750833516705024,0.09019813487519122,0.13035451223061673,0.14587360904975855,0.06046834589048698,0.054372557802357425,0.15891669629380614,0.22741243103354936,0.07679087413976772,0.14667531367847797,0.10214060714476017,0.07832818076563045,0.13358475494457922,0.029984232439515167,0.42699905239161595,0.03504869016467367,0.030425314115126265,0.10343733821511171,0.0996987240788729,0.028759865427152545,1.0000000000000022,0.10116663310619017,0.08032193289024989,0.04490806222131843,0.06181424438014779,0.06265979039653431,0.04250690616215763,0.08663686321876797,0.09639508305603162,0.1616414174837829,0.0918886078242929,0.09219780864961359,0.032923066374302104,0.015413625570528375,0.12334783348623488,0.0722189371108945,0.15932068448404285,0.06876275989910521,0.043965239518909335,0.18887198374387307,0.09348440004032088,0.06641806418489572,0.10181413625915864,0.04679930718870307,0.09454482145669701,0.08377054651327542,0.057073529534424315,0.10513544914236059,0.14721965872417359,0.04319967297612335,0.0428809200320277,0.08748489653023056,0.04585601157381692,0.08437853885477417,0.08055922124440658,0.12445302566444116
https://ge.globo.com/futebol/futebol-internacional/noticia/2026/09/10/manchester-united-x-sabah-na-champions-league-onde-assistir-ao-vivo-e-horario.ghtml,0.15760250451281974,0.0949157995752499,0.07699235565451468,0.09523965018385301,0.15907417236906055,0.26280550932848107,0.052534168170939914,0.09968332876829007,0.13001543295183135,0.18963090807899532,0.1610113216407741,0.08076861409959331,0.10392824499629925,0.17360576091739008,0.08747731351357968,0.09495144870310791,0.1571941520992034,0.12082858679316176,0.0389620394692139,0.05863223287455784,0.12203564046752713,0.11274229736018077,0.05849196417391688,0.1257372966353859,0.082182656015942,0.04551924946659459,0.08329792507452928,0.05615083657181018,0.10158896019610988,0.13494430985788708,0.11927107455535577,0.20216798165909325,0.07542595478077752,0.28105326224476435,0.12238551183708496,0.04474194823073012,0.11382626813193579,0.08219620744748202,0.19823523351184352,0.13801167170410034,0.0769990503509018,0.07705289916987292,0.03935832306774478,0.0830348758212823,0.1385984412821848,0.08930808589059784,0.07592247751951695,0.09604318253908586,0.06737476010943551,0.10667200040003333,0.12902020348726453,0.18993116242816904,0.1073408810938494,0.12060453783110543,0.04461737352094025,0.045620741787613245,0.0927661529733449,0.06985495705132572,0.08417449860724446,0.057157618617322284,0.056115356193707555,0.08629701711942654,0.16140825394501135,0.13400504203456162,0.10116663310619017,0.9999999999999993,0.11515560455667478,0.09625347932224243,0.10246870303269111,0.0963467717255795,0.04291270468494436,0.09344439632682235,0.1811902618052208,0.12356522521632356,0.23403115112579764,0.12667418592468913,0.08018806372334708,0.0538642178554906,0.06907843490305471,0.075111661371143,0.10310363023920592,0.16019818580222714,0.0542259695224018,0.09483176972207205,0.255046785139194,0.12378855534627403,0.0830195585457089,0.05164551665900702,0.11673952172932449,0.0429356778414843,0.05948457318923417,0.14696188670281382,0.11204046992445624,0.06091566542402395,0.11753019674398782,0.20381557880751747,0.06466135658607178,0.06676255214859322,0.11592041601593547,0.05357606929197664
https://ge.globo.com/futebol/futebol-internacional/noticia/2026/09/10/deco-nega-que-barcelona-tenha-pedido-a-julian-alvarez-para-forcar-saida-do-atletico.ghtml,0.10106619508097792,0.052259475036138,0.04608156130736432,0.040716396374028525,0.05667218644883358,0.10182021902339627,0.0673774633873186,0.05327017054054162,0.08734561231058906,0.13416529337068217,0.21797681746267258,0.06126256391119054,0.061709586897043874,0.23693019893120465,0.03739787960033829,0.08456913721991485,0.08221629735166397,0.10106619508097786,0.04164215847881221,0.07427013245495193,0.11179733364597942,0.07154545558962085,0.02976928893389828,0.06227667449090997,0.09121413410580119,0.041352861709894204,0.1081052087599632,0.07001556074266192,0.06786066062338086,0.0969801252553004,0.061286292230682514,0.2545537604546948,0.09213068794097577,0.15849530573326862,0.035673862061587056,0.05885496042204971,0.058984797245234546,0.06757716649955656,0.24120747391791808,0.07973254720972993,0.03200386682322616,0.08593378488473194,0.022944928153965538,0.06573827785585626,0.06419068265796125,0.0336887316936593,0.08820111898999852,0.09475365843473503,0.08182878643402365,0.053442069909883316,0.14189220287317048,0.1584794415720115,0.045889856307931076,0.050128041182760305,0.04768651139362032,0.052009492598677945,0.06396603026469004,0.022398041003683238,0.08587538611150074,0.08290700798232845,0.0757584211941183,0.048726980152591415,0.11570873011122913,0.21994956845496866,0.08032193289024989,0.11515560455667478,0.9999999999999993,0.04920087619001678,0.04439891170721419,0.06552908033850115,0.04586458187479923,0.047938677713704185,0.08455314154411074,0.08489894422006454,0.06980363033561134,0.055921066041033474,0.04471514954377965,0.01918980907940701,0.056110951361784775,0.12844550230058557,0.11334437289766716,0.09339157710812351,0.04507693793745453,0.077029840439999,0.13782687566212998,0.04547940268270977,0.07288560700974198,0.02146593015938684,0.10593661811810835,0.11680870805619947,0.12715279064115018,0.11593342676104869,0.10019689169148159,0.025476233268253407,0.04396520051149295,0.0637567714034226,0.02103325884425058,0.06144459329429211,0.07079676820129573,0.11452291504869362
https://ge.globo.com/futebol/times/palmeiras/noticia/2026/09/10/analise-palmeiras-cria-mais-para-vencer-e-melhora-mas-vantagem-minima-no-placar-ainda-preocupa.ghtml,0.12079769262198525,0.2609711391440509,0.10335141176321187,0.0710254660901698,0.07322863833439576,0.11636821932443847,0.15997532266154804,0.09855597311989679,0.19853650308118062,0.07635257046229534,0.13341670364361047,0.2396391151106223,0.09688128876137693,0.09793047081033533,0.13319152032030668,0.09506970424210884,0.16628136053252396,0.225271372727486,0.04415394467867603,0.30229832620857605,0.23564756735237113,0.07882327176718157,0.14886425098141362,0.2172702019908659,0.12571927088689225,0.0537481782016656,0.3204596069862505,0.45170479599790825,0.11048405836248636,0.15905023785261183,0.17247740659789618,0.18243595534279186,0.03348172580619617,0.1272678218012421,0.3028492403119592,0.05561090226488856,0.45873025631150394,0.10216375101357175,0.10234727985700512,0.36162108546824695,0.1276054301873914,0.12491869917839092,0.053366681457444186,0.06307042695975264,0.13924957705030905,0.12079769262198521,0.4123382731637324,0.08493955345729148,0.13703203340916578,0.14708685586493103,0.09063966447854142,0.06522994001065917,0.11562780982446239,0.05829539294991576,0.08934588281972466,0.04347243575056199,0.06880890262440738,0.18233144554767916,0.026155654818068492,0.07611712917029076,0.18170980919924415,0.07184446553720039,0.12722143244004278,0.07733062330090867,0.04490806222131843,0.09625347932224243,0.04920087619001678,0.9999999999999983,0.0963812594263806,0.11430858052239092,0.06769732842986653,0.08130108718498556,0.16176767003016693,0.03656722677579055,0.24803998366016375,0.1146621676590677,0.1473349765367487,0.10042380383021615,0.0343437355226009,0.1475059386309938,0.05126004683407704,0.21042770582526574,0.08612073089652535,0.040075396027557664,0.08370333455680364,0.18751679595340093,0.06817720096665521,0.11055206663543952,0.46267261523813535,0.08490020474869946,0.1239496597266527,0.058712996712624976,0.1250479477377217,0.11192448999558392,0.0858227417193846,0.08650209104989234,0.1554970080855468,0.0426429467710279,0.18696150413458726,0.06267393448983749
https://ge.globo.com/sp/vale-do-paraiba-regiao/futebol/times/bragantino/noticia/2026/09/09/bragantino-goleia-cruzeiro-por-8-a-1-pelo-brasileirao-sub-17.ghtml,0.09938381426098829,0.1348482736575833,0.19504925171314874,0.04700185587880712,0.12114957122650018,0.13780361766742133,0.0993838142609883,0.09689897070045081,0.13749450457329612,0.06370811252427237,0.11183389790727262,0.1307244239198823,0.11397728160542929,0.06370811252427239,0.07195175669120599,0.06074395853315334,0.11829133895645928,0.1015443319623141,0.024506544429346196,0.10538302132999347,0.11292371876353305,0.10722216953952642,0.07789360289140168,0.16143816056288907,0.10919483083905926,0.05241662967427104,0.11745279443709426,0.07954106183596502,0.06058016979935141,0.137785984594069,0.11319545858868413,0.09794988610478357,0.03545101975494113,0.15101666354397764,0.11896703563368369,0.03680110469428488,0.11064686900952195,0.10574576224569582,0.1078653383733228,0.13499346141256544,0.059814675329451984,0.12675495464460232,0.03237297044684207,0.10371142406435677,0.1215998486082827,0.07561811954640414,0.09231396762535364,0.112419301689381,0.04282224550092731,0.15902830102295787,0.08612765509784485,0.0589258417404385,0.22661079312789442,0.09919952972186268,0.04485389287194501,0.017511166929511643,0.06399516532894942,0.09193125250974034,0.05979397462790473,0.09402646017847574,0.1190337642217421,0.07633799253140838,0.17161834791573571,0.12203116751498982,0.06181424438014779,0.10246870303269111,0.04439891170721419,0.0963812594263806,0.9999999999999993,0.14648698049509948,0.05973256728699354,0.0737854041312734,0.1805181689019671,0.024198750355560746,0.07013386627739064,0.09513176299341118,0.1118387906800622,0.07384057537955702,0.043181929705540974,0.15074508430183847,0.03634487136795005,0.12278200988087917,0.09911531747701337,0.05928071213161606,0.11078313973807118,0.09545479198066951,0.19022296887983636,0.037759485538066136,0.1648653530619122,0.10915673075735541,0.0949763188323919,0.04892719455002008,0.0752289148853543,0.05881808563849791,0.07491988985209488,0.05315484262921267,0.07399679652834266,0.042710477351030604,0.09534675030260496,0.03629074856679811
https://ge.globo.com/futebol/times/fluminense/noticia/2026/09/10/auxiliar-do-fluminense-viraliza-com-gesto-para-chamar-jogadores-no-aquecimento-veja.ghtml,0.06833021636554316,0.17208909009902584,0.061420749495042115,0.12222475736869662,0.05108760990892456,0.15097325715239385,0.08199625963865177,0.08250852491810637,0.25446826592063637,0.060214876622471915,0.09307752630814513,0.1265169288233371,0.055072329930742,0.05789891982929993,0.09481676350792287,0.054889593319268466,0.11890553220858201,0.1457711282464921,0.039746824122741574,0.0847353953478906,0.09448183924159607,0.07943098108416957,0.11593053092664296,0.2632662173449272,0.0794848757435044,0.059206041955948904,0.06535038740358509,0.073034349750691,0.05946069277396049,0.11701303755789338,0.31225623403897396,0.08645133275120626,0.08409011814903485,0.1347125063076558,0.14278372754562849,0.06714810078697152,0.11963774696816974,0.12061762835837567,0.07140209114223393,0.12614161187103626,0.07789540423606979,0.0958638274727309,0.052743931574615585,0.09600170671217909,0.06810291315705255,0.1116060200637205,0.07442101012333574,0.08167949650011899,0.042488775047974665,0.15608957486930403,0.13457562361958467,0.09534874635021245,0.07135943683624461,0.08424396959724836,0.2622231339986337,0.055382181056531025,0.08043947427944748,0.07874450533081362,0.05640095472597162,0.042482201399749675,0.12804947558276986,0.06353486412540653,0.1553219936307722,0.04979939089492515,0.06265979039653431,0.0963467717255795,0.06552908033850115,0.11430858052239092,0.14648698049509948,1.0000000000000027,0.06583397049372007,0.06158097090603494,0.1106435712235284,0.08418613886903986,0.10382634621046466,0.11222970595748866,0.13906549927205178,0.06227572202279803,0.03114766605021981,0.17976126972663492,0.09195769783606422,0.1294399840033442,0.06008171673249041,0.07894138927459854,0.08945652518467671,0.08050473686826042,0.06684599823910933,0.03980703043355971,0.09740738693578356,0.04738417799422184,0.07281927437408477,0.0576485922128171,0.11103158653547907,0.04133836909571629,0.06624338196384932,0.049571383175796874,0.06825817680613339,0.05789120734509849,0.1412024815185153,0.04099141046669217
https://ge.globo.com/futebol/times/flamengo/noticia/2026/09/09/zico-opina-sobre-convocacao-e-elogia-pedro-do-flamengo-melhor-do-brasil.ghtml,0.16481275658901123,0.13253220195513166,0.2687178959907387,0.07469761980573637,0.1386264605550088,0.061192340459491304,0.05150398643406601,0.16880388315120937,0.10197269058387047,0.08117297342946356,0.07717303263478882,0.03831520743224889,0.16415649524057133,0.09164690548487821,0.11577857248396796,0.06205964988966265,0.09509014516392929,0.06437998304258252,0.06291435910100673,0.06599839105987632,0.14528024226772432,0.25387692296421926,0.03549925573124663,0.13529811960372132,0.05887886245544759,0.27668509675845393,0.17693969334979892,0.1712658356368958,0.08216738178631001,0.25547216627692365,0.114683502846934,0.11946513457398704,0.07922879025469613,0.1287708278421828,0.08289911621057364,0.047238767642765404,0.08115939187867477,0.043391578801001904,0.07773915630928872,0.07313799879173907,0.12581519744777375,0.1642215463607155,0.14382246991028821,0.5216051424758822,0.06341092843863762,0.11588396947664854,0.0679611650485437,0.06880908464926384,0.030024344600949902,0.0784351421100988,0.08432676664206165,0.07840280438779666,0.07015730239526256,0.2791766288132163,0.10692595985554973,0.10436097138069877,0.08214570650386134,0.07533363093289293,0.04126192900071441,0.04402889243326474,0.06080599545235535,0.3240521727544354,0.0907003013503015,0.03753635345387783,0.04250690616215763,0.04291270468494436,0.04586458187479923,0.06769732842986653,0.05973256728699354,0.06583397049372007,0.9999999999999982,0.062296143254144294,0.1826410304953928,0.02595903052176775,0.12450333461556144,0.09989206688705925,0.12646856763316533,0.0528079541810537,0.04063429457061244,0.09720313773579618,0.06064907649281635,0.09280625541833004,0.07383696109634379,0.05950217134590406,0.0814754616343344,0.06826561487862891,0.06685735780385504,0.19971811343796655,0.0777398191234771,0.10332094926213799,0.051457143326207974,0.03430476221747198,0.09415147257977685,0.1791633739443048,0.31687001319306657,0.058483553242102665,0.22325488974524008,0.03636297522464259,0.10011781195888486,0.10814064498982465
https://ge.globo.com/rj/sul-do-rio-costa-verde/futebol/times/volta-redonda/noticia/2026/09/10/volta-redonda-chega-a-cinco-jogadores-emprestados-a-times-da-serie-b.ghtml,0.10497456133097599,0.08621007804577654,0.0752142246657856,0.07189462249329914,0.052323356828919435,0.10211092562520094,0.06415112081337422,0.08048029087239292,0.10309475579057814,0.05929942402156179,0.05958059877992361,0.10123220225761093,0.04486718597123199,0.1126689056409674,0.04855513263619766,0.11126341728741623,0.10395999794827519,0.06123516077640266,0.020354125639250223,0.02892834704103551,0.07983297266745487,0.04106727669770766,0.07420921809435105,0.09872973317262058,0.09474150785303956,0.035372262238146976,0.04843700450680208,0.06926014955242496,0.05920733617095226,0.08523348110288936,0.05601755800621135,0.13219884906853152,0.10765519432064201,0.10974968883207588,0.08645797646210775,0.030565480611525763,0.0727531600761905,0.07253014901488389,0.09818274983257873,0.12008307310503663,0.08547814176000998,0.08925696039667219,0.011916119755984722,0.05803839596203902,0.17437559872921768,0.06706708085034577,0.1026054124185906,0.1271231342250388,0.027197829155911703,0.06661049630984173,0.06434873725823127,0.06843256243974971,0.03972039918661574,0.048347520214864104,0.03302040879207267,0.016881490598248415,0.05979571473493843,0.06203787599209211,0.0594642021760098,0.05438724249088469,0.08524544345490802,0.07049433617446721,0.10051697775259352,0.03719040016528009,0.08663686321876797,0.09344439632682235,0.047938677713704185,0.08130108718498556,0.0737854041312734,0.06158097090603494,0.062296143254144294,0.9999999999999991,0.06799194248791791,0.05878806736399164,0.05840521940696027,0.08865392980746907,0.08514796539850152,0.05315174643105639,0.024539300053364983,0.076712281417926,0.07194461563976422,0.08083596293068265,0.05016441857384929,0.10106360639470567,0.09543788471610795,0.04723815260272759,0.036206352629732166,0.07007328952676625,0.07335555346952086,0.06499599564784285,0.13206996077045763,0.07380380160702044,0.05076665405143674,0.05292286722692443,0.016309069353098185,0.057944540372942464,0.09987036968415088,0.049409604151485265,0.08272639669060983,0.06647299252412997
https://ge.globo.com/futebol/times/flamengo/noticia/2026/09/10/flamengo-busca-contra-o-independiente-del-valle-sequencia-inedita-de-vitorias-na-altitude.ghtml,0.19112436279412687,0.28340067228387217,0.12604752187134677,0.12127185659842098,0.15629205649478273,0.14690258671863235,0.13936151453738416,0.10646197001329696,0.2055335272429792,0.09109535715575678,0.1681390323532141,0.15995540106563452,0.14878973100039894,0.15587427779985047,0.3746078190741381,0.0839617221800399,0.3979890588984966,0.10551657529259088,0.08511807509977413,0.16294491692070373,0.13213613450354275,0.09479778895997375,0.1266663085611894,0.1557356421084249,0.09822536125370152,0.07590156429992154,0.13679153986362105,0.14422698140974838,0.3349413182242105,0.42322447781558764,0.16689217496864261,0.15742863567032017,0.07350184471527946,0.24620470229818187,0.13661088064771315,0.0717360047658085,0.1437885155627137,0.12939132033481401,0.12944595091297653,0.2544424419154594,0.16211224543327396,0.10664571038499536,0.0650860770399538,0.21444580591113246,0.12255699076174788,0.17121557500307194,0.16512750702323187,0.13439013343859105,0.02785407561370979,0.15664808991868834,0.18707489756688886,0.09975884661657702,0.10576487518992495,0.0736363238372587,0.11272382047080681,0.03688281152344139,0.09979607999624321,0.1270695303578732,0.05509908811763741,0.027849766172109977,0.17460459907338777,0.11970839341180574,0.18350586603330823,0.06529329207244614,0.09639508305603162,0.1811902618052208,0.08455314154411074,0.16176767003016693,0.1805181689019671,0.1106435712235284,0.1826410304953928,0.06799194248791791,1.0000000000000027,0.04459743933983312,0.09212801508258102,0.15862689950824738,0.11098496114105047,0.07711515272436972,0.07539419950860726,0.13663172862332482,0.07814602824739136,0.3725389092239333,0.12329956189346003,0.09775201462868681,0.16941716216505848,0.11141587260716408,0.11461079302982732,0.1043840905652536,0.23539330461925978,0.09466917009119781,0.10343153942577979,0.0397813613176076,0.12997896013112567,0.09836264302178355,0.1046695321271236,0.06028460999509534,0.1278501315677082,0.07590268558877594,0.19454789778416715,0.06927122650476181
https://ge.globo.com/futebol/times/vasco/noticia/2026/09/09/estafe-de-richarlison-entrara-com-pedido-de-rescisao-com-tottenham-para-assinar-com-o-vasco.ghtml,0.032132411791892315,0.05780372560186569,0.06996556905907429,0.11983500757282371,0.015444028234551127,0.09472439545087484,0.09180689083397807,0.027714134181524835,0.11035936761621028,0.08401497467001406,0.0468963005207404,0.05008492663078959,0.0201801552846221,0.10735246763390684,0.042039888024232114,0.09679475143482977,0.0876724627602986,0.06426482358378464,0.05807566380351648,0.06641162971740613,0.06664539189643036,0.08004121526067001,0.0389403918325454,0.10450770075259819,0.13533381636237438,0.027841751744488,0.07278428287976993,0.08449846969908999,0.05326000336569943,0.13417572250303833,0.09419613214487094,0.06775650099557008,0.10827396494447518,0.10489575275663421,0.04860833571438572,0.04661295770333608,0.048222748996307255,0.19889064309212334,0.07195064279920543,0.03259248815373067,0.06728043534336928,0.08196389783566137,0.018758520208296155,0.04568242203860907,0.03633147457617411,0.055084134500386836,0.09229877518850756,0.06778223945841509,0.05887089737678565,0.049516826864926325,0.22383738471008505,0.6900382110532086,0.03126420034716026,0.09074574403233941,0.0996306013815701,0.06643768882365422,0.06536891635228835,0.012207610093597767,0.26076895343815865,0.0249716681325192,0.03354863845067818,0.06544570803312845,0.05675828324681806,0.037636483700048594,0.1616414174837829,0.12356522521632356,0.08489894422006454,0.03656722677579055,0.024198750355560746,0.08418613886903986,0.02595903052176775,0.05878806736399164,0.04459743933983312,1.0000000000000013,0.07133454512673511,0.08421738624864061,0.045695830397981,0.04183610646546455,0.050702012656339376,0.08663327319579937,0.6332051576165961,0.07635185321618047,0.021058538715057102,0.3049334714872495,0.10015975702073697,0.05070201265633938,0.06995029921004627,0.05515516982738678,0.04426630786352259,0.051158796772164304,0.1131255168652064,0.11924040966873106,0.6932848987864748,0.046284393404649175,0.033376150734841986,0.07384241049171349,0.07369561619680862,0.05833596067382069,0.08199605946053484,0.08261265980150126
https://ge.globo.com/futebol/futebol-internacional/futebol-ingles/copa-da-liga-inglesa/noticia/2026/09/09/com-estevao-de-titular-chelsea-vence-de-virada-e-avanca-na-copa-da-liga-inglesa.ghtml,0.16700684799688667,0.17977237987088804,0.132751058794387,0.05747463501761623,0.13650380947102095,0.1416037886317268,0.10756373260816432,0.1489258522633971,0.1301009975763953,0.07195503489959057,0.16001562836005187,0.18250076834065102,0.15866154256922038,0.1424709691011893,0.0730579603105527,0.07105743175917299,0.09911551110983695,0.21795808975864883,0.03828202144585869,0.04212263957575663,0.06692893605318558,0.09871443254676768,0.07503904922568314,0.21316229142669493,0.07834387785402316,0.12631145257401338,0.07480374495607248,0.1479131567691954,0.05884307870851184,0.1704927434441165,0.13965311899896402,0.22233927819853624,0.05805814881025463,0.14610907480111965,0.2769616938967336,0.032452637236572844,0.0854922598413802,0.13286587197654406,0.14460741742510966,0.0984805760271987,0.09450115757599853,0.12274688184341324,0.04626957928483429,0.15410620748991727,0.10081671037305447,0.1415312271160057,0.12806057274743463,0.03980738032510427,0.10065718806063227,0.0951955699716897,0.10175843365667377,0.07540689680382763,0.16965512404439234,0.08844995897540077,0.10951806357388869,0.0540785989091686,0.03708481327942365,0.14679195171346773,0.035046704477755944,0.11439046938311993,0.07956801708561237,0.11142022820465289,0.14106001831175416,0.10314864020454897,0.0918886078242929,0.23403115112579764,0.06980363033561134,0.24803998366016375,0.07013386627739064,0.10382634621046466,0.12450333461556144,0.05840521940696027,0.09212801508258102,0.07133454512673511,0.9999999999999996,0.10238109939899837,0.08829175643305813,0.13866495400132323,0.019354690936308074,0.14245917973369618,0.06349014394000974,0.12162896589540849,0.06655168949739873,0.07153561229919853,0.09882122400190474,0.21677253848665035,0.028756451995839455,0.12058551203230733,0.06408792459438425,0.08833144533563232,0.09803906931996749,0.06410246840151719,0.08500967194042398,0.10132110398500555,0.11082249403821856,0.09508724853122613,0.13330304062969728,0.02498105904734666,0.12789380245332774,0.06113146938306068
https://ge.globo.com/futebol/times/sao-paulo/noticia/2026/09/09/quem-foram-os-destaques-do-sao-paulo-no-mundial-sub-17.ghtml,0.15467890906381346,0.11762003780790396,0.10830856304714036,0.44555421854709587,0.1493772093194479,0.07522968602556876,0.09452599998344155,0.2927613102760518,0.10329814408858425,0.08082379523201207,0.09657052236445715,0.11080797552386636,0.10861146309327481,0.12888118699158677,0.07154547587901783,0.12080192673213627,0.14224224914616534,0.088081045439116,0.07685344803140057,0.09057943036160698,0.09980985492992496,0.11237979836621874,0.09340013563420861,0.12791962503687898,0.09823746818323037,0.10424131074699161,0.12652205444177198,0.1301189774373046,0.08100985791765382,0.15032818496016806,0.10692847761155266,0.13590251856201602,0.17184785962959523,0.15131904420906217,0.0891764415742717,0.33637691524908464,0.17208583845651385,0.09997741550099873,0.09229027790590098,0.12202837367527714,0.07347149858675027,0.0904194430179465,0.1463189732794805,0.10061054632887347,0.11902395708447208,0.19120031814832492,0.1430886363517335,0.07704068128959168,0.03256151797766979,0.07633878298745553,0.11011028020360679,0.08448309273264831,0.07023310717415066,0.11781927423550603,0.182457090462204,0.037312047547526685,0.37935541761427205,0.11997845478343566,0.05006849988533434,0.0667825235372583,0.0603885874691769,0.14249198357348228,0.1400612117428111,0.05088540083261059,0.09219780864961359,0.12667418592468913,0.055921066041033474,0.1146621676590677,0.09513176299341118,0.11222970595748866,0.09989206688705925,0.08865392980746907,0.15862689950824738,0.08421738624864061,0.10238109939899837,0.9999999999999989,0.41346298208925036,0.09300326367317639,0.04745789978762495,0.12286384528779203,0.06746067517652485,0.14293312666276925,0.07391674173668457,0.08997017891853441,0.14531427386670906,0.12655439943366653,0.06304962036361633,0.10090561101114041,0.14051522476252004,0.05746254848520961,0.09157820912514276,0.07726911394933922,0.11781650374477079,0.10614119583579909,0.09372184261837677,0.07724917685796717,0.11726648064908336,0.20324598138555755,0.11060976262274848,0.08505945695460386
https://ge.globo.com/futebol/times/sao-paulo/noticia/2026/09/10/luciano-e-diagnosticado-com-edema-na-coxa-e-deve-desfalcar-o-sao-paulo-no-choque-rei.ghtml,0.1251146127808475,0.10126091045721428,0.09247917288229245,0.4496980189288777,0.05490561466070538,0.06122874016836236,0.09247601814236556,0.21582215422452905,0.16539929644709803,0.05807756651655489,0.055574235907441816,0.08093577542594353,0.03587159428302036,0.030421582461052556,0.07699325898912829,0.10924395784111085,0.07619027629495907,0.07343683793658441,0.03085136991042061,0.10568390877545067,0.09477336225508283,0.08573202941777147,0.09517638176412409,0.13972408640417427,0.062186879680288625,0.04713390615779423,0.1273253628884836,0.09367421535022959,0.03944719464288401,0.10600286408715032,0.1353770306706902,0.0659562098882418,0.0836801364923068,0.11114437463930131,0.07373193599838014,0.20669876051307806,0.2428710835617795,0.10475306766678233,0.05052726755860236,0.14676957244690292,0.07973035706887269,0.11100677010175362,0.10373857369389139,0.15922275010823725,0.0645816594232809,0.0897561352558254,0.14014084521512912,0.03251250713497208,0.05073794505704946,0.10355237307781423,0.06389412275292464,0.06900645324613736,0.07780393027041854,0.07978611601063541,0.04106670125396962,0.04723899860968407,0.378029788823831,0.079566133707966,0.019809166475147792,0.05073009513899257,0.07339689787940562,0.05732409037608564,0.11210188535962971,0.0545122531749683,0.032923066374302104,0.08018806372334708,0.04471514954377965,0.1473349765367487,0.1118387906800622,0.13906549927205178,0.12646856763316533,0.08514796539850152,0.11098496114105047,0.045695830397981,0.08829175643305813,0.41346298208925036,1.0000000000000016,0.03718325791709814,0.0057223025535819965,0.14932995593351106,0.03660374310713692,0.08294036418364467,0.06238830064532473,0.05891738269724278,0.0563795737417357,0.04406172966258138,0.07982410841710588,0.020796799338755098,0.17561884048277054,0.032333592873205974,0.07608745594219736,0.06884103156674999,0.10417652299192331,0.03290945898939588,0.10040185847496212,0.03603212703662055,0.04075523029992658,0.11905851437180964,0.12860607814182548,0.032633245364556265
https://ge.globo.com/futebol/times/atletico-mg/noticia/2026/09/09/scarpa-ativa-modo-sincero-em-derrota-do-atletico-mg-para-o-santos-ficou-barato.ghtml,0.04669024600707204,0.17893978571872698,0.043793724672003945,0.02031483669329574,0.07330747249183428,0.10510691307008663,0.14940878722263054,0.08054046806003506,0.05942698122036377,0.023737505491672535,0.05724014277999022,0.1528301976721931,0.08210419990401881,0.12818252965503169,0.09329556203566843,0.0375062271366834,0.12484527782162697,0.25679635303889625,0.05296029685326113,0.027019979010888456,0.030988670385878263,0.03131274953058284,0.08416666707115854,0.1144758441219636,0.05056658587741949,0.02831896879219572,0.04230390292660504,0.07208441463728343,0.03160085707846004,0.095119315616361,0.048924605479008156,0.06891787035425322,0.009576505856351145,0.0577401207901014,0.1740340766194396,0.0214118346463838,0.030655814521680383,0.0786721040107299,0.10299956460663884,0.10608363018028696,0.1444710278597125,0.035729480050524814,0.019080047593330072,0.054665216721391935,0.1888770648820721,0.11672561501768013,0.07627815603929977,0.03939659999032134,0.03810543194320855,0.08888040359284517,0.06647417028902192,0.03849896242138364,0.13992034901775385,0.029774566708770676,0.008812026400729651,0.01621834879088875,0.02127659574468085,0.360088727202791,0.020402970888857872,0.06531349108053103,0.1469942857082125,0.06077899399937841,0.06647828176906843,0.017014038119297532,0.015413625570528375,0.0538642178554906,0.01918980907940701,0.10042380383021615,0.07384057537955702,0.06227572202279803,0.0528079541810537,0.05315174643105639,0.07711515272436972,0.04183610646546455,0.13866495400132323,0.09300326367317639,0.03718325791709814,0.9999999999999988,0.004911529744089492,0.2937273227289319,0.01570874410539306,0.11001911224634539,0.06961333988608628,0.08091133940627349,0.04075061166172061,0.08938984134242875,0.04743284734173207,0.07650074741595339,0.06264354415563647,0.1318237121865316,0.26744727783558286,0.012439408271422456,0.020321845434816427,0.08944767478712175,0.07311926300929439,0.030926862399541087,0.08995054080010162,0.042853675787784505,0.1177432936525645,0.05041720125003619
https://ge.globo.com/sc/futebol/times/avai/noticia/2026/09/10/avai-parabeniza-os-50-anos-de-guga-kuerten-torcedor-simbolo-do-clube.ghtml,0.08191329403846914,0.02596427413363193,0.05307448924342751,0.03438978003468923,0.029009890432389118,0.03504667010447558,0.021556130010123457,0.01859211451054834,0.042678959977631985,0.043836886566586825,0.023490530132503133,0.02993421700446249,0.07581235734933252,0.043836886566586825,0.0179471038439145,0.0735930735930736,0.10704393471650075,0.03448980801619753,0.03573594667889028,0.0819765111285607,0.10193713969703506,0.06650030969778603,0.01600051202457731,0.08305258069140845,0.07003731994750842,0.02988436344962804,0.08463444810781541,0.06400039649648456,0.10212722555756196,0.0458243965579786,0.05270462766947298,0.07045472741430368,0.2431724666604251,0.17501345216713468,0.042000463674975036,0.053664127101672725,0.03962921988518427,0.04151044070240845,0.020022412618195682,0.036732819801898575,0.014042091062371155,0.0659828879073858,0.0352357951987547,0.030285653714467425,0.009478421769738487,0.019400517009111114,0.06772382428435407,0.2879888873215564,0.030158846512529116,0.060184141769863676,0.12582919381229274,0.13399123206471672,0.014681581332814459,0.05223645292668042,0.040683697986512425,0.02495916277909329,0.12278824360223728,0.005732659670750914,0.0659380473395787,0.0134018579948627,0.0460511684410784,0.046767794438859464,0.12761387855397127,0.007855105703260213,0.12334783348623488,0.06907843490305471,0.056110951361784775,0.0343437355226009,0.043181929705540974,0.03114766605021981,0.04063429457061244,0.024539300053364983,0.07539419950860726,0.050702012656339376,0.019354690936308074,0.04745789978762495,0.0057223025535819965,0.004911529744089492,1.0000000000000024,0.04931241648366644,0.08944716216653309,0.04780615658195494,0.06675095978372121,0.07159795409806718,0.07055211404639924,0.02222222222222222,0.07786302938020512,0.025900714003693502,0.08495693344298287,0.03203203780934821,0.04881612245544743,0.06604534214560535,0.07130522723115672,0.0347760353971534,0.03134669469544682,0.07547170792614481,0.027685804749229097,0.06848601129649212,0.04303513518540661,0.07758934951336692
https://ge.globo.com/futebol/times/atletico-mg/noticia/2026/09/09/dominguez-reconhece-erros-do-atletico-mg-mas-ve-vaga-na-semi-em-aberto-com-vida.ghtml,0.07031644854425306,0.2155895299091756,0.0796946936400966,0.09858244600088509,0.05782989478053781,0.16415583104692902,0.18282276621505789,0.10512282130448142,0.11601622105405798,0.0762648750563183,0.156445757300474,0.16739298052253962,0.08243371641182533,0.13584680869406696,0.08976707747765253,0.05648513160856339,0.09848640302086405,0.38674046699339176,0.03885708078778914,0.08526075119264676,0.11861846550090643,0.08331181282351707,0.12675669160864922,0.18882224701909772,0.12974435319880182,0.06905065822062216,0.10618421289781227,0.09464255404414718,0.033993946896856926,0.14740382066882413,0.15964311739932874,0.13591769896067404,0.07691952118420135,0.13988860578015136,0.1985597090317687,0.04606664737771237,0.10464808451049872,0.1034364652164397,0.14967662722581299,0.1264798953893276,0.13741659191755107,0.10462922322229139,0.057469870028745554,0.12074614150986417,0.20406386080622826,0.13828901547036432,0.108985336249226,0.08075754122731146,0.0655857669552728,0.11303367985658794,0.13348191465777615,0.1085270614140709,0.12771082228610123,0.08968219133339263,0.09732131788611229,0.04342250510803256,0.06675620971112088,0.2555670708889035,0.030727284076399235,0.08743415980981571,0.15549052982745032,0.07264633815783347,0.13173372100642933,0.06405870809528047,0.0722189371108945,0.075111661371143,0.12844550230058557,0.1475059386309938,0.15074508430183847,0.17976126972663492,0.09720313773579618,0.076712281417926,0.13663172862332482,0.08663327319579937,0.14245917973369618,0.12286384528779203,0.14932995593351106,0.2937273227289319,0.04931241648366644,1.0000000000000002,0.07623031584707254,0.14294909238487016,0.07795727091792314,0.07446639612027879,0.08949972483443228,0.08284485969255963,0.052914682276974837,0.06656673838607467,0.13168631702139116,0.17414838511758304,0.24041965098362597,0.06869132885246453,0.11833974904916315,0.05671999803370676,0.08127836793457867,0.06431989560514662,0.08529423955660402,0.04137083122638189,0.17486093575004774,0.06468053016409803
https://ge.globo.com/futebol/times/vasco/noticia/2026/09/10/tottenham-recusa-primeira-proposta-do-vasco-que-segue-negociacao-para-ter-richarlison.ghtml,0.08273261029660418,0.05536172496132851,0.07275012181164854,0.07332681568382186,0.036082474226804134,0.07760158725291186,0.07813635416901506,0.043606868312723965,0.10400140402843167,0.11450098373029517,0.050087141342684854,0.03875183036324216,0.05051535976225221,0.09580694557024697,0.06888113717879553,0.11538024603791125,0.11412098104597317,0.04136630514830209,0.05414007918134219,0.07789666920963537,0.1182095894795168,0.07243811259155558,0.029242905343792085,0.09927601773251475,0.12168074589600678,0.039825153146676354,0.08849473456683475,0.12554630041329135,0.09999111229612076,0.13231293448869455,0.08829717862184115,0.0678437598868401,0.1319815346508821,0.1828772285313232,0.0467240976130756,0.04215624658797473,0.05733826142366381,0.15857984376049095,0.06403849158611512,0.04568824645749243,0.056139234285627754,0.15827680307534825,0.04382624867484925,0.0538132391257112,0.03839927798973771,0.06894384191383683,0.09819374289313121,0.11796370950575823,0.06430550521783471,0.04083107917972593,0.251936861290795,0.5961795086584449,0.05321758767660266,0.08206945344647687,0.08240953328444917,0.07450603922533253,0.10996120873775139,0.012223331426697502,0.26445227683542905,0.028575802753573274,0.04392779523088409,0.05698260088230405,0.07577517106317995,0.03768495311317816,0.15932068448404285,0.10310363023920592,0.11334437289766716,0.05126004683407704,0.03634487136795005,0.09195769783606422,0.06064907649281635,0.07194461563976422,0.07814602824739136,0.6332051576165961,0.06349014394000974,0.06746067517652485,0.03660374310713692,0.01570874410539306,0.08944716216653309,0.07623031584707254,0.9999999999999994,0.10511899951374641,0.028992780498472294,0.31196369964896475,0.11282483904155298,0.027075897736896507,0.08819900124504777,0.08534958234291454,0.0693756240522028,0.054639659341909834,0.07347321299071521,0.14694642598143046,0.6401639029414157,0.08110199975500708,0.05141405163241248,0.09133456747441354,0.10084704900475486,0.07625891979892614,0.05795411046358099,0.09099095599856857
https://ge.globo.com/futebol/times/flamengo/noticia/2026/09/10/independiente-del-valle-x-flamengo-onde-assistir-ao-vivo-horario-e-escalacoes.ghtml,0.10793364091109542,0.3110182955984215,0.13653777516017856,0.0741500851948351,0.07007933300916425,0.15629983558170155,0.1363372306245416,0.07349410013045277,0.22092807986060067,0.06353818768694598,0.10833363080597769,0.1887631022287394,0.10613811642535535,0.1213001764932605,0.5912032608447791,0.14260359207685425,0.3869756795675474,0.17042153828067697,0.07187074138014968,0.14558804870858685,0.13903112460863545,0.07238554843470063,0.2048081287620804,0.1956562115012428,0.12304690433667159,0.0738325244842279,0.13296518704893612,0.1990201750705495,0.3432874314575698,0.2591344625307762,0.15377468433818062,0.1257766930487055,0.09321249434102777,0.18479162769335505,0.2526492331597529,0.06326766791425842,0.23497976946202379,0.11623012770434127,0.102232869357914,0.237972882070685,0.23128327827579012,0.10867853340033276,0.042559640673776954,0.14299689199748836,0.15236958934729938,0.1590601023952985,0.19275145356114703,0.12582447147134002,0.06623170162194986,0.19465052851945724,0.11525104019721083,0.10989617486129696,0.11220268904904833,0.06882973782021075,0.11793576783969674,0.03946514437436846,0.07442469357841011,0.12841256403779816,0.04551053164096269,0.06622145458829652,0.19800728952220134,0.11972647438581549,0.18517932899682932,0.07245235560022185,0.06876275989910521,0.16019818580222714,0.09339157710812351,0.21042770582526574,0.12278200988087917,0.1294399840033442,0.09280625541833004,0.08083596293068265,0.3725389092239333,0.07635185321618047,0.12162896589540849,0.14293312666276925,0.08294036418364467,0.11001911224634539,0.04780615658195494,0.14294909238487016,0.10511899951374641,0.9999999999999991,0.08795488215116326,0.11895240055792274,0.12395133386491135,0.12130812232671066,0.13145212509189863,0.08066680121751833,0.18101601454586178,0.09285593890132804,0.14378063303745034,0.060539213910505416,0.13351620136081946,0.10596544031278508,0.10484911716981754,0.12632309233931296,0.1428815655333139,0.07419822565276028,0.20294619803631586,0.07497318716434569
https://ge.globo.com/pr/futebol/brasileirao-serie-a/noticia/2026/09/10/coritiba-x-athletico-athletiba-ja-tem-mais-de-30-mil-ingressos-ocupados-no-couto-pereira.ghtml,0.10810877987053438,0.08749732133435227,0.0661317644778854,0.03749399679308715,0.09488546344954567,0.08229885243868076,0.18331488760655834,0.08108137721521286,0.12297585652319862,0.09558770557349304,0.06722866165441774,0.08858410538371127,0.13948134368072926,0.062132008622770456,0.07826844525206783,0.07551623733107855,0.0598493989207297,0.07755629860277466,0.08817642481277849,0.08937617636002143,0.07799197513610143,0.06304609142430558,0.1096530855596081,0.10152506026017474,0.039593703857315615,0.07127289691420445,0.0922740338187164,0.07815072785007549,0.05453672260812676,0.102003232036994,0.05540983059120062,0.06938072223390936,0.07230616196230526,0.151638007802308,0.07167390877650222,0.07390503895141927,0.11110211543827954,0.07920046524752807,0.060031810403640515,0.0867718206980598,0.07654804955566787,0.09292105064617799,0.04481910776961182,0.08530013923017855,0.07440478504291946,0.07990648946952542,0.08269739642790504,0.0975004186525995,0.04658163652548563,0.08351216877733307,0.07361267132791414,0.058136281729000545,0.09604094522059677,0.06894142467297076,0.06653405925969338,0.03809696588797297,0.06693590373662144,0.1000019531822223,0.07188998978762828,0.03287606798855169,0.150624024937586,0.4181124325343436,0.10214830170177515,0.09420567346617122,0.043965239518909335,0.0542259695224018,0.04507693793745453,0.08612073089652535,0.09911531747701337,0.06008171673249041,0.07383696109634379,0.05016441857384929,0.12329956189346003,0.021058538715057102,0.06655168949739873,0.07391674173668457,0.06238830064532473,0.06961333988608628,0.06675095978372121,0.07795727091792314,0.028992780498472294,0.08795488215116326,1.0000000000000016,0.0780607918584144,0.05640840212113768,0.07268437843116309,0.058362829524322105,0.1591633534001872,0.1103624509916076,0.12223200979793947,0.10331434773272952,0.09705287211256408,0.06751247840773128,0.10663626869193743,0.060465629371880505,0.08895590561756957,0.12325493746081097,0.1095129895709332,0.07655324494833397,0.0676744037070881
https://ge.globo.com/futebol/times/vasco/noticia/2026/09/09/alan-lescano-e-regularizado-no-bid-e-pode-estrear-pelo-vasco.ghtml,0.07694058929141379,0.045365207571464464,0.09367887334368713,0.06867016034994729,0.046462678671122415,0.08142119180879336,0.029592534342851456,0.04083759278877925,0.05440521243644774,0.16248558255167672,0.08062025968383744,0.020547040315560115,0.05854285441882234,0.15044961347377472,0.07391404949863531,0.13074409009212268,0.14695129936608953,0.03847029464570689,0.05938693239237252,0.07584110626126324,0.07365296055313987,0.08335400901491516,0.025103668627937135,0.10365059815378026,0.2029794056634509,0.038461538461538464,0.08714044952790431,0.059745189543041165,0.09442147048117752,0.12057428926886941,0.0852738800300808,0.10296123686017528,0.15174105015192285,0.1750243749263682,0.027575938389825225,0.07173210293449425,0.11269297691514231,0.5033769551034852,0.07902520334880375,0.05462956477975742,0.08192794869521736,0.07925939239012171,0.05643418177868623,0.05197067187037897,0.09108470078984619,0.16275893888568305,0.11156657127357013,0.11860646184292424,0.044852659505160396,0.07511051723963588,0.49083423750428284,0.33222700969740204,0.15317849339929115,0.07171087882915772,0.055851107285707545,0.034264261783644154,0.09102525683205766,0.06295895528665141,0.3620824200783102,0.05519473246608815,0.03327349484885929,0.08988480712400455,0.09757416861791791,0.037742567804819854,0.18887198374387307,0.09483176972207205,0.077029840439999,0.040075396027557664,0.05928071213161606,0.07894138927459854,0.05950217134590406,0.10106360639470567,0.09775201462868681,0.3049334714872495,0.07153561229919853,0.08997017891853441,0.05891738269724278,0.08091133940627349,0.07159795409806718,0.07446639612027879,0.31196369964896475,0.11895240055792274,0.0780607918584144,0.9999999999999993,0.10976883626535841,0.08280459039167767,0.07682817559823965,0.1228327044340485,0.08437062244100162,0.09674279161885112,0.07489957015861712,0.1143203965578893,0.32457845056097273,0.0835467353046005,0.033102421762456556,0.07280599946154363,0.10452043574297692,0.11073287989001722,0.0963923637964913,0.07101044232075387
https://ge.globo.com/futebol/futebol-internacional/noticia/2026/09/10/ex-atletico-mg-alisson-estreia-na-champions-pelo-shakhtar-donetsk.ghtml,0.11625228669723046,0.11260785831237752,0.08387719016446983,0.08754429372707037,0.10028874581471371,0.17334944842584143,0.04024117616442593,0.07327228724780391,0.1074959434065326,0.11138665251276375,0.1705368451185383,0.08204818104375325,0.09336862984105809,0.2682372448266555,0.0558396897684506,0.07183487975633378,0.12240334308021386,0.08271797322687552,0.039012973483140125,0.11828752359699699,0.15579884728268534,0.14543366102228705,0.042671284078201165,0.15138908074079593,0.10222961325587454,0.04067903932186813,0.10296770292624947,0.12744161300684317,0.07133238748131658,0.20396239548470946,0.08394339701512576,0.19092413444220782,0.07336671259093143,0.2247829968587492,0.07386151686016061,0.0336864833103422,0.07632875907682535,0.08072089761435647,0.1894857898986297,0.07301771273954683,0.05097147435873606,0.09694521124707413,0.03045300805688184,0.07328938949276712,0.11992872788429558,0.10507418220711215,0.12642744046707066,0.12261513990195162,0.09904771112661391,0.11916152368680312,0.16073716413590475,0.12903842796181758,0.11876673142183918,0.11975584918756217,0.06750994757208516,0.031062658768476636,0.0687666571791535,0.059454335055361775,0.06838540894771279,0.07992087369191067,0.07541116915425175,0.0817632644849955,0.18931133884117202,0.08146656407317157,0.09348440004032088,0.255046785139194,0.13782687566212998,0.08370333455680364,0.11078313973807118,0.08945652518467671,0.0814754616343344,0.09543788471610795,0.16941716216505848,0.10015975702073697,0.09882122400190474,0.14531427386670906,0.0563795737417357,0.04075061166172061,0.07055211404639924,0.08949972483443228,0.11282483904155298,0.12395133386491135,0.05640840212113768,0.10976883626535841,1.0000000000000004,0.15474430347510237,0.042900031002334645,0.07570213213213078,0.11435579341324284,0.07640816516147998,0.08636538684187026,0.11912467150602793,0.13622699539223096,0.07438774486006317,0.07002188525924975,0.07192646850626964,0.08853296235362142,0.05050875970113748,0.13859544224776296,0.08583377252703897
https://ge.globo.com/futebol/futebol-internacional/noticia/2026/09/09/cristiano-ronaldo-marca-em-vitoria-do-al-nassr-e-fica-a-21-gols-do-milesimo.ghtml,0.14485719366802965,0.13548630320640664,0.1026106792039599,0.06565321642986127,0.1489174375529308,0.09813067629253164,0.06639288043118026,0.062469504755442426,0.11950108793736958,0.07057738737220479,0.17676623924708607,0.12572371141874245,0.07960297521679914,0.2577608930115305,0.050251890762960605,0.12727272727272726,0.1344910974643215,0.16296434287653336,0.044763975313557296,0.07235318156129493,0.06760041895698118,0.08702866616971133,0.06400204809830923,0.23607066875315486,0.09442068318849284,0.07060180864974624,0.06607997294571745,0.18636915459776304,0.04668673168345691,0.20315482474037178,0.0869626356546304,0.1877277575619834,0.08046797987672248,0.10709432437247174,0.13294059806687752,0.03756488897117091,0.07925843977036855,0.09201481022367208,0.13665296611918554,0.06856793029687734,0.07372097807744857,0.11931905563252262,0.09454938378332511,0.06006654653369375,0.18312310859134756,0.16900005927936793,0.13273869559733403,0.029708327323697412,0.06333357767631115,0.06893819875457112,0.07948722243264347,0.06125313465815619,0.15621202538114587,0.06543303050815757,0.10252291892601131,0.04891995904702285,0.027504566566901156,0.2086688120153333,0.03077108875847006,0.11726625745504861,0.061078391827114505,0.10101843598793647,0.12664465922318155,0.0769800358919501,0.06641806418489572,0.12378855534627403,0.04547940268270977,0.18751679595340093,0.09545479198066951,0.08050473686826042,0.06826561487862891,0.04723815260272759,0.11141587260716408,0.05070201265633938,0.21677253848665035,0.12655439943366653,0.04406172966258138,0.08938984134242875,0.02222222222222222,0.08284485969255963,0.027075897736896507,0.12130812232671066,0.07268437843116309,0.08280459039167767,0.15474430347510237,1.0000000000000007,0.04087809042460769,0.06592909019121983,0.1265316030001872,0.09865867645279248,0.11256423530903173,0.028141058827257936,0.08669214468630108,0.054772255750516606,0.0641401599152989,0.051402352425374345,0.08075026385191822,0.027698786791025706,0.17757655781767775,0.08690007145497096
https://ge.globo.com/futebol/times/cruzeiro/noticia/2026/09/09/justica-condena-cruzeiro-a-indenizar-jogadora-apos-grave-lesao-entenda-o-caso.ghtml,0.07401856826770778,0.05318910751331405,0.25492609303759195,0.1174152926575216,0.020752706175305363,0.0318211595538852,0.041635444650585635,0.01596021290108397,0.07523735786148489,0.05644699870956949,0.03150813798819864,0.05506441332742107,0.03559081770759506,0.02822349935478475,0.06162604003847434,0.08825951341676658,0.12664435042950223,0.06707932749261018,0.10292995297307826,0.10708768597548979,0.09786956804312975,0.05894803606321277,0.07113015354015043,0.07831719016029376,0.047318893868258334,0.03006319914713725,0.0978029056826621,0.06592859267888983,0.0760403800067759,0.06966013915995797,0.06059431506566241,0.056091388259438935,0.09963017958376387,0.14053769794022697,0.06270412833322207,0.07728417171300742,0.06074875627212087,0.050110619794545556,0.03491320191131823,0.07883229529417356,0.06403842217085985,0.09145378397859479,0.03780976558583837,0.08395321030328534,0.05492242412485698,0.060140086717512566,0.06976419944750091,0.13987512508977773,0.06472389287915403,0.04990317987581448,0.08726967106861451,0.11296943007170036,0.255215917704409,0.04720195302121021,0.06111789177742811,0.04820836763954664,0.14756885839649977,0.030757148676772556,0.0640162597122723,0.025166508549014716,0.054616800527152634,0.0759931806687387,0.10400206804390529,0.025286760547076903,0.10181413625915864,0.0830195585457089,0.07288560700974198,0.06817720096665521,0.19022296887983636,0.06684599823910933,0.06685735780385504,0.036206352629732166,0.11461079302982732,0.06995029921004627,0.028756451995839455,0.06304962036361633,0.07982410841710588,0.04743284734173207,0.07786302938020512,0.052914682276974837,0.08819900124504777,0.13145212509189863,0.058362829524322105,0.07682817559823965,0.042900031002334645,0.04087809042460769,1.000000000000002,0.0454790583638235,0.08922338783046066,0.1477994887329568,0.052382134032703184,0.04005692602500831,0.06644642492980853,0.04198097293742543,0.064685705350322,0.08755125043675013,0.06189218601655578,0.08818668692185933,0.092357692746074,0.07770675891215063
https://ge.globo.com/rs/futebol/copa-do-brasil/noticia/2026/09/10/sorteio-dos-mandos-da-semifinal-da-copa-do-brasil-2026-veja-onde-assistir-ao-vivo.ghtml,0.39394999818019416,0.09313753465516426,0.11809640660117152,0.042202454066643,0.3363777657044279,0.06438562043355063,0.11191761311937334,0.27028034336772,0.056979146283063414,0.120626635934693,0.04573532091748035,0.06660682962831292,0.46741351368092804,0.04551948525837472,0.14908776472757504,0.049446817643414874,0.09975235156471564,0.0537204542972992,0.11718191246420083,0.061066521186834734,0.07613758285564226,0.08856772484817121,0.05933808002104059,0.14634734894610218,0.03770955706582659,0.17843066538840732,0.05070172301578985,0.13557214664117367,0.080076451305938,0.10507974815779043,0.0625458267200762,0.09439871384516534,0.08722941347869295,0.10952002069045923,0.07774415478196027,0.09385082348223737,0.07936132176504662,0.06645160383160403,0.03898300555457953,0.12078534931114772,0.09113169398724462,0.1712888008619755,0.1433040055414385,0.10220636765640766,0.068895635540958,0.19921335135248464,0.10689138465693984,0.09758239190065308,0.01826792255204938,0.051131618137241534,0.07170306432461411,0.06956712018606556,0.04268629952298166,0.13417622734188078,0.07181695441573877,0.08034324119760572,0.04080039862184181,0.14286473578509512,0.12389621089739418,0.02087439569317991,0.08305363282228025,0.12903853805872723,0.15096315624399032,0.02854813347699591,0.04679930718870307,0.05164551665900702,0.02146593015938684,0.11055206663543952,0.037759485538066136,0.03980703043355971,0.19971811343796655,0.07007328952676625,0.1043840905652536,0.05515516982738678,0.12058551203230733,0.10090561101114041,0.020796799338755098,0.07650074741595339,0.025900714003693502,0.06656673838607467,0.08534958234291454,0.08066680121751833,0.1591633534001872,0.1228327044340485,0.07570213213213078,0.06592909019121983,0.0454790583638235,0.999999999999998,0.08821784990547706,0.146350727505057,0.113306701192957,0.1401424988439205,0.23186883166408537,0.7086754291604019,0.16525323805482847,0.09531310300575105,0.7642302595551328,0.14539009738242717,0.0564466864638602,0.17187727945734682
https://ge.globo.com/futebol/times/palmeiras/noticia/2026/09/09/abel-admite-erro-em-entrevista-e-manda-recado-a-torcida-ninguem-e-maior-que-o-palmeiras.ghtml,0.1271575271389128,0.17122392666923267,0.0785725223679288,0.10217864261895947,0.07708402672466977,0.11604775081819685,0.11684745737089283,0.10078067383550787,0.16524725894272874,0.1083280573380825,0.12405613889691271,0.14998992870035197,0.08687351899822976,0.10832805733808253,0.0887004094737865,0.10697671890015831,0.15534431546791708,0.09966400775752624,0.04497928056861788,0.4801620797454742,0.39774190589616465,0.08873523848527054,0.12390371063996455,0.1203732542901341,0.13647378918704653,0.0357334400926595,0.5124841970736878,0.45916072556841786,0.09304071523027205,0.14002735962488466,0.11553697775026703,0.09964389470774912,0.08458678371313524,0.21250144111815683,0.10335325460033062,0.06979619091762738,0.46257366920960163,0.0923762790358898,0.12170146734522,0.3733395611160814,0.0615650213038161,0.14464504900524286,0.06787977411340507,0.06840284777634247,0.09217972754757878,0.09450897287351627,0.5441787338643399,0.13532552203398096,0.054092468973063516,0.11775862075087884,0.18593053080933558,0.12642933498491368,0.04447295545361022,0.09643003267016191,0.06486194637983221,0.027854643766154916,0.13703275284045482,0.08682590532607824,0.07258624740863837,0.050745575364980255,0.14490650299796873,0.08947417246687783,0.13649484252452868,0.07827113041409245,0.09454482145669701,0.11673952172932449,0.10593661811810835,0.46267261523813535,0.1648653530619122,0.09740738693578356,0.0777398191234771,0.07335555346952086,0.23539330461925978,0.04426630786352259,0.06408792459438425,0.14051522476252004,0.17561884048277054,0.06264354415563647,0.08495693344298287,0.13168631702139116,0.0693756240522028,0.18101601454586178,0.1103624509916076,0.08437062244100162,0.11435579341324284,0.1265316030001872,0.08922338783046066,0.08821784990547706,1.0000000000000022,0.08937008526491651,0.10300692713084883,0.03891372802720956,0.17052269290278121,0.09009547716063815,0.07496396829001745,0.08130027562953968,0.12322257155412766,0.07521779679832781,0.14263832207878144,0.07834368806195156
https://ge.globo.com/futebol/times/atletico-mg/noticia/2026/09/10/atletico-mg-x-cruzeiro-alexsander-e-suspenso-por-ofensas-a-kaio-jorge-em-sala-antidoping.ghtml,0.10353158651983457,0.10336377270397457,0.12138600089563233,0.035330506024575506,0.08195948901286475,0.05331563692951322,0.11571177316922689,0.07353768853096643,0.06459519431927364,0.07740568753796911,0.0663660502540789,0.08759131023990412,0.10040016703031907,0.08979059754404417,0.05070461964467729,0.06726727939963124,0.06978998748776567,0.16443251976679618,0.06376554708258188,0.05286570789840689,0.05810434122153433,0.055138222074910676,0.0968679821604961,0.11732114415481718,0.09893561935551876,0.042215036342771406,0.09196593109364792,0.09040778360914038,0.05005155020148198,0.11328123138200048,0.06647431715804954,0.07063082578417115,0.06870171108000617,0.11133367752229324,0.07480788988207011,0.08179137091865925,0.05997937064413753,0.039092121778230286,0.053032345688813064,0.051889253907762986,0.09918019259899648,0.0815572419249648,0.04977453769055918,0.0713031735574046,0.06426883466161663,0.11571177316922689,0.08418744013951986,0.0835045026734735,0.03550231220775558,0.09274570153862093,0.06936504908208341,0.08111903079958313,0.16591512563519725,0.03495310368212777,0.05172328374196308,0.05993797865184458,0.05550472092064488,0.08907831696811735,0.0842739880156935,0.08519236672728074,0.07190010184550664,0.09060313810819048,0.07758412955326406,0.0443848935646067,0.08377054651327542,0.0429356778414843,0.11680870805619947,0.08490020474869946,0.10915673075735541,0.04738417799422184,0.10332094926213799,0.06499599564784285,0.09466917009119781,0.051158796772164304,0.08833144533563232,0.05746254848520961,0.032333592873205974,0.1318237121865316,0.03203203780934821,0.17414838511758304,0.054639659341909834,0.09285593890132804,0.12223200979793947,0.09674279161885112,0.07640816516147998,0.09865867645279248,0.1477994887329568,0.146350727505057,0.08937008526491651,0.999999999999999,0.17442389157768984,0.09329650014620619,0.07952106434136368,0.09517983296538321,0.057905588669929314,0.037458377692622974,0.11406886176253941,0.09459434922060073,0.1151848150349127,0.05845531386409451
https://ge.globo.com/futebol/times/atletico-mg/noticia/2026/09/10/meia-do-atletico-mg-presenteia-neymar-e-manda-recado-to-bolado-contigo.ghtml,0.10373070718219668,0.15842084231243517,0.086413827318645,0.05146749286021822,0.07959598073994151,0.09559042387984862,0.5295725577196354,0.07063224140220167,0.14669737293161467,0.04718582744053635,0.0780863411091778,0.12725963485236236,0.09600480036003,0.11657675014720746,0.15454545454545457,0.09319441559676328,0.13555483487811928,0.22383994707737176,0.04049053915630943,0.1308918303421505,0.05888218039524752,0.08421251072563209,0.10999485839375589,0.1497924753717928,0.11168571264229146,0.06149648918286458,0.08244356479665729,0.08104675152489323,0.05014781355611006,0.14265614121832243,0.09296260245144523,0.10936667017063308,0.05598925109558542,0.0924672584320928,0.09481194446289043,0.03219036683479241,0.05735356498631882,0.10294302079938429,0.08557425599912696,0.12404405315235513,0.16003952081077932,0.09052038109696282,0.04090236915242647,0.0639202772100593,0.13443334360433365,0.08735217446921825,0.09605333420892154,0.042227732092186075,0.04137421635122708,0.08660687083024937,0.07772853831054517,0.09349685713881636,0.07808634110917778,0.08703882797784888,0.06697561679340722,0.050571163299281116,0.03420837274641175,0.2831220633698448,0.03578592476193948,0.05939993969090817,0.1411880150073793,0.07276126621445639,0.10228071826600216,0.05471012044321932,0.057073529534424315,0.05948457318923417,0.12715279064115018,0.1239496597266527,0.0949763188323919,0.07281927437408477,0.051457143326207974,0.13206996077045763,0.10343153942577979,0.1131255168652064,0.09803906931996749,0.09157820912514276,0.07608745594219736,0.26744727783558286,0.04881612245544743,0.24041965098362597,0.07347321299071521,0.14378063303745034,0.10331434773272952,0.07489957015861712,0.08636538684187026,0.11256423530903173,0.052382134032703184,0.113306701192957,0.10300692713084883,0.17442389157768984,1.000000000000001,0.054545454545454536,0.12831708326087446,0.09358192003574065,0.14656915597259026,0.0594105041778996,0.10225790664180434,0.03854537745477672,0.13194117582870823,0.05895305412365706
https://ge.globo.com/futebol/futebol-internacional/noticia/2026/09/10/liverpool-lidera-ranking-de-elencos-mais-caros-do-mundo-veja-lista.ghtml,0.0545951090432614,0.050814232439837695,0.06080973033534277,0.02771326538627135,0.03673660649535762,0.12972986097979455,0.06551413085191368,0.05179697702828122,0.05018594337134189,0.23870477411094862,0.026028780369725932,0.032491821664432936,0.0240012000900075,0.09159601797280588,0.027272727272727275,0.07674834225615801,0.08689412492187135,0.07643315266056597,0.07383568904974075,0.054162136693303664,0.14041135325020565,0.07872039046091697,0.0231568122934223,0.04461903521712975,0.05912773022238961,0.08751423460638422,0.06595485183732583,0.06483740121991458,0.09237755128757116,0.07253702095846903,0.04767312946227961,0.09209824856474365,0.0783849515338196,0.27299857251379767,0.07862453931068962,0.07511085594784894,0.043015173739739114,0.10075274376109952,0.04754125333284832,0.04264014327112208,0.08001976040538968,0.11489125293076054,0.014873588782700533,0.07670433265207116,0.0504125038516251,0.09554144082570747,0.07204000065669115,0.10556933023046518,0.0572873764863144,0.0554283973313596,0.10881995363476325,0.1696794814741482,0.0669311495221524,0.10444659357341865,0.061823646270837425,0.09798162889235716,0.05908718928925666,0.029038160345625105,0.22664419015895004,0.03818567551558382,0.0675247028296162,0.05753216398352365,0.08182457461280175,0.0397891785041595,0.10513544914236059,0.14696188670281382,0.11593342676104869,0.058712996712624976,0.04892719455002008,0.0576485922128171,0.03430476221747198,0.07380380160702044,0.0397813613176076,0.11924040966873106,0.06410246840151719,0.07726911394933922,0.06884103156674999,0.012439408271422456,0.06604534214560535,0.06869132885246453,0.14694642598143046,0.060539213910505416,0.09705287211256408,0.1143203965578893,0.11912467150602793,0.028141058827257936,0.04005692602500831,0.1401424988439205,0.03891372802720956,0.09329650014620619,0.054545454545454536,1.000000000000001,0.09267344902174267,0.02477168471534311,0.02748171674486067,0.19631297032697256,0.035059853705761486,0.15225424094636805,0.03728772360376537,0.07532890249133956
https://ge.globo.com/futebol/times/vasco/noticia/2026/09/10/admar-mantem-esperanca-na-contratacao-de-richarlison-viria-mudar-o-patamar-do-vasco.ghtml,0.17124519262255045,0.1093825109588555,0.11084567678821163,0.12418075937145978,0.11602970740813157,0.1093140158859754,0.11416346174836697,0.12000511275276997,0.16397419586844006,0.08524794624001718,0.06560590885123667,0.09023736480867393,0.18036580776586375,0.09613066278129595,0.08613878274456854,0.1182165609358651,0.1271926001497786,0.09275781267054815,0.07003910138011821,0.14157259525977148,0.13911110563153506,0.10766751925205656,0.06809491817130547,0.20618199978992138,0.14167266106770376,0.07573497179756032,0.15354123705432082,0.1652394039080409,0.08968610399049873,0.167481846062074,0.130841756398297,0.09967831222309446,0.10610261059538204,0.17359987976322075,0.06951210522714187,0.07011776820172788,0.15928422297152117,0.19322184824660357,0.07455989398290186,0.14185263592827166,0.07553035097525039,0.17518106574941655,0.07775515123109529,0.10233593157848875,0.06117965078960935,0.114163461748367,0.16140252442247466,0.09908903096492694,0.06447205835677705,0.08376015573152941,0.2565046793263397,0.6064450500381512,0.05831636342332147,0.1069287024704231,0.08416602008708036,0.08468182932362804,0.10973796534800868,0.07590187486469299,0.2728239216958942,0.027725627340311202,0.08022752699216365,0.08071942618831467,0.12966384992885127,0.052001800593518874,0.14721965872417359,0.11204046992445624,0.10019689169148159,0.1250479477377217,0.0752289148853543,0.11103158653547907,0.09415147257977685,0.05076665405143674,0.12997896013112567,0.6932848987864748,0.08500967194042398,0.11781650374477079,0.10417652299192331,0.020321845434816427,0.07130522723115672,0.11833974904916315,0.6401639029414157,0.13351620136081946,0.06751247840773128,0.32457845056097273,0.13622699539223096,0.08669214468630108,0.06644642492980853,0.23186883166408537,0.17052269290278121,0.07952106434136368,0.12831708326087446,0.09267344902174267,0.9999999999999974,0.20504127746831483,0.08181041948568044,0.08946119288063253,0.2634701102477542,0.06800791811256332,0.11433409714733168,0.10915091817018079
https://ge.globo.com/futebol/copa-do-brasil/noticia/2026/09/09/final-unica-da-copa-do-brasil-2026-sera-em-brasilia.ghtml,0.35538403763766646,0.11312333002916682,0.12597041160899242,0.03296310197712015,0.2966015991040259,0.06201736729460422,0.09091219567475187,0.2673121633650943,0.09350491644243687,0.04832103389192103,0.033774019758482814,0.08812659668346869,0.4450868569515652,0.02311005968744049,0.15138251770487457,0.05809178640206307,0.10260316095459122,0.053720842898717015,0.10997151335391349,0.07857567257870049,0.07542389221387459,0.0928408942418436,0.07449265162369599,0.13267850138579865,0.03232271129836646,0.16112584665887236,0.07176295784302694,0.13005204975498105,0.0938948965408877,0.10614808964187487,0.06675612487505048,0.11763617127699585,0.08475793795260128,0.09109761616752661,0.10152030609203071,0.06091323471617963,0.08139681625292892,0.046419751353741476,0.031186630038944632,0.09975866194776682,0.07739239842086129,0.1475729574745243,0.11539456750814962,0.11611694995742752,0.08721796293560796,0.1590963424308158,0.1012662548380853,0.06973680437544066,0.019271793967122912,0.07604244370957927,0.06030455186322191,0.03800554623183733,0.039403023051563284,0.10804448672241959,0.08579100957327038,0.07416352835274855,0.04472383739356088,0.11539158284426271,0.03310610959858652,0.032114687221169246,0.10686698590785353,0.1191133583020152,0.1517384239089495,0.05270462766947299,0.04319967297612335,0.06091566542402395,0.025476233268253407,0.11192448999558392,0.05881808563849791,0.04133836909571629,0.1791633739443048,0.05292286722692443,0.09836264302178355,0.046284393404649175,0.10132110398500555,0.10614119583579909,0.03290945898939588,0.08944767478712175,0.0347760353971534,0.05671999803370676,0.08110199975500708,0.10596544031278508,0.10663626869193743,0.0835467353046005,0.07438774486006317,0.054772255750516606,0.04198097293742543,0.7086754291604019,0.09009547716063815,0.09517983296538321,0.09358192003574065,0.02477168471534311,0.20504127746831483,0.999999999999999,0.19183381786122505,0.07625103398306306,0.6988141083717959,0.05543341470739371,0.07598647375067383,0.16113611510444759
https://ge.globo.com/futebol/times/corinthians/noticia/2026/09/09/matheuzinho-hugo-e-bidon-festejam-convocacao-nunca-imaginei-que-viveria-esse-momento.ghtml,0.15587149404743125,0.2133484134404227,0.27412818568785596,0.049867197640638516,0.13881793940751366,0.06020183016345588,0.08252020273099302,0.15420923385088864,0.08428419268529551,0.08623794941923636,0.07806023078060495,0.2501033698617669,0.1259641667797468,0.027969064676509094,0.0916057224828689,0.11968737974625152,0.09631598902511475,0.0916891141455478,0.048000960028800964,0.0739065956051933,0.05895304918837772,0.26441206888454755,0.17014565841824275,0.18733728555454646,0.02758371430728508,0.23039285546669766,0.1055748928100445,0.17422465815808302,0.05319167748334778,0.14618573665642232,0.15612494995995999,0.07491988985209488,0.05171676929534911,0.09120385491998884,0.19030023115825132,0.04204801471083519,0.08127149390569548,0.03862356777697012,0.047905559452263366,0.10416216349664477,0.2389124373726211,0.1607939702062886,0.07806023078060495,0.29789668903487837,0.07861720937646306,0.0916891141455478,0.057612729671466655,0.05318915122286884,0.018707618816556713,0.18035910508436365,0.09300994950501515,0.05815636952399224,0.04995854769958717,0.266040932523132,0.13411245319856926,0.06369835932390965,0.07834206750995827,0.09143961949493187,0.023372319715296224,0.03562804660658889,0.1726827065024654,0.3040742255862194,0.12024190502457331,0.050117601103258816,0.0428809200320277,0.11753019674398782,0.04396520051149295,0.0858227417193846,0.07491988985209488,0.06624338196384932,0.31687001319306657,0.016309069353098185,0.1046695321271236,0.033376150734841986,0.11082249403821856,0.09372184261837677,0.10040185847496212,0.07311926300929439,0.03134669469544682,0.08127836793457867,0.05141405163241248,0.10484911716981754,0.060465629371880505,0.033102421762456556,0.07002188525924975,0.0641401599152989,0.064685705350322,0.16525323805482847,0.07496396829001745,0.057905588669929314,0.14656915597259026,0.02748171674486067,0.08181041948568044,0.19183381786122505,0.9999999999999991,0.0932691246692109,0.1741892084541414,0.03398565506990219,0.18545873235983265,0.09625779118028577
https://ge.globo.com/futebol/futebol-feminino/noticia/2026/09/10/manchester-city-lanca-identidade-visual-exclusiva-para-o-time-feminino.ghtml,0.10470938231636381,0.12314946736620627,0.08184460802662204,0.044996396917161396,0.07828677212092593,0.14792932884532267,0.10470938231636381,0.12041548122291935,0.02468023809658521,0.3056064019239546,0.0924468076843129,0.0807811815321532,0.09376996260046817,0.08872443926824487,0.03551714923678781,0.03894117607982903,0.09629042600268585,0.13573438448417532,0.04568109422482513,0.05931361133418048,0.10295764620236153,0.08582836023004059,0.04317935779887253,0.12451535899065125,0.05133451689278345,0.08064664555740218,0.09516521282110907,0.09211358621012775,0.10686644267825829,0.06526647436387342,0.07280818710894911,0.11448735335522726,0.06761167195180837,0.20017818924186007,0.10677280427302616,0.06351722571434816,0.061111053806426806,0.06845730886602949,0.0450274610540456,0.035796240575454434,0.044210036456603576,0.10634316386834207,0.03169604834890728,0.036324256398824376,0.09549378254390983,0.11246563285831673,0.05848355324210266,0.10498660638544872,0.03165064466742077,0.027069056574640718,0.09110297113938938,0.21400336225984273,0.06075075933540562,0.10139697020004709,0.06587399012891142,0.06061984494677554,0.09278058719862328,0.025783816863933523,0.059313988082825696,0.024111045973236354,0.056686735124363556,0.07091725223115965,0.11915320073814185,0.06359391859236403,0.08748489653023056,0.20381557880751747,0.0637567714034226,0.08650209104989234,0.05315484262921267,0.049571383175796874,0.058483553242102665,0.057944540372942464,0.06028460999509534,0.07384241049171349,0.09508724853122613,0.07724917685796717,0.03603212703662055,0.030926862399541087,0.07547170792614481,0.06431989560514662,0.09133456747441354,0.12632309233931296,0.08895590561756957,0.07280599946154363,0.07192646850626964,0.051402352425374345,0.08755125043675013,0.09531310300575105,0.08130027562953968,0.037458377692622974,0.0594105041778996,0.19631297032697256,0.08946119288063253,0.07625103398306306,0.0932691246692109,0.9999999999999958,0.09546733098204006,0.07392718386627954,0.05297414575740121,0.07910078924814234
https://ge.globo.com/futebol/copa-do-brasil/noticia/2026/09/10/final-unica-da-copa-do-brasil-veja-data-e-local-do-jogo.ghtml,0.41232829548634864,0.12968559999677626,0.14400217474314228,0.05407544840427158,0.3295976723570036,0.10971800311277217,0.14036707931450174,0.3026657395020382,0.1240681420482926,0.03568158877952083,0.08365181292434887,0.10442286380063184,0.5206648614244929,0.09366417054624217,0.15703892805705671,0.061663837850555715,0.11449744864588239,0.08114971772869632,0.06315098451978,0.08703367698935628,0.11645336890189742,0.08384075625043835,0.09302728087802932,0.17924693040888218,0.05278496594226351,0.18623641277839523,0.08611160059741148,0.15367710220097358,0.08270362697123888,0.13015918207166918,0.099588354618333,0.11099519479251402,0.10796362238785046,0.12146361543577655,0.10218883160410429,0.06322191471642447,0.11808258159685214,0.06687198183461131,0.07639451356341787,0.15572470677898448,0.0785794472915159,0.17622808524230468,0.1314528488811197,0.11555339646553311,0.08872343601680871,0.2280965038860652,0.13781166033656794,0.08790457525026418,0.04602782797243273,0.08628505495306775,0.08743193375360009,0.06955603291973234,0.06871398918785802,0.1566471868820486,0.07864815116437018,0.08888174101512288,0.06496427946674005,0.1866468364937112,0.05750475898195353,0.040907294915423664,0.11590426200872302,0.15770713029205685,0.17257370030507546,0.04795322047409652,0.04585601157381692,0.06466135658607178,0.02103325884425058,0.1554970080855468,0.07399679652834266,0.06825817680613339,0.22325488974524008,0.09987036968415088,0.1278501315677082,0.07369561619680862,0.13330304062969728,0.11726648064908336,0.04075523029992658,0.08995054080010162,0.027685804749229097,0.08529423955660402,0.10084704900475486,0.1428815655333139,0.12325493746081097,0.10452043574297692,0.08853296235362142,0.08075026385191822,0.06189218601655578,0.7642302595551328,0.12322257155412766,0.11406886176253941,0.10225790664180434,0.035059853705761486,0.2634701102477542,0.6988141083717959,0.1741892084541414,0.09546733098204006,1.0000000000000022,0.06503589855252052,0.09679063880942701,0.18420159709191056
https://ge.globo.com/futebol/times/sao-paulo/noticia/2026/09/10/do-impeachment-a-votacao-pela-expulsao-a-crise-que-levou-casares-a-novo-julgamento-no-sao-paulo.ghtml,0.06365776982903046,0.03960513136792527,0.028836556554388687,0.18045258713893636,0.02596048333580464,0.04704405023571912,0.02314827993782926,0.11979204183428996,0.03478264964829261,0.13092653111014674,0.031531945155497884,0.04161652501556107,0.04134198447115166,0.047074707814884216,0.03854537745477673,0.05810934291823573,0.09947619525836675,0.0303821174184009,0.12875965699800762,0.06937253133641584,0.06601585098848646,0.04269199614047877,0.041421665146611705,0.05912010342260829,0.047006451513990716,0.020057276357437086,0.06881962807489118,0.054982006270585,0.09652115126036133,0.06151127075036326,0.0404267329306281,0.041185103159922375,0.10089242868958935,0.16102480370603056,0.05025023006497231,0.7620517601003244,0.06459432337732401,0.06500729248183712,0.03359575183044301,0.05547083907750161,0.07068398032360826,0.05535658388085486,0.04532717116102822,0.05589817062396742,0.022901634517943602,0.09114635225520272,0.06908965292682091,0.1546299678924876,0.028675457212570313,0.04039336376858157,0.07930238260672713,0.10461238537409195,0.019707465722186183,0.07380877850780648,0.040958083738344246,0.07538248952816264,0.2769006743210691,0.04232303405776512,0.12644334793907652,0.031481905072434146,0.035788020923726335,0.05739667939267139,0.07263962083341831,0.021088222430801856,0.08437853885477417,0.06676255214859322,0.06144459329429211,0.0426429467710279,0.042710477351030604,0.05789120734509849,0.03636297522464259,0.049409604151485265,0.07590268558877594,0.05833596067382069,0.02498105904734666,0.20324598138555755,0.11905851437180964,0.042853675787784505,0.06848601129649212,0.04137083122638189,0.07625891979892614,0.07419822565276028,0.1095129895709332,0.11073287989001722,0.05050875970113748,0.027698786791025706,0.08818668692185933,0.14539009738242717,0.07521779679832781,0.09459434922060073,0.03854537745477672,0.15225424094636805,0.06800791811256332,0.05543341470739371,0.03398565506990219,0.07392718386627954,0.06503589855252052,1.0000000000000038,0.028883586593647457,0.0659617853015865
https://ge.globo.com/futebol/times/corinthians/noticia/2026/09/10/garro-vira-lider-de-assistencias-na-libertadores-e-ganha-elogio-de-diniz-trabalho-muito-positivo.ghtml,0.11196500348674097,0.5210554399473929,0.10097984044049164,0.11242098176728284,0.09659018410596831,0.11309954524841616,0.11627134977469257,0.08171271150904802,0.23142354633845383,0.06130217694776559,0.14078365252567912,0.4784053694957863,0.09939109451516086,0.18171716738087668,0.1398289635141202,0.17728828418485684,0.21932877071788182,0.15718163951023245,0.03945291940464324,0.08188372500813208,0.08931733411766077,0.0808652667028663,0.35846243697634866,0.24887572982530706,0.12696090074117553,0.03171619712013585,0.08291291023092784,0.20968369850758686,0.09160228144000822,0.2231410820545443,0.17485651842639174,0.17934269699775687,0.052995759036863266,0.12966437375368206,0.3429195603348705,0.02962292422930954,0.1611649149123297,0.11056921760142778,0.1424982187833978,0.19262902737167126,0.3611745817426119,0.10710083209431245,0.04692788417522639,0.10840075871650856,0.1514830960272872,0.1356499080704746,0.17858852944017314,0.08781289245644494,0.030124710851887105,0.44813761563972654,0.15480931734097397,0.10925679383174411,0.1935775222228088,0.07689290509335256,0.08127529928706222,0.039889459910902425,0.058871646826282265,0.18323747486499045,0.04077258996031048,0.07362678915556731,0.45030643916336993,0.061396672796704334,0.13392358593894704,0.05492350363810898,0.08055922124440658,0.11592041601593547,0.07079676820129573,0.18696150413458726,0.09534675030260496,0.1412024815185153,0.10011781195888486,0.08272639669060983,0.19454789778416715,0.08199605946053484,0.12789380245332774,0.11060976262274848,0.12860607814182548,0.1177432936525645,0.04303513518540661,0.17486093575004774,0.05795411046358099,0.20294619803631586,0.07655324494833397,0.0963923637964913,0.13859544224776296,0.17757655781767775,0.092357692746074,0.0564466864638602,0.14263832207878144,0.1151848150349127,0.13194117582870823,0.03728772360376537,0.11433409714733168,0.07598647375067383,0.18545873235983265,0.05297414575740121,0.09679063880942701,0.028883586593647457,0.999999999999999,0.056834454640822686
https://ge.globo.com/futebol/futebol-internacional/noticia/2026/09/10/ex-holanda-deixa-o-futebol-por-problemas-de-saude-nao-posso-mais-suportar-esta-vida.ghtml,0.14751680250607435,0.026921728879130937,0.12395225439416711,0.08557903798505427,0.10477746448320016,0.04919747758699397,0.03442058725141734,0.10178633300633615,0.0625860788346011,0.07499812507030955,0.07702826443869773,0.03170316820900608,0.14591610494370263,0.10499737509843339,0.032751696735365037,0.09381257713888912,0.08139359878724518,0.03442058725141735,0.08580866147110336,0.08130383596126313,0.08566951805048638,0.13355812107799647,0.04171336914755671,0.09472673695541607,0.04437889245382501,0.13634004925584747,0.07982367605857497,0.1255540010726989,0.09271062448380882,0.10017579327786744,0.051525403992954466,0.06480490815499662,0.09077027712997951,0.15202386514841032,0.031241865156701944,0.048321585233775034,0.03228545662244314,0.055236172779738996,0.06851049530937085,0.05586148164673227,0.03603576522746603,0.13483665780164897,0.08372637438988884,0.10938524617367112,0.0454051135400183,0.07867562800323967,0.07724331784987475,0.08816815455072691,0.06592964884797864,0.031201741654943854,0.09451065372322043,0.10448273999077938,0.03683960473155109,0.13483665780164897,0.07888397534766864,0.10817653231935298,0.10083440250007238,0.04576923415452928,0.05013768397234316,0.02292850384222668,0.04146653604789816,0.12497183386474464,0.12160017451479997,0.0627147245589065,0.12445302566444116,0.05357606929197664,0.11452291504869362,0.06267393448983749,0.03629074856679811,0.04099141046669217,0.10814064498982465,0.06647299252412997,0.06927122650476181,0.08261265980150126,0.06113146938306068,0.08505945695460386,0.032633245364556265,0.05041720125003619,0.07758934951336692,0.06468053016409803,0.09099095599856857,0.07497318716434569,0.0676744037070881,0.07101044232075387,0.08583377252703897,0.08690007145497096,0.07770675891215063,0.17187727945734682,0.07834368806195156,0.05845531386409451,0.05895305412365706,0.07532890249133956,0.10915091817018079,0.16113611510444759,0.09625779118028577,0.07910078924814234,0.18420159709191056,0.0659617853015865,0.056834454640822686,1.0000000000000022
